164, 4, 2015-04-13, 2016-04-27
58, 5, 2023-04-05, 2023-05-28
140, 3, 2021-08-15, NULL
24, 7, 2017-08-10, 2018-04-26
144, 7, 2023-01-11, 2023-12-10
108, 8, 2020-01-14, 2020-11-11
2, 25, 2016-10-15, 2017-10-08
72, 5, 2017-05-31, 2018-10-04
27, 3, 2019-04-06, 2019-05-26
89, 20, 2017-12-19, NULL
118, 18, 2016-05-26, 2017-10-07
21, 18, 2018-04-15, 2019-06-14
93, 19, 2017-02-26, NULL
170, 8, 2018-03-31, 2018-05-11
26, 13, 2018-02-12, 2018-10-03
94, 6, 2019-02-25, 2019-08-26
69, 23, 2022-08-31, NULL
163, 6, 2020-12-27, 2022-01-05
119, 13, 2018-01-10, 2019-04-29
143, 8, 2022-09-05, 2023-02-19
199, 2, 2017-07-27, NULL
81, 13, 2018-01-01, 2018-02-04
146, 29, 2023-01-19, 2023-06-30
128, 13, 2022-03-18, 2022-11-08
36, 8, 2023-05-10, 2024-02-22
192, 19, 2019-10-21, 2021-01-23
93, 8, 2016-07-20, 2017-04-07
194, 2, 2016-03-25, 2016-06-12
175, 14, 2021-09-08, 2021-10-11
153, 15, 2020-12-07, 2021-04-15
3, 22, 2023-01-31, 2023-03-31
138, 25, 2017-12-28, 2019-01-26
29, 10, 2019-11-16, 2020-02-05
185, 29, 2023-01-26, 2023-06-10
196, 6, 2020-09-10, 2021-12-22
161, 10, 2022-03-02, 2022-11-17
40, 12, 2016-10-23, 2017-07-27
136, 30, 2015-01-03, 2015-11-06
5, 4, 2019-01-26, 2020-04-20
79, 8, 2015-08-26, 2015-12-28
21, 3, 2023-03-17, 2023-11-21
195, 18, 2016-05-30, 2016-08-04
141, 6, 2017-12-21, 2018-09-18
109, 7, 2021-01-17, 2022-02-08
52, 23, 2018-06-30, 2019-01-21
167, 12, 2019-11-30, 2021-03-05
31, 8, 2017-07-09, 2017-08-11
151, 18, 2017-07-31, 2018-05-29
19, 23, 2022-01-28, 2022-02-28
9, 28, 2018-09-15, 2018-10-22
72, 22, 2020-06-11, 2020-09-29
186, 30, 2021-05-27, 2022-03-19
122, 26, 2019-07-26, 2019-11-01
169, 14, 2018-12-22, 2019-07-27
187, 2, 2022-07-21, 2023-06-21
26, 2, 2019-07-08, 2020-07-15
28, 8, 2017-02-23, 2017-06-01
36, 14, 2017-01-21, 2017-06-13
20, 15, 2021-03-04, NULL
139, 27, 2015-03-02, 2016-07-11
193, 28, 2017-08-26, 2017-11-20
124, 7, 2019-07-01, NULL
98, 1, 2019-05-19, 2019-10-02
117, 10, 2019-09-29, 2020-09-20
143, 22, 2023-01-21, 2023-09-28
76, 7, 2015-08-28, 2016-06-20
16, 24, 2018-07-08, NULL
123, 17, 2020-12-15, NULL
131, 3, 2017-01-31, 2017-03-08
173, 28, 2017-08-21, 2018-03-16
146, 8, 2021-06-29, NULL
21, 14, 2022-05-16, 2023-03-11
81, 30, 2017-12-04, 2018-03-19
81, 8, 2017-12-23, 2018-07-14
166, 10, 2020-02-16, 2020-07-27
19, 1, 2020-02-21, 2021-01-05
26, 3, 2021-01-11, 2021-05-01
34, 30, 2018-11-30, NULL
63, 12, 2018-03-13, 2018-06-02
140, 23, 2018-05-24, 2019-04-03
168, 17, 2015-02-02, 2016-01-10
77, 30, 2022-06-10, 2022-08-03
35, 9, 2016-04-17, 2017-07-17
142, 5, 2018-01-20, 2018-06-14
184, 11, 2017-04-13, 2018-03-31
68, 17, 2020-06-24, 2020-10-31
14, 3, 2022-02-11, 2022-09-16
12, 1, 2018-09-28, 2019-10-28
68, 6, 2023-04-25, 2023-12-08
110, 18, 2015-02-09, NULL
177, 29, 2016-09-02, NULL
95, 19, 2021-03-13, 2021-05-28
11, 10, 2019-02-02, 2020-05-08
11, 29, 2019-01-05, 2019-04-23
171, 4, 2018-12-19, 2020-01-23
105, 20, 2023-05-28, 2023-08-16
61, 28, 2016-10-27, 2018-03-11
46, 29, 2019-08-16, 2019-08-29
86, 26, 2019-08-14, 2020-09-28
189, 26, 2017-10-13, 2018-02-27
180, 4, 2019-04-16, NULL
121, 8, 2017-03-28, 2018-05-21
90, 10, 2017-07-21, NULL
50, 13, 2018-09-06, 2019-01-27
198, 9, 2018-12-09, 2019-11-03
174, 27, 2021-01-05, 2021-06-24
30, 29, 2017-12-05, 2018-03-07
68, 2, 2016-03-20, 2017-01-20
187, 26, 2018-07-08, 2019-02-17
131, 4, 2019-04-27, 2020-07-31
66, 2, 2022-12-13, NULL
138, 22, 2023-01-25, 2024-05-21
172, 7, 2019-01-31, NULL
171, 30, 2018-09-14, 2019-07-31
32, 24, 2018-05-15, 2019-01-30
105, 11, 2019-07-07, 2020-06-28
33, 7, 2019-09-19, 2020-08-25
174, 24, 2016-12-13, 2017-10-25
104, 18, 2015-01-02, 2015-06-07
111, 26, 2021-07-03, 2022-05-10
120, 15, 2019-12-17, 2020-11-27
122, 26, 2023-04-03, 2023-06-29
73, 17, 2022-06-12, 2023-05-03
24, 27, 2017-08-20, 2018-07-31
51, 5, 2015-04-11, 2015-05-05
122, 20, 2015-10-26, 2016-06-16
162, 19, 2017-03-07, 2018-03-10
127, 13, 2017-09-26, 2017-12-11
2, 29, 2016-03-12, 2017-04-15
46, 26, 2022-10-21, 2023-07-14
143, 8, 2016-05-12, 2017-01-01
119, 22, 2020-12-15, 2021-09-28
194, 29, 2019-12-18, 2020-10-27
130, 14, 2021-02-22, 2021-10-09
191, 28, 2020-04-28, 2020-12-15
64, 27, 2022-02-24, 2022-07-16
134, 16, 2022-01-11, 2022-05-14
20, 23, 2018-03-16, 2018-07-15
82, 29, 2021-01-21, 2021-03-04
60, 13, 2022-10-13, 2022-12-31
17, 14, 2019-07-28, 2020-01-14
107, 2, 2017-04-27, 2018-06-28
198, 19, 2022-10-19, 2022-10-30
196, 19, 2019-04-08, NULL
91, 10, 2019-05-17, 2020-07-27
108, 18, 2023-05-20, 2024-05-31
155, 29, 2017-06-22, 2018-02-27
112, 16, 2015-04-29, 2015-11-15
174, 26, 2019-07-15, 2020-07-20
120, 30, 2016-06-06, 2017-04-21
101, 19, 2021-04-30, NULL
165, 14, 2016-07-09, 2017-09-26
13, 9, 2019-04-02, 2019-09-17
84, 11, 2019-04-02, 2019-08-23
108, 9, 2015-12-02, NULL
139, 2, 2018-12-04, 2019-03-29
200, 21, 2015-06-14, NULL
64, 7, 2015-03-25, 2016-02-07
33, 16, 2022-07-05, 2022-09-02
56, 15, 2022-11-05, 2023-03-17
43, 20, 2021-10-23, 2023-03-01
30, 25, 2016-11-01, 2018-03-10
149, 1, 2018-07-01, 2019-04-22
97, 13, 2023-01-07, NULL
177, 27, 2022-01-13, 2022-05-18
198, 10, 2022-09-03, 2023-07-08
145, 26, 2015-06-18, 2015-12-13
170, 12, 2015-10-10, 2016-06-26
4, 28, 2019-09-17, 2020-11-12
111, 12, 2022-02-16, 2023-05-19
182, 5, 2019-11-19, 2020-02-18
167, 9, 2021-11-27, 2023-01-15
199, 16, 2020-03-19, 2020-10-29
152, 9, 2018-08-13, 2019-10-24
23, 9, 2020-01-21, 2020-05-25
146, 20, 2022-06-29, 2023-01-10
127, 28, 2018-08-24, 2018-11-26
91, 26, 2017-11-24, 2018-05-18
153, 23, 2018-02-05, NULL
49, 3, 2017-09-15, 2018-09-19
143, 25, 2017-09-11, 2018-08-31
183, 16, 2020-01-10, NULL
76, 8, 2019-07-15, 2020-07-04
170, 19, 2019-02-20, 2019-10-21
89, 14, 2023-05-14, 2024-02-20
180, 15, 2018-01-14, 2018-06-20
31, 24, 2017-02-27, 2017-08-08
138, 25, 2022-09-27, 2022-12-31
190, 16, 2018-02-06, 2019-02-12
195, 17, 2021-09-10, 2022-02-02
50, 10, 2017-07-20, 2018-01-21
4, 23, 2020-12-27, 2021-03-02
14, 18, 2018-04-11, 2019-04-04
164, 28, 2020-07-03, 2020-08-25
147, 10, 2020-04-06, 2020-12-08
48, 2, 2017-10-31, 2019-02-25
30, 27, 2015-09-25, 2016-04-18
148, 21, 2022-09-12, 2022-10-10
145, 10, 2015-12-15, 2016-04-21
196, 14, 2021-10-19, 2022-08-21
58, 25, 2020-11-10, 2021-05-24
114, 10, 2021-08-07, 2022-03-15
159, 2, 2021-11-02, 2023-03-09
196, 7, 2022-01-06, 2022-04-25
21, 6, 2017-09-09, 2017-12-07
41, 1, 2019-08-01, 2020-03-19
121, 10, 2015-05-14, 2015-09-10
73, 23, 2020-02-03, 2020-03-11
68, 26, 2022-01-04, 2022-11-02
51, 14, 2016-04-15, 2017-01-19
39, 30, 2017-12-24, 2019-02-21
16, 6, 2018-06-13, 2019-04-14
146, 30, 2018-03-28, 2018-11-08
177, 10, 2022-11-06, 2023-06-01
129, 18, 2020-07-15, 2021-02-25
11, 29, 2019-11-05, 2020-11-16
65, 1, 2016-01-10, 2016-05-07
148, 19, 2015-03-26, 2016-04-21
69, 19, 2015-06-14, 2016-07-09
121, 17, 2022-04-22, 2022-12-05
47, 19, 2019-11-21, 2020-10-12
24, 16, 2018-11-26, 2019-06-24
172, 4, 2016-10-20, 2017-04-07
127, 10, 2022-06-06, 2023-10-03
195, 18, 2015-05-31, 2016-01-19
65, 11, 2016-04-19, 2017-08-29
132, 27, 2015-01-05, 2015-12-08
119, 14, 2015-08-11, 2015-11-16
160, 25, 2020-08-03, 2021-06-20
14, 7, 2017-12-29, 2018-10-07
74, 15, 2022-10-31, 2023-07-07
162, 20, 2017-09-07, 2018-09-06
142, 1, 2021-03-12, 2021-10-07
30, 15, 2016-04-26, 2017-03-24
128, 30, 2023-01-14, 2023-06-13
70, 14, 2020-05-30, 2021-01-27
142, 5, 2019-04-21, 2019-07-28
131, 24, 2016-07-13, NULL
198, 26, 2019-08-27, 2020-02-18
130, 9, 2015-01-11, 2015-06-05
151, 19, 2022-05-27, 2023-02-02
115, 18, 2020-06-06, 2020-11-30
196, 18, 2019-03-26, 2019-11-15
49, 23, 2017-09-05, 2018-06-25
199, 14, 2015-06-28, 2015-12-08
181, 30, 2019-04-11, 2019-10-26
167, 5, 2020-07-21, NULL
129, 19, 2018-09-21, 2019-12-11
113, 4, 2020-11-24, 2022-03-06
185, 5, 2019-08-07, 2020-10-26
40, 3, 2020-04-07, 2021-05-13
87, 20, 2022-10-08, 2023-04-30
85, 28, 2022-07-25, 2023-10-08
82, 21, 2023-01-22, 2024-04-21
139, 2, 2021-12-04, 2022-01-09
176, 30, 2018-03-23, 2018-07-18
112, 4, 2022-02-08, 2023-02-04
114, 6, 2022-10-13, 2023-03-16
12, 11, 2015-08-18, 2016-01-16
111, 5, 2017-09-27, 2018-06-26
175, 26, 2017-01-07, 2017-04-05
157, 28, 2019-04-16, 2020-02-28
128, 30, 2021-07-16, 2021-09-28
164, 9, 2020-02-26, 2020-07-06
120, 29, 2018-03-24, 2019-03-06
19, 15, 2018-11-16, 2019-09-13
109, 23, 2017-10-21, 2018-06-12
51, 13, 2020-06-02, 2020-07-27
147, 12, 2021-06-12, 2021-11-11
76, 1, 2022-05-20, 2022-12-09
145, 28, 2022-09-10, 2023-10-14
13, 30, 2021-10-19, 2022-11-05
74, 25, 2017-07-31, 2018-06-07
57, 21, 2017-02-17, 2018-01-01
194, 24, 2022-05-24, 2023-05-08
161, 4, 2022-01-14, NULL
113, 2, 2021-07-01, 2022-01-04
24, 30, 2018-04-23, 2018-10-08
45, 7, 2016-06-25, 2017-08-02
94, 17, 2020-08-17, 2021-11-28
43, 9, 2020-05-27, 2021-10-05
192, 28, 2018-10-19, 2019-12-05
20, 5, 2017-07-13, 2018-09-27
173, 13, 2021-04-01, 2021-10-06
102, 1, 2017-12-19, 2018-09-20
95, 22, 2023-05-26, 2024-05-05
98, 27, 2022-02-28, 2023-06-25
173, 8, 2020-04-15, 2020-04-28
144, 11, 2021-11-03, 2022-02-25
163, 27, 2020-03-16, 2021-06-25
167, 14, 2016-04-22, NULL
10, 10, 2020-07-10, 2020-09-08
138, 5, 2019-05-11, 2019-12-30
191, 23, 2021-01-21, 2021-08-24
187, 5, 2019-08-27, 2020-07-28
126, 20, 2019-07-30, 2020-11-22
9, 23, 2019-02-26, 2019-06-18
61, 28, 2019-01-25, 2019-03-17
95, 18, 2022-03-26, NULL
71, 7, 2016-05-15, 2017-09-13
117, 3, 2022-06-07, 2022-09-24
153, 1, 2015-07-27, 2016-09-02
33, 26, 2021-05-01, NULL
196, 18, 2017-04-28, 2018-02-23
60, 11, 2016-08-27, 2017-10-05
1, 9, 2016-08-15, 2016-10-21
45, 4, 2022-05-31, NULL
4, 12, 2017-09-01, 2018-06-30
45, 9, 2015-08-03, 2015-10-07
135, 4, 2023-05-13, 2023-06-15
200, 12, 2020-10-03, 2021-08-03
129, 8, 2021-11-24, 2021-12-17
169, 17, 2018-05-20, 2019-01-10
8, 2, 2020-05-15, 2021-07-23
176, 4, 2020-07-01, 2021-07-01
19, 29, 2015-11-27, 2016-05-10
17, 5, 2018-01-31, 2018-12-17
141, 23, 2018-08-24, 2019-03-08
136, 10, 2020-02-02, 2020-10-18
26, 26, 2022-11-14, 2023-01-12
167, 29, 2021-03-08, 2022-03-13
111, 15, 2017-07-24, 2018-02-21
117, 13, 2019-08-31, 2020-09-08
110, 11, 2022-06-17, 2022-10-26
40, 22, 2020-04-26, 2020-05-31
22, 3, 2019-11-04, 2019-12-24
96, 26, 2016-06-16, NULL
144, 18, 2018-09-12, 2019-08-22
91, 28, 2022-06-18, 2023-10-13
185, 2, 2018-03-24, 2019-01-26
27, 19, 2020-09-09, 2020-12-27
124, 8, 2016-03-19, 2016-09-15
95, 4, 2018-02-15, 2018-12-06
110, 28, 2021-04-16, 2022-08-28
160, 20, 2022-07-27, 2023-06-22
156, 30, 2022-05-18, 2023-07-17
8, 6, 2018-01-24, 2019-01-19
87, 12, 2015-01-26, 2015-04-29
145, 22, 2019-06-30, 2019-08-05
163, 1, 2016-01-11, 2017-01-28
97, 14, 2020-02-02, 2020-07-26
80, 24, 2018-08-21, 2019-09-23
153, 3, 2015-08-04, 2015-10-23
159, 2, 2022-07-23, 2022-09-03
170, 14, 2020-06-12, 2021-04-19
70, 7, 2020-09-29, 2020-11-27
29, 10, 2022-08-09, 2023-07-23
135, 22, 2018-06-17, 2018-07-11
154, 2, 2015-02-01, 2015-05-17
55, 25, 2016-07-16, 2017-08-12
84, 4, 2015-02-01, 2015-10-14
45, 5, 2019-04-07, 2020-01-05
129, 18, 2022-06-29, 2023-08-16
102, 28, 2023-04-28, 2023-05-20
118, 30, 2015-11-15, 2017-01-30
110, 19, 2019-07-15, 2020-07-13
75, 4, 2019-07-18, 2019-07-29
44, 26, 2021-12-06, 2022-07-30
93, 3, 2019-11-24, 2021-01-30
112, 19, 2019-06-29, NULL
80, 24, 2018-10-22, 2019-02-13
44, 3, 2020-09-21, 2021-08-12
131, 7, 2018-12-02, 2019-05-31
166, 27, 2016-08-27, 2016-12-26
66, 7, 2016-12-11, 2017-10-16
195, 21, 2015-11-05, 2016-02-04
161, 16, 2020-03-15, 2021-04-06
149, 15, 2022-08-21, 2023-12-08
165, 21, 2022-01-02, 2022-06-17
161, 11, 2016-09-10, NULL
114, 21, 2018-05-25, 2019-07-07
15, 12, 2020-09-09, 2020-10-17
116, 2, 2015-08-22, 2016-02-27
20, 21, 2016-01-05, 2016-11-15
99, 15, 2021-07-05, 2022-04-15
190, 29, 2015-06-18, 2016-02-04
147, 21, 2017-02-10, 2017-07-25
129, 5, 2015-09-11, 2016-04-29
88, 23, 2015-12-12, 2016-08-27
11, 8, 2022-12-08, 2023-07-21
135, 17, 2021-11-02, 2022-01-23
73, 13, 2019-08-02, 2020-09-02
154, 2, 2022-01-28, 2022-12-26
85, 4, 2021-04-04, 2022-03-18
65, 24, 2022-05-13, 2023-09-19
39, 11, 2015-11-30, 2016-09-24
90, 10, 2022-05-11, 2023-05-04
34, 20, 2022-12-13, 2024-04-07
144, 13, 2022-03-20, 2023-04-30
33, 22, 2022-11-18, 2024-01-17
176, 30, 2020-11-26, 2021-01-13
109, 17, 2019-01-22, 2019-02-01
47, 7, 2018-10-31, 2020-02-29
50, 8, 2016-07-17, NULL
26, 17, 2021-01-19, 2022-03-23
135, 2, 2022-06-04, 2022-11-24
159, 5, 2021-09-12, 2022-03-24
47, 27, 2022-10-08, 2023-11-07
43, 24, 2019-11-28, 2019-12-21
174, 24, 2017-08-30, 2019-01-09
73, 25, 2023-05-25, 2024-06-30
137, 8, 2018-06-21, 2019-10-29
121, 29, 2017-03-05, 2017-09-10
147, 15, 2020-03-06, 2021-04-04
98, 17, 2020-11-30, 2021-07-03
52, 26, 2021-10-12, 2021-12-22
14, 21, 2020-05-22, 2021-08-13
27, 23, 2020-10-14, 2021-12-24
22, 25, 2016-10-18, 2017-03-07
132, 5, 2019-11-27, 2020-01-13
57, 27, 2020-01-22, 2021-04-19
7, 14, 2015-08-07, 2016-02-26
61, 13, 2015-12-01, 2016-06-10
82, 30, 2016-02-10, 2017-04-15
86, 26, 2016-08-21, NULL
121, 23, 2016-07-22, 2017-08-15
115, 20, 2015-01-22, NULL
66, 7, 2016-09-04, 2017-06-12
156, 17, 2019-09-30, 2019-11-26
61, 10, 2016-05-14, 2016-06-08
164, 26, 2021-12-26, NULL
128, 20, 2021-01-04, 2021-01-13
148, 8, 2023-01-22, 2023-04-06
1, 20, 2018-12-16, 2019-04-19
48, 22, 2022-06-30, 2022-08-13
93, 3, 2020-11-24, 2021-08-30
130, 18, 2015-03-25, 2015-10-11
12, 21, 2019-05-04, 2019-11-12
5, 12, 2015-10-04, 2016-03-29
169, 21, 2016-02-29, 2017-03-31
194, 11, 2016-06-30, 2016-07-23
87, 27, 2022-03-17, 2022-06-15
176, 15, 2022-10-19, 2023-06-22
35, 3, 2023-01-11, 2024-02-13
10, 10, 2017-04-05, 2017-04-28
11, 11, 2018-06-24, 2019-03-15
140, 16, 2017-11-03, 2017-11-22
49, 10, 2019-01-02, 2020-03-19
168, 11, 2018-01-24, 2018-03-29
112, 29, 2019-06-27, 2020-07-12
99, 11, 2017-02-04, 2017-10-17
95, 30, 2020-10-27, 2021-03-13
187, 14, 2015-11-20, 2016-06-28
47, 18, 2018-04-18, 2018-09-30
84, 22, 2018-04-25, 2018-09-29
184, 14, 2016-11-13, 2017-11-02
115, 2, 2023-02-25, 2024-05-16
158, 14, 2018-01-29, 2018-12-23
15, 3, 2022-07-12, 2023-06-04
132, 26, 2023-05-30, 2024-05-12
8, 5, 2021-10-24, 2022-10-07
9, 5, 2015-10-03, 2016-02-01
94, 12, 2019-04-18, 2020-08-17
155, 5, 2022-08-13, 2023-04-01
96, 15, 2015-11-11, 2016-08-31
94, 13, 2018-07-11, 2019-06-09
30, 1, 2023-04-02, 2023-07-07
100, 30, 2021-04-19, 2021-06-19
67, 23, 2020-01-02, 2020-04-21
74, 23, 2020-07-04, 2020-10-15
19, 15, 2016-12-08, 2018-03-14
23, 26, 2022-08-25, 2024-01-03
82, 22, 2018-11-24, NULL
139, 10, 2018-05-13, 2019-07-23
182, 30, 2022-11-08, 2023-10-01
93, 17, 2017-07-07, 2017-09-08
36, 8, 2020-07-16, 2020-07-30
147, 12, 2020-03-29, 2021-05-15
34, 20, 2015-12-20, 2016-01-23
184, 24, 2020-05-14, 2021-02-08
105, 27, 2021-06-12, 2021-07-20
82, 21, 2015-10-31, 2016-06-18
133, 12, 2016-06-09, 2017-09-02
142, 21, 2021-08-04, 2021-11-06
34, 14, 2020-08-21, 2021-12-01
32, 17, 2016-09-18, 2017-02-21
83, 30, 2022-12-15, 2023-04-10
133, 29, 2018-03-09, NULL
51, 21, 2021-03-06, 2021-07-25
78, 20, 2020-12-25, 2021-02-11
44, 19, 2021-07-06, 2021-09-23
160, 24, 2021-10-14, 2022-04-05
145, 2, 2015-04-27, NULL
165, 25, 2021-06-20, 2021-11-03
197, 19, 2019-09-03, 2020-07-16
128, 29, 2022-01-12, 2022-10-19
78, 16, 2017-09-30, 2018-11-17
104, 10, 2020-02-01, 2020-03-10
41, 15, 2019-08-30, 2020-05-04
88, 20, 2016-08-11, 2017-01-19
82, 24, 2018-11-15, 2020-03-29
195, 12, 2020-10-10, 2021-07-25
62, 15, 2016-05-16, 2016-09-30
37, 4, 2015-07-27, 2015-12-23
158, 14, 2017-10-13, 2019-02-18
41, 27, 2018-09-03, 2019-12-26
81, 7, 2016-10-14, 2017-06-27
120, 16, 2018-06-17, NULL
101, 17, 2020-02-16, 2021-06-25
150, 12, 2015-07-19, 2015-08-14
153, 29, 2022-05-03, 2023-04-13
138, 1, 2016-03-16, 2016-10-23
68, 24, 2019-02-07, 2020-03-05
12, 13, 2015-07-29, 2016-05-16
93, 18, 2018-03-28, 2018-05-05
116, 25, 2021-03-02, 2021-07-24
160, 22, 2021-11-07, 2022-01-07
25, 13, 2019-03-09, 2020-04-19
143, 12, 2016-08-13, 2016-11-23
103, 17, 2015-06-14, NULL
183, 11, 2020-04-24, 2021-01-15
156, 29, 2020-10-12, 2020-12-23
157, 11, 2016-10-27, 2017-05-17
190, 27, 2018-05-10, 2019-03-10
131, 18, 2020-06-29, 2021-06-27
122, 27, 2015-03-10, 2015-09-15
29, 14, 2021-07-18, 2021-12-23
186, 28, 2022-09-19, NULL
122, 9, 2022-05-09, 2023-06-14
149, 19, 2017-07-21, NULL
123, 6, 2020-11-17, 2021-10-06
199, 27, 2019-04-07, 2019-06-22
63, 2, 2021-06-03, 2022-10-02
49, 1, 2019-12-12, 2020-05-21
106, 23, 2017-04-15, 2017-11-12
157, 30, 2020-04-15, 2021-07-06
187, 2, 2022-11-30, 2023-02-09
144, 11, 2022-06-05, 2023-02-05
81, 6, 2020-02-26, 2021-06-08
140, 12, 2022-07-31, 2023-08-31
175, 21, 2022-10-10, 2023-02-23
50, 8, 2018-02-16, 2018-11-29
77, 25, 2018-03-29, 2019-03-25
181, 16, 2018-07-22, 2019-03-25
185, 9, 2018-03-24, 2018-05-26
140, 13, 2019-06-05, 2020-07-29
198, 26, 2016-08-22, NULL
183, 3, 2018-11-19, 2020-03-07
66, 24, 2020-05-16, 2020-09-03
138, 9, 2021-04-21, 2022-04-13
28, 20, 2023-04-23, 2024-02-18
13, 22, 2020-12-15, 2021-04-10
14, 4, 2019-08-20, 2020-02-06
26, 22, 2016-07-17, 2016-07-20
41, 14, 2022-04-28, 2023-08-20
122, 16, 2022-04-18, 2022-07-30
74, 11, 2018-03-15, NULL
197, 3, 2022-04-25, 2023-02-13
190, 24, 2015-06-02, 2016-09-12
107, 29, 2016-12-21, 2018-04-14
102, 26, 2020-07-22, 2020-10-26
75, 29, 2015-06-03, 2015-06-08
155, 4, 2018-10-04, 2019-02-27
165, 18, 2020-11-17, 2021-07-28
35, 28, 2020-08-27, 2021-04-24
29, 11, 2016-10-27, 2017-11-06
66, 23, 2017-02-01, 2017-02-09
76, 19, 2022-07-25, 2023-08-17
157, 28, 2022-03-01, 2023-06-04
110, 17, 2018-09-05, 2018-10-20
25, 6, 2016-07-29, 2017-03-31
64, 1, 2017-12-04, 2018-06-19
193, 9, 2018-09-12, 2019-02-14
147, 1, 2017-12-07, 2018-11-07
61, 2, 2022-06-28, 2022-08-28
41, 13, 2022-09-11, 2023-05-27
181, 25, 2018-06-27, 2019-06-16
76, 12, 2021-11-22, 2022-03-16
35, 16, 2016-09-19, 2017-05-10
156, 12, 2019-08-31, 2020-08-25
121, 25, 2021-01-10, 2022-02-25
56, 25, 2017-10-10, 2018-09-24
21, 17, 2020-01-04, 2020-10-01
20, 30, 2021-04-29, NULL
141, 29, 2020-09-01, 2020-12-14
39, 6, 2018-09-05, 2019-11-17
30, 22, 2017-04-21, 2018-04-24
24, 29, 2020-09-21, 2021-05-08
117, 5, 2020-10-03, 2021-05-04
15, 18, 2020-03-08, 2021-02-16
186, 1, 2019-06-10, 2019-10-19
191, 7, 2021-06-26, NULL
89, 23, 2015-09-19, 2016-06-23
18, 30, 2020-04-17, 2020-05-04
47, 25, 2016-07-08, 2017-08-05
187, 21, 2019-09-18, 2020-03-28
98, 15, 2019-03-27, 2019-10-06
170, 28, 2021-01-17, 2021-03-27
90, 4, 2017-01-01, 2017-10-04
33, 24, 2017-07-01, NULL
6, 10, 2020-03-11, 2021-02-19
109, 18, 2019-04-03, 2020-05-29
118, 12, 2016-09-27, 2017-02-16
186, 25, 2016-04-07, 2016-04-24
108, 20, 2015-03-06, 2015-07-08
26, 20, 2015-05-18, 2016-01-02
181, 28, 2015-07-19, 2015-11-22
103, 15, 2017-08-17, 2018-05-21
199, 2, 2016-07-27, 2017-04-11
60, 27, 2023-03-16, 2024-01-05
154, 25, 2022-07-17, 2023-09-10
78, 29, 2016-08-09, 2017-07-14
106, 10, 2018-02-01, 2018-03-05
152, 29, 2023-03-31, 2024-07-10
174, 14, 2021-03-26, NULL
89, 21, 2022-07-12, 2023-01-24
82, 23, 2019-09-02, 2020-03-30
97, 6, 2021-01-12, 2021-09-12
58, 10, 2022-12-08, 2023-02-20
15, 18, 2019-08-18, 2020-12-26
136, 5, 2019-05-10, 2019-09-12
85, 21, 2015-11-20, 2017-03-07
95, 3, 2021-01-02, 2022-01-08
14, 9, 2019-03-25, 2020-03-04
11, 28, 2015-10-26, 2016-01-31
151, 24, 2022-07-13, 2023-04-26
54, 28, 2018-09-25, 2019-02-28
4, 7, 2017-02-17, 2018-06-25
192, 25, 2020-05-15, 2021-08-27
155, 23, 2017-04-17, 2017-11-07
142, 11, 2018-03-05, 2018-09-16
167, 12, 2018-06-17, 2018-10-29
128, 15, 2016-02-08, 2017-03-26
121, 25, 2018-08-04, 2019-11-16
81, 14, 2015-07-07, 2016-04-21
190, 5, 2015-03-08, 2015-07-20
150, 19, 2023-01-28, 2023-08-30
51, 11, 2017-07-31, 2018-02-11
63, 16, 2021-03-05, 2022-02-04
87, 9, 2020-06-24, 2021-11-01
190, 16, 2020-03-02, 2020-05-28
91, 6, 2016-07-27, 2017-07-31
48, 30, 2021-01-29, 2021-12-24
135, 2, 2015-11-01, 2017-02-27
13, 25, 2015-01-27, 2015-08-27
162, 8, 2015-10-06, 2016-10-03
56, 17, 2020-02-11, NULL
164, 22, 2021-11-30, 2023-03-13
125, 1, 2015-01-28, 2015-10-28
4, 1, 2020-12-08, 2021-12-13
74, 1, 2020-08-19, 2021-10-10
111, 26, 2017-01-04, 2017-02-28
135, 5, 2017-09-14, 2017-12-22
65, 27, 2018-12-22, 2019-05-08
21, 12, 2019-07-22, 2020-03-14
179, 8, 2018-05-13, 2019-04-29
21, 21, 2022-04-15, NULL
104, 13, 2019-03-25, 2020-01-02
164, 1, 2022-11-18, 2023-02-14
112, 21, 2018-09-18, 2019-07-05
25, 29, 2020-12-03, NULL
55, 29, 2022-10-06, 2024-01-04
70, 2, 2015-11-01, 2016-10-17
140, 19, 2022-05-19, 2022-06-05
81, 1, 2017-04-28, 2018-02-23
183, 27, 2019-06-20, NULL
42, 19, 2017-09-11, 2018-06-29
100, 22, 2021-01-23, 2021-07-12
190, 5, 2022-09-24, NULL
191, 12, 2015-08-08, 2015-09-28
20, 11, 2021-10-14, 2022-11-12
153, 13, 2018-08-29, 2018-09-14
116, 16, 2017-07-23, 2018-01-22
97, 14, 2017-01-30, 2018-01-14
98, 3, 2021-12-08, 2022-05-09
183, 3, 2015-12-03, 2016-04-19
183, 26, 2022-02-09, 2022-04-29
82, 12, 2016-03-12, NULL
79, 15, 2019-01-14, 2020-02-08
34, 3, 2017-02-06, 2017-09-15
143, 17, 2019-07-30, NULL
91, 18, 2016-01-17, 2016-11-18
84, 28, 2019-04-27, 2019-05-04
100, 25, 2015-12-13, 2016-12-19
63, 19, 2020-11-04, 2021-01-30
44, 5, 2018-01-06, 2018-06-10
38, 3, 2016-11-15, 2017-06-26
77, 16, 2015-11-12, 2016-05-15
64, 24, 2022-01-04, 2022-09-15
51, 15, 2016-03-14, 2016-05-23
102, 11, 2021-12-15, 2022-06-28
85, 15, 2018-10-03, 2019-05-12
167, 20, 2016-07-11, 2016-12-12
178, 7, 2020-05-16, 2020-10-24
102, 11, 2018-04-08, 2019-04-20
126, 19, 2017-09-19, 2018-03-05
101, 12, 2016-04-11, 2017-08-02
152, 18, 2017-01-06, 2017-12-22
7, 24, 2020-03-05, 2021-07-01
113, 26, 2018-04-08, 2019-06-08
105, 22, 2020-08-07, 2020-10-18
62, 9, 2022-05-21, 2022-08-08
97, 3, 2020-01-14, 2020-11-16
103, 18, 2020-09-06, 2021-12-23
178, 14, 2021-02-04, 2021-02-23
93, 23, 2021-01-08, 2021-11-09
22, 4, 2017-10-13, 2018-09-15
43, 21, 2021-11-14, 2021-12-07
166, 22, 2022-04-03, 2022-10-25
85, 26, 2019-10-30, NULL
67, 8, 2020-09-22, 2021-10-10
149, 23, 2021-06-14, 2021-10-06
101, 15, 2022-08-15, 2023-06-13
39, 12, 2015-04-11, 2015-12-15
107, 30, 2015-12-18, 2016-02-16
187, 5, 2018-11-27, 2019-05-06
53, 17, 2020-06-01, 2020-11-27
113, 24, 2022-10-24, 2023-06-13
77, 2, 2022-12-21, NULL
88, 21, 2016-03-23, 2017-03-05
190, 8, 2020-10-14, 2021-01-12
85, 18, 2019-10-13, 2021-02-15
104, 21, 2017-01-25, 2017-05-01
111, 13, 2015-04-30, 2016-05-12
51, 15, 2021-08-22, 2022-03-30
181, 7, 2017-04-22, 2017-09-12
17, 19, 2016-02-21, 2017-04-06
48, 12, 2018-08-28, 2018-12-07
68, 22, 2020-06-27, 2021-03-25
81, 20, 2019-05-11, 2020-03-19
30, 12, 2018-12-12, 2020-02-18
45, 27, 2022-07-22, 2023-07-19
158, 19, 2015-12-14, 2016-11-23
31, 8, 2018-06-04, 2018-08-03
178, 5, 2020-09-23, 2021-04-10
36, 19, 2019-04-21, 2019-11-24
163, 18, 2022-10-11, 2024-01-25
45, 18, 2016-11-14, 2017-07-23
48, 11, 2020-01-22, NULL
92, 1, 2020-06-07, 2020-08-16
99, 18, 2020-09-01, 2021-08-02
176, 16, 2019-08-30, 2020-08-28
126, 6, 2015-12-05, NULL
195, 8, 2018-04-11, 2018-04-28
138, 10, 2016-11-19, 2017-12-24
191, 25, 2020-07-21, 2021-04-29
147, 4, 2018-01-02, 2019-02-03
94, 18, 2015-06-20, 2016-07-14
140, 7, 2019-10-08, 2019-11-30
168, 25, 2017-10-10, 2018-03-12
9, 15, 2017-12-12, 2018-06-09
23, 15, 2016-04-25, 2017-05-28
54, 26, 2023-04-10, 2024-02-06
182, 20, 2022-02-04, 2022-09-12
36, 26, 2017-04-26, 2018-06-17
16, 19, 2018-12-07, 2019-09-06
138, 6, 2018-08-18, 2019-08-14
147, 9, 2020-10-08, 2022-01-12
25, 5, 2023-05-31, 2024-07-07
16, 9, 2022-05-10, 2022-07-14
34, 8, 2016-08-22, 2017-08-22
64, 25, 2022-08-01, 2023-02-19
148, 21, 2018-01-05, 2018-11-23
116, 3, 2022-02-08, 2023-03-22
24, 13, 2020-10-12, 2021-10-31
95, 15, 2020-06-22, 2020-12-07
199, 28, 2023-03-21, 2023-05-08
118, 21, 2022-06-13, 2023-06-06
17, 26, 2020-12-29, 2021-07-21
110, 27, 2017-05-17, 2018-01-26
73, 11, 2021-02-19, 2021-12-12
125, 26, 2018-11-08, 2020-02-09
13, 2, 2016-02-12, 2016-12-29
118, 1, 2016-05-23, 2017-09-11
113, 15, 2015-01-03, 2016-05-08
177, 30, 2016-06-24, 2017-09-19
41, 28, 2018-01-27, 2018-03-16
65, 3, 2019-03-04, 2020-02-08
43, 2, 2019-06-12, 2020-04-28
180, 25, 2017-08-17, 2018-03-25
181, 4, 2015-01-05, 2015-04-25
34, 19, 2017-07-15, 2018-04-07
3, 1, 2022-10-20, 2023-04-14
109, 23, 2016-06-25, NULL
99, 3, 2023-03-13, 2024-04-29
81, 12, 2018-05-10, 2018-07-20
193, 28, 2016-06-29, 2017-05-24
37, 3, 2020-12-12, NULL
167, 6, 2019-12-08, 2020-06-05
161, 24, 2016-09-12, 2017-12-27
176, 15, 2017-06-08, 2017-07-23
36, 25, 2016-05-19, 2017-03-17
90, 14, 2018-07-12, 2019-08-22
71, 21, 2015-12-12, 2016-04-18
154, 24, 2021-10-24, 2022-03-19
177, 1, 2022-05-20, 2023-08-12
133, 20, 2020-09-18, 2020-12-24
76, 21, 2015-08-12, 2016-09-17
62, 16, 2019-04-30, 2019-06-27
164, 20, 2015-10-18, 2016-07-15
4, 12, 2018-07-20, 2018-09-26
146, 14, 2019-02-05, 2019-11-12
196, 16, 2015-10-26, 2015-11-04
4, 9, 2017-06-02, 2017-06-23
102, 17, 2018-03-19, 2019-02-04
197, 14, 2019-10-01, 2020-09-25
164, 18, 2021-01-11, 2021-11-23
22, 10, 2015-11-20, 2016-08-08
40, 18, 2018-08-31, 2019-03-20
196, 27, 2022-04-15, 2023-03-30
80, 23, 2019-11-27, 2020-12-05
62, 2, 2017-09-28, 2017-11-12
30, 15, 2021-11-12, NULL
171, 24, 2022-05-19, 2023-06-03
4, 23, 2016-07-16, NULL
128, 12, 2020-11-12, 2021-08-04
185, 9, 2016-11-14, 2017-05-24
200, 28, 2018-01-05, 2019-01-16
198, 29, 2015-05-01, 2015-10-20
70, 17, 2015-09-19, 2016-02-01
148, 21, 2015-11-12, 2016-07-24
93, 2, 2020-08-08, 2021-10-22
95, 6, 2017-11-10, 2018-12-11
147, 22, 2023-02-08, 2023-04-09
131, 1, 2015-06-30, 2016-09-12
63, 2, 2020-04-16, 2020-10-20
39, 6, 2015-05-25, 2016-03-04
183, 24, 2022-05-09, 2022-12-10
64, 14, 2023-01-29, 2023-07-12
20, 19, 2019-03-08, 2019-05-09
14, 6, 2017-07-03, 2018-08-19
12, 13, 2015-10-10, 2017-01-02
73, 25, 2018-06-26, 2018-12-11
117, 1, 2019-02-20, 2019-06-03
78, 24, 2021-12-25, 2022-04-29
152, 16, 2017-03-11, 2018-03-22
195, 26, 2017-10-01, NULL
105, 1, 2017-08-12, 2018-05-17
178, 29, 2015-02-09, 2016-06-10
195, 22, 2019-03-22, 2020-05-30
79, 4, 2017-04-20, 2018-01-17
108, 16, 2015-09-03, 2017-01-13
183, 9, 2016-01-17, 2016-02-09
134, 14, 2022-11-10, 2024-02-12
192, 3, 2021-07-06, 2021-08-24
164, 27, 2019-06-04, 2019-07-13
16, 14, 2022-06-06, 2023-10-13
75, 9, 2018-07-14, 2019-11-01
180, 27, 2023-04-01, 2023-09-16
70, 8, 2015-11-02, 2017-02-28
200, 25, 2021-07-22, 2021-09-16
43, 15, 2020-03-23, 2020-08-31
138, 12, 2017-04-30, 2017-12-18
68, 28, 2016-05-06, 2016-06-22
176, 10, 2022-11-26, 2023-11-18
56, 27, 2018-09-04, 2018-11-19
64, 12, 2019-06-12, NULL
77, 9, 2016-12-13, 2016-12-29
116, 18, 2023-05-23, 2024-02-29
119, 4, 2016-07-26, NULL
200, 8, 2016-06-19, 2016-09-29
96, 22, 2022-01-25, 2023-05-21
150, 19, 2017-11-26, 2019-03-11
6, 3, 2017-03-20, 2018-06-26
33, 3, 2018-09-20, NULL
119, 2, 2016-11-19, 2018-03-08
186, 13, 2020-07-25, 2020-08-10
110, 6, 2018-12-20, 2019-04-09
71, 9, 2020-01-01, 2021-03-29
158, 20, 2021-12-02, 2022-04-07
128, 14, 2021-03-05, NULL
72, 13, 2016-07-16, 2017-02-16
135, 8, 2022-01-27, 2023-03-14
5, 13, 2022-12-31, 2023-07-03
125, 12, 2021-05-05, 2022-01-18
70, 6, 2015-04-17, 2015-09-28
8, 29, 2018-02-24, 2018-03-26
121, 17, 2019-01-04, 2020-02-01
60, 6, 2016-02-15, 2016-06-21
69, 18, 2023-04-07, 2023-05-06
57, 19, 2019-05-10, 2019-11-08
45, 6, 2017-08-26, 2018-06-26
189, 23, 2019-01-09, 2020-04-21
181, 23, 2018-12-11, 2020-04-10
37, 19, 2017-02-10, 2018-04-15
127, 18, 2018-06-19, 2018-09-17
24, 2, 2017-08-10, 2018-06-15
135, 16, 2015-01-03, 2015-06-22
52, 26, 2016-06-18, 2016-12-10
83, 2, 2015-03-31, 2015-06-15
37, 25, 2016-03-30, 2017-06-07
94, 3, 2019-03-11, 2020-03-06
102, 19, 2016-02-18, 2016-08-09
35, 6, 2023-03-19, 2024-07-17
164, 16, 2022-04-13, 2022-09-23
144, 23, 2021-11-18, 2022-12-26
171, 19, 2016-12-19, 2017-07-01
177, 10, 2016-06-05, 2016-09-04
180, 19, 2019-05-23, 2020-08-01
146, 2, 2017-01-15, 2017-11-20
157, 8, 2022-03-04, 2022-12-19
128, 5, 2018-09-18, NULL
89, 11, 2016-11-18, 2017-10-10
23, 27, 2022-12-13, 2023-11-22
86, 15, 2015-02-16, 2015-07-02
178, 3, 2018-12-06, 2019-04-17
185, 1, 2015-07-17, 2016-01-31
108, 6, 2019-08-23, 2020-05-02
90, 18, 2019-03-18, 2019-05-09
148, 21, 2022-09-15, 2023-01-09
19, 26, 2015-05-17, NULL
67, 4, 2015-10-31, 2016-04-24
97, 6, 2023-03-18, 2023-04-26
24, 11, 2021-08-30, 2022-07-11
181, 1, 2019-11-02, 2021-02-27
156, 29, 2019-11-14, NULL
85, 7, 2017-02-17, 2017-09-15
185, 30, 2023-03-09, 2023-12-11
73, 10, 2017-08-30, NULL
147, 18, 2020-07-03, NULL
1, 14, 2015-12-25, 2016-05-24
161, 20, 2020-05-21, 2020-09-01
53, 6, 2022-02-27, 2022-07-27
122, 28, 2016-04-18, 2016-09-23
121, 16, 2022-05-31, 2022-10-14
140, 13, 2017-01-27, 2017-08-05
95, 6, 2019-12-31, 2020-01-23
120, 9, 2017-07-15, 2018-09-17
16, 5, 2022-10-23, 2023-09-30
172, 12, 2021-01-26, 2021-08-26
151, 8, 2021-03-17, 2021-04-18
134, 14, 2021-01-02, 2021-12-20
122, 19, 2017-08-23, 2018-04-24
102, 29, 2023-01-04, 2023-01-22
133, 26, 2021-05-29, 2022-05-11
38, 4, 2020-01-14, 2020-04-12
43, 7, 2017-02-28, NULL
21, 22, 2019-11-19, 2020-03-02
161, 5, 2021-09-03, 2022-01-14
187, 30, 2015-10-02, 2015-11-16
102, 18, 2018-08-28, 2019-11-10
118, 30, 2015-02-20, 2016-03-29
151, 17, 2019-09-15, 2019-11-12
38, 19, 2021-08-05, 2022-05-31
26, 30, 2016-03-08, 2016-12-22
74, 28, 2021-01-02, 2022-03-29
106, 9, 2019-04-18, 2020-03-19
156, 16, 2015-06-03, 2015-08-31
37, 20, 2021-10-29, 2022-10-13
10, 13, 2018-09-19, 2019-09-08
191, 16, 2018-01-05, 2019-04-10
87, 27, 2018-05-26, 2018-11-02
126, 28, 2022-10-22, 2023-10-08
59, 5, 2018-05-15, 2019-09-26
199, 27, 2018-08-07, 2018-12-23
155, 21, 2016-01-01, 2016-04-07
105, 24, 2020-06-07, 2021-07-01
96, 27, 2015-08-19, 2016-05-09
17, 10, 2022-12-16, 2023-09-02
200, 28, 2020-11-17, 2022-02-11
45, 7, 2017-04-02, NULL
9, 15, 2015-07-27, 2016-11-09
51, 9, 2019-02-17, 2020-04-14
102, 21, 2016-05-22, NULL
96, 16, 2021-08-30, 2022-04-16
122, 19, 2021-03-08, 2021-09-04
67, 24, 2022-09-22, 2022-11-08
99, 2, 2016-10-29, 2018-01-10
55, 28, 2017-06-25, 2018-05-23
53, 9, 2022-04-22, 2022-11-18
200, 25, 2022-08-26, 2022-08-31
34, 21, 2016-12-10, 2017-10-14
58, 9, 2021-10-27, 2022-12-14
183, 23, 2022-03-17, 2022-08-05
97, 28, 2018-11-29, 2019-07-23
120, 10, 2022-08-05, 2023-04-29
102, 19, 2016-02-24, 2016-02-28
170, 27, 2019-03-13, 2019-12-26
156, 10, 2018-05-07, 2019-04-23
17, 11, 2018-02-06, 2018-12-31
71, 9, 2022-05-11, 2023-05-11
167, 10, 2017-02-10, 2017-04-28
62, 29, 2015-08-21, 2016-10-07
154, 13, 2022-05-29, 2022-11-09
185, 1, 2022-05-08, 2023-01-18
67, 30, 2019-09-11, 2020-04-06
10, 19, 2022-12-10, 2023-09-29
88, 24, 2022-12-31, 2023-04-24
164, 26, 2020-05-02, 2021-08-10
92, 17, 2018-05-14, 2019-07-21
169, 29, 2021-04-05, 2021-07-07
121, 5, 2023-04-23, 2023-09-03
144, 25, 2017-01-19, 2018-05-19
86, 21, 2016-01-01, 2016-04-24
191, 28, 2018-06-11, 2019-01-13
85, 12, 2017-12-03, 2018-09-29
31, 16, 2015-08-08, 2016-10-25
149, 20, 2015-10-19, 2016-06-17
129, 4, 2022-08-20, 2023-03-04
106, 2, 2016-09-09, 2016-11-19
88, 14, 2021-05-21, 2022-08-22
118, 5, 2018-07-19, 2019-10-04
200, 3, 2020-06-20, 2020-12-08
46, 11, 2022-02-11, NULL
71, 7, 2016-11-21, 2017-09-13
126, 26, 2015-12-27, 2016-03-03
163, 14, 2019-07-11, 2020-02-16
99, 1, 2015-06-04, 2016-03-04
96, 1, 2018-08-12, 2019-09-04
49, 1, 2022-08-03, 2022-08-06
64, 8, 2022-10-11, 2024-01-04
34, 4, 2019-04-21, 2020-01-04
43, 3, 2015-07-07, 2015-12-07
117, 24, 2020-11-01, 2021-09-03
112, 29, 2022-09-14, 2022-11-22
126, 12, 2023-05-31, 2023-09-05
104, 1, 2017-07-24, 2017-11-16
34, 7, 2023-03-26, 2023-04-07
44, 4, 2019-02-10, 2020-02-10
10, 13, 2022-03-07, 2022-07-16
160, 2, 2021-08-29, 2021-09-23
168, 27, 2015-03-22, 2015-04-16
107, 15, 2019-04-07, 2019-06-10
122, 23, 2016-09-19, 2017-01-03
162, 1, 2018-05-18, 2018-12-20
170, 17, 2018-01-10, 2018-11-25
36, 14, 2016-03-05, 2016-11-22
31, 10, 2016-04-11, 2017-05-18
51, 20, 2017-03-29, 2018-05-02
134, 7, 2019-01-06, 2020-01-02
42, 2, 2021-02-23, 2021-11-05
177, 30, 2020-05-22, 2020-11-08
4, 22, 2015-12-31, 2017-04-09
147, 22, 2020-07-16, 2020-10-01
200, 17, 2015-11-04, 2016-11-09
66, 21, 2017-08-04, 2018-03-26
76, 9, 2020-03-16, 2020-04-11
45, 28, 2015-06-11, 2016-08-21
174, 11, 2019-10-11, 2020-10-24
195, 29, 2015-07-07, 2015-07-12
170, 21, 2016-11-29, 2017-05-17
113, 20, 2018-01-03, 2019-03-29
96, 27, 2018-11-04, 2019-02-06
103, 15, 2018-01-18, 2019-03-22
123, 26, 2019-09-24, 2020-08-22
43, 4, 2016-06-26, 2017-06-18
41, 4, 2019-09-01, 2020-12-11
146, 22, 2019-11-30, 2020-03-02
200, 12, 2021-11-09, 2021-11-24
187, 29, 2016-06-19, 2017-02-22
29, 29, 2019-08-12, NULL
67, 21, 2018-07-11, 2018-07-18
174, 17, 2023-05-04, 2024-02-24
58, 22, 2018-10-17, 2019-07-10
180, 20, 2016-01-26, 2016-09-04
64, 16, 2018-11-17, 2019-10-23
99, 5, 2021-04-05, 2022-07-06
14, 1, 2022-03-20, 2023-07-12
121, 28, 2020-07-23, 2021-10-12
193, 16, 2018-08-06, 2018-12-08
72, 2, 2020-09-07, 2020-12-31
97, 13, 2017-08-20, 2017-09-30
147, 15, 2015-12-27, 2017-03-10
81, 4, 2020-07-30, 2021-08-16
27, 13, 2019-08-16, 2019-09-04
1, 27, 2016-01-08, 2017-02-17
159, 21, 2018-06-01, 2019-08-31
53, 21, 2022-07-13, 2023-03-04
94, 27, 2015-08-11, 2016-10-03
117, 11, 2021-04-13, 2022-05-11
122, 23, 2022-05-15, 2022-11-18
30, 4, 2022-05-22, NULL
91, 27, 2022-02-08, 2023-06-17
141, 17, 2019-03-12, 2020-03-06
43, 16, 2016-07-29, 2017-09-23
185, 14, 2016-03-14, 2016-07-23
49, 4, 2019-05-29, 2019-09-17
49, 23, 2018-10-16, 2018-12-11
12, 30, 2022-02-06, 2023-04-11
32, 25, 2020-01-20, 2020-09-11
130, 5, 2020-08-05, 2020-08-08
13, 18, 2019-11-08, 2021-01-11
131, 25, 2016-12-26, 2017-12-16
188, 27, 2016-06-09, 2016-08-02
154, 20, 2018-08-11, 2019-04-27
108, 20, 2022-10-07, 2023-11-02
102, 11, 2018-04-19, 2018-12-07
36, 14, 2021-10-03, 2022-09-27
132, 10, 2022-11-13, 2023-08-21
183, 24, 2021-03-17, 2022-02-04
54, 20, 2023-01-05, 2023-06-03
173, 5, 2022-12-19, 2023-11-17
46, 17, 2021-01-31, 2022-01-22
182, 4, 2018-12-13, 2019-09-27
147, 22, 2022-12-18, 2023-07-20
137, 10, 2019-09-27, NULL
28, 1, 2019-04-10, NULL
15, 7, 2017-12-29, 2019-01-18
74, 22, 2017-10-23, 2018-01-06
177, 26, 2018-04-23, 2018-08-06
9, 12, 2020-01-28, 2020-03-21
173, 24, 2021-04-20, 2022-07-07
166, 18, 2019-05-12, 2019-09-11
179, 10, 2022-10-09, NULL
98, 13, 2019-09-03, 2021-01-05
176, 11, 2021-03-11, NULL
65, 7, 2021-12-16, 2023-03-06
114, 27, 2017-07-12, 2018-10-22
182, 21, 2019-02-15, 2020-03-08
190, 20, 2017-03-15, 2018-04-17
50, 10, 2020-01-13, 2020-04-13
20, 6, 2016-12-12, 2017-12-24
97, 2, 2019-10-22, 2020-03-13
34, 6, 2021-07-20, 2022-09-27
85, 15, 2022-12-16, 2024-04-09
40, 30, 2018-08-14, NULL
161, 20, 2022-06-04, 2022-11-06
147, 18, 2019-01-06, 2019-02-13
82, 17, 2017-06-19, 2018-10-22
18, 26, 2020-08-31, 2020-11-21
138, 13, 2016-01-12, 2016-07-09
55, 22, 2018-09-21, 2019-03-10
56, 25, 2021-12-07, 2022-09-05
144, 27, 2022-04-13, 2022-04-18
89, 15, 2017-09-11, 2018-12-19
160, 8, 2015-06-13, 2016-05-28
98, 30, 2016-04-09, 2016-10-24
186, 10, 2015-04-12, 2016-07-22
198, 12, 2020-10-07, 2021-11-23
125, 2, 2018-04-29, 2019-08-02
83, 17, 2015-12-04, 2017-04-03
198, 18, 2020-12-24, 2020-12-28
54, 22, 2022-01-22, 2023-02-23
176, 14, 2016-03-01, 2016-06-15
180, 29, 2023-04-25, 2024-05-26
19, 24, 2022-09-11, NULL
184, 11, 2015-06-05, NULL
46, 26, 2017-10-28, NULL
59, 30, 2017-11-25, 2018-06-22
162, 13, 2019-11-09, NULL
173, 4, 2020-12-30, 2021-01-03
159, 3, 2023-05-14, NULL
19, 12, 2020-08-21, 2020-10-15
176, 10, 2021-10-20, 2021-12-04
113, 13, 2019-06-07, 2020-08-01
122, 6, 2020-12-25, 2021-04-17
101, 26, 2021-02-13, 2021-07-15
37, 10, 2022-08-06, 2023-11-04
187, 21, 2019-03-09, 2020-07-12
142, 28, 2021-03-23, 2021-06-04
2, 19, 2021-09-09, 2022-03-30
22, 10, 2017-05-10, 2018-05-29
186, 12, 2017-05-17, 2017-12-15
132, 5, 2016-10-21, 2017-01-24
65, 7, 2016-04-14, 2016-07-16
146, 28, 2015-08-11, 2016-10-20
141, 15, 2022-03-25, NULL
172, 3, 2017-10-23, 2017-12-13
149, 16, 2018-09-17, 2019-03-19
168, 8, 2016-02-14, 2016-07-09
50, 11, 2020-06-13, 2021-01-30
169, 10, 2022-10-11, 2023-08-07
146, 12, 2018-07-19, 2019-11-22
2, 11, 2017-10-05, 2018-11-12
190, 21, 2019-11-22, 2020-04-12
35, 22, 2023-03-22, 2023-09-08
119, 15, 2019-01-09, 2020-02-10
142, 4, 2016-12-20, 2017-11-16
72, 28, 2016-07-27, 2017-10-27
68, 24, 2022-01-10, 2022-02-19
5, 28, 2020-09-08, NULL
149, 19, 2019-07-18, 2020-08-15
10, 18, 2017-12-03, 2018-09-08
139, 16, 2022-05-02, 2023-06-03
101, 8, 2021-08-12, 2022-08-23
35, 15, 2020-08-14, 2021-05-03
94, 17, 2015-02-13, 2016-01-19
158, 22, 2016-11-10, 2017-12-03
115, 6, 2017-01-03, 2017-10-20
169, 28, 2016-08-21, 2017-09-02
92, 2, 2017-06-15, 2018-07-10
17, 9, 2019-02-22, NULL
53, 17, 2019-01-19, 2019-08-06
117, 29, 2015-07-10, 2015-07-31
83, 4, 2022-11-22, 2024-04-01
71, 27, 2023-04-27, 2023-09-09
146, 6, 2019-03-23, 2020-02-21
151, 21, 2015-11-15, 2016-08-06
58, 17, 2019-07-21, 2020-01-18
89, 16, 2020-05-28, 2021-08-26
129, 29, 2016-07-23, 2017-03-06
20, 17, 2022-03-20, 2022-08-11
48, 6, 2019-01-23, 2019-11-28
31, 22, 2017-08-01, 2018-03-02
185, 4, 2020-05-26, 2021-05-07
54, 19, 2016-10-22, 2017-09-19
6, 8, 2015-06-26, 2015-08-31
42, 5, 2022-01-22, NULL
147, 5, 2015-08-18, 2015-11-12
47, 17, 2019-07-19, 2020-05-21
164, 1, 2023-01-26, 2024-02-03
73, 3, 2017-06-06, 2018-01-22
121, 28, 2020-05-26, 2020-08-22
106, 20, 2016-08-07, 2017-09-18
197, 6, 2021-12-27, 2022-11-30
43, 24, 2022-09-09, 2023-03-04
153, 19, 2015-10-09, 2016-02-04
34, 4, 2015-03-09, 2015-06-21
130, 22, 2019-09-16, 2020-11-13
25, 6, 2020-05-03, 2021-08-08
10, 29, 2020-12-16, 2021-08-31
24, 16, 2022-05-24, 2022-07-30
139, 27, 2015-01-05, 2016-04-09
174, 21, 2019-11-03, 2020-07-28
12, 23, 2020-12-10, 2021-07-18
124, 26, 2019-04-11, 2019-10-08
190, 30, 2022-10-24, 2023-08-15
35, 9, 2020-05-08, 2021-06-05
22, 10, 2021-09-16, 2022-12-09
66, 7, 2015-01-23, 2016-01-22
2, 19, 2020-11-10, 2021-01-10
97, 21, 2017-04-21, 2018-04-09
105, 12, 2016-03-12, 2016-05-31
150, 9, 2017-12-06, 2019-02-17
145, 12, 2021-11-11, 2022-04-02
102, 25, 2017-04-14, 2017-11-12
143, 16, 2017-01-02, 2017-07-11
124, 9, 2018-06-10, 2019-04-02
181, 13, 2023-04-02, 2023-06-12
169, 4, 2023-05-22, 2023-09-17
180, 6, 2016-02-15, 2016-06-04
87, 26, 2021-03-05, 2022-01-14
181, 2, 2016-10-20, 2017-05-08
2, 26, 2016-01-09, 2017-03-06
154, 14, 2015-12-28, 2016-01-30
95, 3, 2021-10-30, 2021-11-19
103, 20, 2022-05-11, 2023-02-02
153, 2, 2016-12-18, 2017-11-11
3, 7, 2022-05-14, 2023-09-03
74, 7, 2015-05-18, 2016-06-23
133, 23, 2017-08-06, 2018-06-17
10, 12, 2017-09-06, NULL
41, 3, 2018-02-04, 2019-03-11
172, 13, 2019-07-19, 2020-05-15
4, 24, 2022-11-22, 2022-12-28
141, 10, 2023-02-22, 2024-04-22
150, 12, 2018-11-24, 2020-04-01
58, 20, 2017-03-07, 2017-10-26
148, 1, 2017-12-05, 2018-03-05
28, 18, 2015-10-24, 2016-07-08
30, 26, 2020-10-03, 2022-02-05
138, 27, 2021-06-12, 2021-10-19
97, 19, 2020-06-03, 2021-07-03
87, 25, 2020-02-23, 2021-02-06
151, 28, 2015-04-23, 2015-12-26
18, 13, 2022-02-08, 2023-03-19
174, 23, 2017-07-30, 2018-09-13
91, 17, 2021-01-03, 2021-01-08
68, 8, 2018-03-22, 2018-05-09
192, 27, 2018-11-01, 2018-12-10
46, 16, 2018-07-09, 2019-01-07
147, 9, 2017-01-18, 2018-05-18
49, 16, 2023-04-08, 2023-07-20
62, 28, 2017-12-23, 2018-04-08
64, 27, 2021-12-08, 2022-06-09
28, 4, 2015-11-18, 2016-10-30
127, 20, 2015-01-28, 2016-02-24
11, 28, 2020-05-29, 2020-12-06
127, 29, 2021-06-11, 2022-08-30
47, 25, 2020-09-24, 2021-02-15
193, 19, 2016-06-09, 2016-07-07
109, 16, 2021-01-23, 2021-02-09
101, 28, 2022-09-12, 2023-10-15
31, 23, 2020-10-23, 2021-06-16
3, 1, 2022-07-24, 2022-11-09
26, 11, 2019-01-21, 2019-12-01
48, 18, 2017-12-12, 2018-04-13
157, 11, 2019-02-07, 2019-05-13
54, 14, 2022-11-10, 2023-12-01
103, 9, 2020-01-21, 2020-04-23
148, 22, 2017-07-25, 2018-09-15
70, 26, 2017-08-23, 2018-06-04
98, 7, 2016-08-20, 2017-10-04
39, 16, 2015-02-09, 2015-05-11
35, 29, 2022-01-27, 2022-10-19
81, 26, 2020-06-16, 2020-11-17
146, 2, 2019-06-20, 2019-08-10
16, 7, 2017-11-07, 2018-07-09
25, 15, 2023-05-08, 2023-10-27
93, 18, 2021-04-02, 2022-07-24
89, 1, 2019-08-14, 2019-10-16
174, 20, 2017-03-25, 2018-01-15
167, 18, 2016-12-15, 2018-01-19
84, 22, 2020-09-21, 2021-05-29
115, 29, 2015-11-18, 2016-06-01
119, 21, 2016-08-16, 2017-11-04
87, 14, 2022-01-29, 2022-12-09
19, 3, 2016-10-25, 2017-04-19
82, 21, 2018-04-08, 2019-04-07
166, 13, 2018-01-16, 2019-04-16
93, 24, 2021-08-01, 2022-04-25
106, 6, 2017-01-23, NULL
187, 8, 2022-06-04, 2022-10-11
180, 24, 2015-11-24, 2016-03-11
27, 4, 2015-09-19, 2017-01-11
141, 2, 2015-04-18, 2016-05-17
196, 3, 2016-03-01, 2016-07-14
22, 21, 2019-05-16, 2019-10-22
189, 10, 2019-12-21, 2020-11-06
135, 27, 2016-11-29, NULL
92, 28, 2018-08-25, 2019-11-11
139, 30, 2018-01-20, 2018-10-28
179, 18, 2016-12-26, 2017-10-25
162, 24, 2022-02-17, 2023-05-13
135, 21, 2022-03-04, 2022-12-03
89, 16, 2021-01-19, 2021-05-16
114, 10, 2019-02-07, 2019-09-07
78, 1, 2015-01-01, 2015-09-26
35, 12, 2018-03-20, 2018-11-16
177, 30, 2020-07-07, 2021-11-04
77, 1, 2019-10-30, 2020-12-12
60, 26, 2015-01-30, 2015-11-07
106, 29, 2021-04-15, 2021-11-25
42, 23, 2023-04-08, 2024-03-04
97, 8, 2017-12-13, 2018-01-23
62, 17, 2021-11-16, 2023-01-04
70, 10, 2022-04-10, 2023-04-26
69, 14, 2017-02-09, NULL
35, 10, 2016-03-28, 2017-02-18
116, 9, 2022-11-09, 2023-09-24
83, 1, 2016-09-15, 2016-10-11
6, 6, 2016-02-23, 2016-07-17
184, 15, 2023-02-26, 2023-03-03
39, 1, 2020-07-14, 2020-11-03
80, 26, 2020-08-03, 2021-02-10
9, 11, 2015-11-25, 2017-01-30
38, 2, 2017-12-27, 2019-01-29
140, 16, 2017-01-13, 2017-04-22
65, 27, 2019-04-12, NULL
197, 23, 2017-10-16, 2018-05-02
114, 8, 2023-04-10, 2023-04-28
189, 25, 2016-01-20, 2016-10-13
54, 16, 2019-05-13, 2020-04-26
83, 6, 2022-01-21, NULL
141, 17, 2016-05-15, 2016-09-22
77, 7, 2019-01-16, NULL
171, 7, 2016-04-07, 2016-08-06
84, 1, 2016-11-16, 2017-12-28
31, 13, 2017-09-22, 2017-09-27
149, 26, 2022-09-30, 2023-06-01
40, 12, 2016-01-02, 2016-05-09
24, 22, 2021-12-08, 2022-05-31
195, 21, 2015-09-03, 2015-10-04
40, 23, 2021-01-05, 2022-02-15
125, 8, 2018-07-21, 2019-05-03
194, 12, 2019-12-02, 2020-12-12
177, 13, 2019-01-07, 2020-01-13
11, 16, 2022-12-04, 2023-07-17
139, 23, 2020-06-30, 2020-10-06
140, 12, 2018-08-18, 2019-08-28
154, 30, 2021-03-21, NULL
40, 15, 2018-04-26, 2019-06-20
94, 15, 2015-01-03, 2016-02-05
98, 24, 2017-01-29, NULL
94, 25, 2021-12-15, 2022-04-17
17, 22, 2021-01-16, 2022-03-12
135, 22, 2020-07-30, 2021-08-27
157, 10, 2018-08-14, 2019-03-12
29, 4, 2020-11-13, NULL
34, 6, 2015-05-09, 2015-08-21
50, 4, 2015-05-11, 2016-02-28
100, 22, 2020-06-29, 2021-03-26
152, 9, 2015-07-21, 2016-01-25
184, 3, 2015-02-23, 2016-06-14
168, 16, 2015-11-24, 2016-07-21
16, 12, 2021-04-04, 2022-04-20
107, 27, 2019-02-20, 2020-04-02
158, 9, 2020-12-06, 2020-12-27
78, 3, 2017-06-03, 2018-10-08
26, 24, 2017-08-04, 2018-05-04
50, 17, 2022-05-14, 2022-09-19
46, 18, 2023-05-27, 2024-03-08
28, 25, 2022-02-28, 2022-12-21
118, 23, 2022-06-17, 2023-01-22
43, 26, 2017-01-08, 2017-10-17
87, 22, 2016-10-09, 2017-07-10
114, 30, 2018-12-14, 2020-03-21
84, 28, 2019-03-03, 2019-10-01
111, 27, 2023-02-21, 2023-08-06
145, 18, 2017-05-26, 2017-12-05
191, 9, 2019-01-14, 2020-05-21
102, 1, 2023-02-22, 2023-03-12
153, 1, 2020-10-21, 2020-12-30
78, 1, 2018-05-15, 2018-09-06
81, 1, 2022-09-26, 2023-11-22
142, 17, 2021-03-28, 2022-01-15
40, 4, 2015-06-04, 2016-01-26
36, 9, 2019-02-12, 2020-05-13
60, 9, 2018-05-15, 2018-07-02
146, 30, 2017-06-09, NULL
84, 26, 2020-05-30, 2020-08-27
177, 23, 2021-06-18, 2022-08-12
153, 21, 2018-05-15, 2018-06-04
148, 13, 2015-11-18, NULL
198, 11, 2018-11-26, 2020-02-20
107, 30, 2016-05-08, 2017-07-28
192, 21, 2021-10-03, NULL
200, 21, 2019-04-16, 2019-05-14
11, 11, 2021-01-20, 2021-11-06
129, 23, 2017-06-23, NULL
188, 13, 2019-12-31, 2021-01-20
130, 3, 2017-06-28, 2018-02-05
101, 5, 2016-06-25, 2016-12-15
147, 24, 2015-07-21, 2016-04-27
22, 13, 2020-08-17, 2021-03-28
34, 25, 2016-07-06, 2017-03-10
125, 13, 2022-04-25, 2023-02-12
158, 24, 2020-11-17, 2021-03-24
69, 25, 2019-10-28, 2020-04-11
148, 3, 2016-04-05, 2017-03-15
94, 12, 2017-02-19, 2017-08-03
168, 1, 2018-06-02, 2018-08-28
158, 27, 2019-12-17, 2020-11-01
12, 30, 2017-08-14, 2017-11-25
40, 25, 2023-03-03, 2024-05-13
190, 2, 2017-09-22, 2019-01-21
38, 28, 2018-03-24, 2018-04-01
29, 10, 2020-01-18, NULL
54, 24, 2021-01-12, 2021-05-01
134, 25, 2017-11-25, 2018-09-02
187, 5, 2022-10-18, 2023-10-11
97, 19, 2022-06-10, NULL
44, 2, 2018-03-09, 2018-06-20
159, 9, 2015-08-06, 2016-04-01
3, 3, 2019-05-11, 2020-04-14
169, 12, 2016-03-17, 2016-03-27
167, 13, 2017-08-04, 2018-02-15
182, 4, 2018-07-16, 2019-03-22
137, 3, 2017-02-02, 2017-05-15
118, 18, 2022-12-28, NULL
136, 10, 2018-09-28, 2019-06-06
41, 1, 2018-11-21, 2019-11-07
161, 10, 2017-08-25, 2018-05-09
16, 21, 2017-11-21, 2019-02-14
8, 18, 2018-02-21, 2018-06-17
101, 22, 2016-07-16, 2016-08-30
134, 22, 2021-11-13, 2023-02-03
59, 14, 2017-09-11, 2018-07-02
80, 30, 2021-10-15, 2022-04-02
34, 7, 2022-04-26, 2022-07-06
176, 26, 2017-04-08, 2018-06-24
177, 23, 2020-11-15, 2022-02-24
198, 5, 2022-05-11, 2023-09-01
41, 11, 2015-10-05, 2016-07-17
185, 4, 2017-01-24, 2017-07-06
38, 24, 2015-05-01, 2016-05-27
106, 14, 2018-05-27, 2019-01-09
164, 30, 2023-04-13, 2023-09-01
49, 4, 2016-06-22, NULL
157, 20, 2017-12-29, 2018-11-05
60, 20, 2017-08-09, 2017-12-06
92, 3, 2022-09-19, 2023-10-24
129, 28, 2021-10-12, 2022-06-10
96, 6, 2019-05-07, 2020-01-14
42, 7, 2017-07-15, 2017-08-01
4, 30, 2018-01-10, 2019-05-12
191, 22, 2017-04-10, 2018-05-03
46, 30, 2019-12-05, 2021-02-21
177, 11, 2020-02-18, 2021-05-18
104, 25, 2015-06-21, 2016-04-28
98, 24, 2018-07-05, 2019-01-23
191, 19, 2021-08-29, 2022-05-31
181, 26, 2015-06-07, 2016-02-29
117, 27, 2015-06-23, 2016-09-15
133, 18, 2019-06-09, NULL
100, 17, 2022-01-27, NULL
75, 15, 2019-06-19, 2020-09-14
74, 15, 2016-11-12, 2017-06-17
14, 23, 2020-10-18, 2022-01-24
166, 15, 2016-01-06, 2017-01-10
47, 25, 2021-07-25, 2022-11-18
140, 5, 2019-05-30, 2019-12-28
7, 6, 2020-02-02, 2020-12-01
52, 29, 2020-02-06, 2020-03-24
178, 21, 2022-12-24, 2024-02-05
188, 4, 2016-01-09, 2016-03-08
163, 12, 2015-12-16, 2016-09-10
187, 26, 2020-09-26, 2021-08-06
97, 18, 2019-04-08, 2019-05-01
86, 19, 2022-05-25, 2023-08-10
38, 6, 2022-12-26, 2023-01-22
80, 24, 2020-01-02, 2020-05-29
31, 29, 2016-06-22, 2017-10-27
160, 25, 2017-11-02, 2017-11-09
128, 18, 2015-01-24, 2015-12-02
61, 7, 2021-08-08, 2022-07-12
105, 15, 2015-11-22, 2016-09-25
63, 29, 2021-02-19, 2021-07-12
143, 27, 2017-04-30, 2017-05-26
15, 21, 2018-11-30, 2018-12-19
9, 22, 2021-06-25, 2022-08-29
85, 30, 2015-12-26, 2016-01-21
46, 6, 2022-07-15, 2022-12-08
178, 23, 2021-09-02, 2022-06-23
46, 15, 2023-05-28, 2024-03-20
10, 3, 2018-05-10, 2018-10-23
98, 27, 2015-10-05, 2016-10-28
141, 3, 2018-04-14, 2018-12-12
178, 28, 2018-01-29, 2018-07-17
135, 7, 2022-10-21, 2023-02-06
28, 19, 2023-03-08, 2024-01-25
23, 16, 2023-02-13, 2024-02-01
181, 10, 2019-10-16, 2020-08-23
67, 17, 2021-06-13, 2022-04-29
34, 20, 2021-04-23, 2022-01-03
162, 16, 2020-07-10, 2021-08-28
157, 8, 2022-12-12, 2023-05-10
1, 4, 2015-04-09, 2015-12-04
31, 24, 2017-04-29, 2018-06-13
107, 14, 2015-07-06, 2015-12-24
164, 7, 2015-02-16, 2016-01-10
73, 9, 2015-10-05, 2016-03-11
141, 11, 2015-01-26, 2015-03-26
88, 13, 2023-02-15, 2023-12-04
8, 27, 2016-12-20, 2017-03-30
87, 30, 2022-07-17, 2023-03-20
10, 21, 2016-07-10, 2017-03-14
118, 29, 2021-01-08, 2022-04-12
106, 30, 2023-04-30, 2023-05-29
77, 19, 2023-02-17, 2024-01-31
138, 1, 2017-05-03, 2018-02-23
91, 3, 2016-09-03, 2017-01-25
87, 13, 2022-01-10, 2022-10-11
147, 20, 2019-05-15, 2019-08-19
193, 10, 2022-11-28, 2024-02-11
9, 9, 2019-08-23, 2019-10-07
61, 12, 2020-01-26, 2021-03-26
56, 17, 2018-05-23, 2018-08-21
10, 25, 2017-04-07, 2018-07-19
130, 1, 2020-05-30, 2021-09-06
49, 11, 2020-06-03, 2021-06-14
80, 25, 2018-09-02, 2018-11-15
26, 27, 2020-10-15, 2021-09-27
53, 24, 2015-05-30, 2016-01-21
134, 4, 2015-01-17, 2015-06-26
176, 28, 2021-08-31, 2022-11-21
120, 29, 2015-07-08, 2015-08-30
169, 24, 2018-07-03, 2018-07-15
80, 21, 2017-05-09, 2017-10-21
74, 9, 2020-12-20, 2021-06-02
172, 4, 2018-01-21, 2018-04-08
30, 1, 2021-12-26, 2022-10-09
53, 18, 2018-12-05, 2019-09-13
37, 23, 2018-03-06, 2018-12-25
19, 10, 2021-11-16, 2023-02-16
114, 2, 2016-06-16, 2016-07-01
173, 2, 2016-03-09, NULL
110, 13, 2017-01-03, 2017-12-30
152, 21, 2022-09-27, 2023-09-21
92, 10, 2018-09-23, 2019-11-16
195, 22, 2020-12-25, 2021-02-04
194, 25, 2020-03-22, 2021-01-07
179, 15, 2016-02-03, 2016-09-24
165, 23, 2020-03-21, 2020-11-17
58, 5, 2021-12-01, 2022-04-13
101, 6, 2022-11-05, 2024-02-18
84, 15, 2020-06-19, NULL
29, 12, 2020-05-14, 2021-01-06
73, 25, 2018-11-28, 2019-10-04
131, 4, 2019-07-20, 2020-09-11
28, 11, 2021-03-27, NULL
78, 18, 2020-03-03, 2020-09-25
62, 20, 2017-09-25, 2018-07-03
124, 13, 2015-09-28, 2016-03-21
178, 19, 2019-11-01, 2020-12-07
146, 26, 2018-11-02, 2019-08-08
45, 22, 2022-07-05, 2022-08-14
183, 19, 2020-06-16, 2020-08-14
119, 11, 2021-03-23, 2021-05-12
46, 10, 2019-07-21, 2019-08-26
176, 27, 2021-09-08, 2022-10-08
84, 16, 2022-03-26, NULL
56, 27, 2016-07-23, 2017-10-21
194, 21, 2015-01-01, 2016-01-24
39, 15, 2020-12-16, 2021-05-15
148, 15, 2017-03-12, 2017-06-26
82, 10, 2021-05-24, 2022-07-05
78, 30, 2019-11-16, 2020-11-18
89, 3, 2021-07-14, 2021-07-19
131, 13, 2016-06-06, 2017-08-17
95, 29, 2021-02-26, NULL
181, 18, 2019-01-11, 2019-03-09
8, 8, 2019-11-04, 2020-10-29
161, 11, 2022-12-25, 2023-07-09
112, 18, 2017-05-15, 2018-04-20
36, 7, 2021-03-25, 2021-10-08
93, 27, 2019-09-05, 2019-11-23
172, 5, 2016-07-04, NULL
5, 5, 2023-02-02, 2024-05-01
112, 5, 2015-12-13, 2016-02-22
107, 28, 2020-02-11, 2021-05-14
155, 30, 2019-10-10, 2020-08-25
131, 14, 2021-03-11, 2022-05-05
91, 8, 2017-01-31, 2017-09-06
148, 16, 2023-03-13, 2023-07-13
69, 14, 2021-02-15, 2021-12-08
10, 19, 2020-06-02, 2021-05-29
149, 16, 2022-09-29, 2022-11-09
188, 17, 2018-02-18, 2018-10-15
134, 29, 2021-11-03, 2021-12-19
162, 24, 2022-06-11, 2023-10-16
176, 21, 2021-01-17, 2022-03-02
157, 2, 2018-11-08, 2019-08-09
121, 15, 2020-09-30, 2022-01-07
188, 11, 2019-09-21, 2020-03-20
76, 10, 2016-11-17, 2016-12-06
153, 24, 2018-05-30, 2019-06-07
67, 2, 2022-01-21, 2022-09-21
147, 2, 2022-05-12, 2022-10-09
160, 1, 2018-03-20, 2018-11-24
130, 3, 2018-02-12, 2018-06-22
72, 9, 2017-11-18, 2017-11-26
155, 6, 2021-08-20, 2022-09-03
115, 12, 2016-12-19, 2017-05-02
61, 16, 2017-01-10, 2018-02-24
9, 11, 2015-12-12, 2017-04-21
40, 27, 2020-07-24, 2021-08-14
198, 13, 2017-09-01, 2018-08-06
164, 6, 2017-05-13, 2018-03-05
89, 2, 2022-03-15, 2022-07-29
30, 2, 2016-11-17, 2017-07-13
78, 16, 2023-05-15, 2024-09-12
137, 8, 2019-04-05, 2020-03-20
122, 9, 2016-08-17, 2017-05-16
4, 10, 2020-01-13, 2020-07-27
136, 22, 2015-06-18, 2015-08-07
164, 12, 2019-11-04, 2020-09-12
70, 11, 2018-01-12, 2018-05-29
66, 21, 2021-07-20, 2022-02-06
173, 24, 2017-09-17, 2018-09-28
198, 7, 2020-10-30, 2021-04-21
47, 11, 2021-02-21, 2021-02-27
18, 1, 2019-08-12, 2019-10-02
176, 15, 2018-12-10, 2019-04-02
65, 7, 2015-05-20, 2015-06-02
15, 20, 2022-05-13, 2023-08-14
154, 21, 2016-05-13, 2017-05-11
23, 28, 2021-10-12, 2021-12-18
196, 29, 2022-04-07, 2023-01-22
48, 29, 2016-03-30, 2017-03-22
76, 15, 2022-05-29, NULL
117, 30, 2018-02-06, 2019-03-07
171, 25, 2018-08-17, 2018-12-27
19, 9, 2015-09-13, 2016-03-27
16, 9, 2017-12-20, 2018-03-22
126, 30, 2017-04-01, 2018-02-08
166, 16, 2016-03-20, 2016-06-02
111, 7, 2021-11-19, 2022-10-15
114, 23, 2017-11-26, NULL
19, 19, 2023-02-28, 2023-07-07
5, 29, 2020-07-31, 2020-10-16
1, 30, 2015-06-04, 2016-05-10
39, 23, 2018-09-12, 2019-12-20
1, 17, 2022-12-08, 2024-04-03
123, 14, 2019-07-13, 2020-09-18
18, 18, 2017-07-14, 2017-07-16
177, 27, 2020-05-28, 2020-07-30
92, 11, 2022-08-24, 2023-01-27
162, 21, 2016-01-07, 2016-07-13
88, 3, 2020-02-26, 2021-03-22
166, 7, 2016-12-24, NULL
99, 22, 2017-02-21, 2017-07-25
28, 21, 2022-09-22, 2023-03-25
162, 15, 2023-03-31, 2023-07-07
50, 1, 2023-01-27, 2023-11-27
100, 3, 2021-01-23, 2021-12-19
137, 27, 2020-01-15, 2021-05-24
10, 11, 2015-08-18, 2016-02-07
11, 13, 2016-04-29, 2016-08-16
171, 17, 2020-02-21, 2021-06-17
138, 5, 2023-04-24, 2024-02-15
19, 2, 2023-04-01, 2023-06-13
5, 16, 2021-12-07, 2021-12-31
167, 5, 2015-02-28, 2015-05-28
79, 27, 2016-02-03, 2016-09-24
152, 3, 2016-03-11, 2016-05-09
158, 8, 2015-09-16, 2016-11-01
87, 26, 2023-04-11, 2024-03-24
31, 22, 2021-06-17, 2022-03-24
55, 25, 2015-07-06, 2016-05-05
17, 4, 2018-01-26, 2018-04-09
44, 23, 2019-02-24, 2019-12-05
63, 30, 2021-07-11, 2021-08-01
162, 20, 2019-03-21, 2020-04-23
125, 3, 2015-01-27, 2015-01-31
23, 23, 2022-04-23, 2023-02-21
107, 23, 2020-05-03, 2021-04-23
37, 21, 2018-01-14, 2018-10-09
62, 6, 2021-11-05, NULL
47, 23, 2020-08-09, 2021-06-19
161, 27, 2018-05-18, 2018-11-13
143, 8, 2017-02-25, 2017-04-27
25, 20, 2019-01-22, 2020-04-08
139, 17, 2017-06-17, 2018-02-10
169, 7, 2018-02-06, 2018-03-06
39, 22, 2020-04-27, 2021-01-07
172, 30, 2015-06-26, 2015-07-24
73, 7, 2019-11-16, 2020-03-24
195, 15, 2015-06-27, 2015-08-20
138, 6, 2016-10-09, NULL
132, 4, 2015-10-18, 2017-01-19
114, 19, 2021-07-02, 2021-12-16
192, 22, 2018-08-27, 2018-12-23
84, 8, 2016-02-06, 2016-06-07
52, 13, 2017-06-22, 2017-07-30
125, 2, 2019-11-21, 2020-02-04
157, 15, 2016-12-30, 2017-07-17
118, 24, 2017-03-06, 2018-01-24
70, 7, 2018-10-07, NULL
146, 2, 2018-02-23, 2018-05-04
120, 15, 2019-09-10, 2019-12-07
57, 29, 2018-04-23, 2019-02-27
164, 20, 2016-11-27, 2017-09-19
59, 3, 2019-08-14, 2020-10-26
56, 19, 2020-04-23, 2021-06-26
4, 24, 2019-10-20, 2020-10-31
64, 11, 2019-11-14, 2020-09-06
152, 5, 2021-06-07, NULL
12, 2, 2020-04-11, 2021-04-22
9, 14, 2020-12-15, 2021-07-05
179, 27, 2016-02-06, 2016-09-25
22, 18, 2015-02-20, 2016-02-10
56, 5, 2019-01-08, 2019-06-09
24, 1, 2020-05-19, 2021-04-27
181, 15, 2021-05-25, 2022-06-12
117, 15, 2016-07-21, 2017-10-12
48, 26, 2019-02-26, 2020-01-13
163, 1, 2022-01-13, 2022-02-19
177, 11, 2020-12-14, 2020-12-31
193, 9, 2022-10-30, 2024-02-27
148, 26, 2017-04-28, 2018-06-06
159, 29, 2018-10-07, 2019-10-19
132, 30, 2022-07-26, 2023-01-29
29, 13, 2019-02-06, 2019-10-03
94, 12, 2016-12-18, 2017-11-15
18, 18, 2022-12-15, 2024-01-16
86, 8, 2021-01-19, 2021-03-19
189, 25, 2021-07-04, 2022-09-24
54, 25, 2023-05-10, 2024-06-03
91, 29, 2017-12-31, 2018-09-15
71, 2, 2015-09-17, 2016-03-26
125, 17, 2020-11-27, 2022-01-26
182, 18, 2022-08-10, 2023-10-07
75, 15, 2021-12-18, 2022-06-25
178, 26, 2015-09-26, 2016-01-01
118, 3, 2015-11-25, 2016-06-13
74, 3, 2016-03-23, 2016-06-16
179, 5, 2020-07-25, 2020-10-11
134, 21, 2015-04-03, 2015-09-01
175, 18, 2016-06-24, 2017-02-22
114, 24, 2022-03-25, 2022-04-05
17, 1, 2017-08-09, 2018-10-11
166, 11, 2019-08-14, 2020-06-06
166, 26, 2018-08-29, 2019-05-05
179, 17, 2021-02-24, 2021-10-10
146, 5, 2018-06-09, 2018-09-05
59, 16, 2019-03-04, 2020-07-14
13, 5, 2018-12-17, 2019-05-12
43, 20, 2016-10-20, 2017-10-20
47, 6, 2022-12-10, 2023-11-30
40, 6, 2017-09-01, NULL
82, 19, 2016-06-02, 2017-01-14
48, 7, 2021-04-22, NULL
82, 12, 2016-08-28, 2017-03-07
42, 18, 2018-05-20, 2018-07-22
104, 30, 2020-08-07, 2021-09-05
118, 30, 2018-08-04, NULL
190, 18, 2020-09-09, 2021-02-26
76, 16, 2018-04-02, 2019-08-12
147, 22, 2016-08-25, 2017-10-09
114, 11, 2022-09-23, 2022-11-20
11, 5, 2022-08-09, 2023-05-19
7, 13, 2021-12-04, 2023-02-08
92, 3, 2018-08-29, 2018-09-27
50, 19, 2020-11-26, 2021-03-20
197, 9, 2017-03-12, 2017-03-24
115, 22, 2022-07-13, 2023-11-16
132, 13, 2017-03-07, 2017-11-14
155, 17, 2015-08-18, 2016-11-26
102, 5, 2023-01-11, 2024-03-24
99, 12, 2015-02-19, 2015-07-15
79, 15, 2021-04-16, 2021-05-31
114, 24, 2019-08-30, 2020-10-15
42, 26, 2023-03-01, 2024-07-10
187, 29, 2019-08-24, 2019-11-04
154, 3, 2016-08-11, 2016-11-26
135, 11, 2015-09-28, 2017-01-18
194, 13, 2015-12-29, 2016-01-02
70, 14, 2016-12-17, 2017-09-28
146, 25, 2016-07-14, 2016-10-25
98, 10, 2021-03-18, NULL
78, 27, 2021-07-25, 2021-12-28
190, 15, 2017-07-08, 2017-07-22
40, 9, 2018-05-14, 2019-09-16
163, 16, 2016-05-23, 2017-04-23
74, 14, 2017-01-04, 2017-09-13
166, 8, 2015-04-27, 2015-06-28
127, 3, 2021-09-19, 2022-10-06
124, 19, 2019-11-22, 2021-02-09
176, 16, 2022-10-14, 2023-12-07
132, 24, 2021-06-14, 2021-06-23
42, 19, 2015-08-28, 2015-11-11
178, 5, 2019-01-03, NULL
93, 14, 2022-02-19, 2023-06-01
13, 10, 2018-04-09, 2019-01-06
20, 17, 2017-03-04, 2018-04-01
196, 4, 2021-09-18, 2022-10-09
83, 28, 2018-07-19, 2019-09-16
78, 9, 2022-09-08, 2023-09-01
25, 18, 2021-07-03, 2021-12-31
4, 5, 2020-10-23, 2021-03-17
125, 14, 2018-10-25, 2020-02-09
27, 7, 2016-09-25, 2017-06-10
49, 26, 2021-04-07, 2022-02-16
135, 28, 2020-12-19, 2021-12-19
194, 26, 2016-04-11, 2016-11-11
20, 4, 2016-06-21, NULL
90, 10, 2022-10-01, 2023-04-05
114, 29, 2021-09-13, 2022-06-08
88, 6, 2022-12-17, NULL
31, 8, 2016-06-11, 2017-08-24
177, 8, 2018-06-13, 2018-08-17
21, 14, 2022-09-30, 2023-10-26
20, 1, 2020-06-06, 2021-06-29
51, 4, 2015-05-15, 2016-06-25
152, 2, 2020-04-05, 2020-06-05
12, 3, 2018-05-20, NULL
25, 26, 2016-05-22, 2017-09-06
151, 29, 2017-03-30, 2017-07-03
8, 3, 2016-08-19, 2017-10-27
72, 19, 2018-11-25, 2019-05-25
129, 25, 2023-03-04, 2024-01-12
146, 3, 2016-02-10, 2017-04-05
4, 17, 2017-06-07, 2018-06-09
73, 6, 2021-01-09, 2021-01-12
26, 30, 2017-05-26, 2018-09-10
182, 16, 2019-02-10, 2020-02-03
113, 22, 2016-03-15, 2016-06-16
98, 14, 2017-05-27, 2018-02-15
29, 25, 2018-07-11, 2018-09-13
134, 5, 2020-07-23, 2021-08-18
74, 18, 2023-02-05, 2023-02-26
127, 4, 2019-04-26, 2019-09-19
189, 10, 2022-09-15, 2024-01-28
58, 18, 2019-07-27, 2019-12-23
110, 7, 2015-10-13, 2017-01-14
122, 22, 2019-02-14, NULL
173, 16, 2022-07-15, 2022-09-07
134, 22, 2022-08-03, 2022-09-16
102, 13, 2022-10-17, 2023-08-16
190, 30, 2016-11-22, 2016-12-26
51, 11, 2017-03-31, 2018-01-30
104, 4, 2017-08-11, 2018-10-15
128, 9, 2023-01-01, 2024-01-29
70, 25, 2022-03-22, 2023-07-18
122, 22, 2021-10-06, 2023-02-05
125, 17, 2018-02-16, 2018-05-03
28, 4, 2017-10-23, 2018-07-01
161, 5, 2015-05-02, 2015-06-22
18, 16, 2022-08-09, 2022-08-23
98, 20, 2022-08-14, 2023-01-29
160, 20, 2016-01-30, NULL
193, 17, 2020-07-09, 2021-08-19
76, 22, 2020-08-01, 2021-04-10
139, 11, 2021-01-23, NULL
196, 2, 2019-10-29, 2021-01-22
99, 15, 2018-07-12, 2019-09-22
118, 2, 2015-05-15, 2015-08-14
200, 10, 2022-12-02, 2023-02-25
35, 10, 2023-01-10, 2023-07-29
29, 19, 2022-07-27, 2023-04-05
176, 18, 2021-06-01, 2022-01-28
41, 17, 2015-08-17, 2016-03-05
152, 13, 2021-12-01, 2022-11-13
73, 11, 2015-09-09, 2015-09-24
33, 27, 2019-02-09, 2019-08-07
150, 1, 2022-01-04, 2022-06-28
110, 12, 2019-01-03, 2019-08-02
170, 8, 2017-10-11, 2018-02-09
152, 3, 2022-09-19, 2022-10-23
30, 11, 2016-11-26, 2016-12-07
10, 15, 2022-05-18, 2023-08-04
132, 29, 2019-09-22, NULL
121, 19, 2015-04-02, 2015-09-12
100, 11, 2021-06-03, 2021-07-24
26, 23, 2022-07-28, 2022-11-11
129, 26, 2022-06-26, 2022-12-17
77, 12, 2019-11-21, 2020-03-04
20, 27, 2021-01-03, 2021-04-23
13, 10, 2021-06-07, 2021-12-30
160, 24, 2016-01-12, 2017-01-14
25, 19, 2018-10-11, NULL
136, 16, 2019-10-16, 2020-02-01
20, 21, 2018-05-21, 2019-02-04
111, 22, 2021-01-20, 2021-06-30
103, 9, 2022-01-03, 2022-09-24
196, 18, 2017-01-09, NULL
181, 17, 2017-02-03, 2017-11-26
170, 27, 2023-04-29, 2024-08-22
164, 18, 2021-11-21, 2023-02-01
112, 30, 2021-05-07, 2022-05-15
134, 7, 2019-02-01, 2019-09-26
39, 24, 2022-09-08, 2023-10-05
112, 14, 2018-07-29, 2019-10-13
17, 21, 2017-04-13, 2018-06-21
74, 21, 2016-10-19, 2017-02-28
61, 13, 2017-09-03, 2017-11-01
8, 8, 2018-06-25, 2019-02-18
112, 14, 2022-04-03, NULL
41, 9, 2016-07-12, 2016-07-27
72, 22, 2021-03-05, 2021-06-04
11, 24, 2020-06-13, NULL
22, 11, 2021-09-30, 2022-03-02
105, 29, 2019-01-28, 2020-01-07
24, 13, 2023-02-14, 2024-04-21
29, 19, 2023-03-28, 2023-12-10
134, 22, 2021-07-05, 2022-11-04
135, 9, 2020-07-26, 2021-10-22
154, 4, 2018-07-07, 2018-12-23
189, 13, 2023-05-24, 2024-06-08
109, 7, 2016-08-13, 2016-10-07
71, 15, 2019-07-31, 2019-12-09
15, 16, 2020-12-25, 2021-07-05
29, 11, 2021-02-13, 2021-09-18
64, 9, 2016-08-16, 2017-02-18
95, 27, 2018-06-16, 2018-06-27
156, 2, 2023-04-17, 2024-03-22
14, 23, 2022-07-13, 2022-11-13
99, 10, 2022-03-02, 2023-07-06
176, 4, 2020-12-30, 2022-03-19
114, 13, 2015-02-02, 2016-05-13
66, 10, 2016-01-05, 2017-04-29
61, 10, 2017-05-11, 2018-07-26
113, 21, 2018-07-23, 2019-10-17
165, 14, 2015-05-19, 2015-10-07
200, 16, 2020-04-13, 2021-04-26
86, 23, 2019-09-27, 2020-12-19
26, 27, 2016-10-18, 2017-10-11
17, 12, 2019-09-20, 2020-07-25
141, 24, 2018-08-31, 2019-04-21
196, 2, 2022-03-12, 2023-02-04
114, 26, 2022-03-10, NULL
52, 21, 2018-06-05, 2018-11-13
29, 6, 2017-10-19, 2018-07-11
197, 27, 2022-04-13, 2023-05-09
153, 22, 2019-08-08, 2020-09-17
116, 16, 2023-03-31, 2023-06-08
176, 19, 2018-09-03, 2019-10-18
22, 14, 2019-02-14, 2019-05-19
97, 27, 2021-05-25, NULL
6, 30, 2021-04-06, 2022-03-04
59, 30, 2015-12-31, 2017-05-13
68, 23, 2016-11-22, 2016-12-18
110, 20, 2017-12-01, 2018-02-16
95, 6, 2021-05-12, NULL
135, 14, 2020-02-02, 2021-04-01
31, 8, 2023-01-01, 2023-04-16
69, 10, 2023-05-16, 2024-01-25
111, 28, 2017-04-26, 2018-02-28
73, 24, 2022-08-05, 2022-11-10
105, 26, 2016-08-20, 2016-09-04
68, 8, 2021-12-05, 2022-07-24
95, 19, 2022-09-03, 2023-08-01
3, 16, 2016-06-29, 2017-09-19
178, 13, 2022-09-14, 2023-01-01
182, 14, 2023-04-04, 2024-02-04
25, 18, 2015-08-29, 2015-09-25
61, 16, 2018-12-22, 2019-10-29
154, 23, 2023-05-23, NULL
65, 17, 2021-12-13, 2022-06-27
102, 22, 2019-02-28, 2019-05-07
144, 2, 2021-07-05, 2021-10-05
129, 16, 2018-10-21, 2020-01-14
23, 11, 2022-12-19, 2023-09-17
67, 4, 2018-07-07, 2018-07-30
128, 28, 2018-02-24, 2019-03-14
111, 10, 2017-12-14, 2018-10-24
68, 17, 2018-07-06, 2019-02-15
81, 24, 2020-07-05, 2021-08-01
143, 28, 2022-05-16, 2023-04-07
14, 7, 2016-08-31, 2016-09-28
10, 16, 2017-12-01, 2018-02-23
112, 4, 2020-07-20, 2020-08-10
182, 18, 2020-06-10, 2021-01-31
185, 28, 2016-08-29, 2016-11-01
53, 28, 2018-03-09, 2018-06-10
192, 17, 2018-01-22, 2018-11-07
150, 7, 2021-07-18, NULL
197, 19, 2017-01-09, 2017-08-11
64, 25, 2020-08-02, 2021-07-15
85, 1, 2018-03-10, 2019-02-22
32, 13, 2019-03-11, 2020-01-08
28, 27, 2018-08-18, NULL
118, 27, 2022-12-08, 2023-11-11
161, 9, 2021-08-30, NULL
12, 21, 2021-12-24, 2023-04-25
188, 24, 2021-05-20, 2021-07-26
13, 26, 2022-03-21, 2022-08-13
15, 24, 2015-10-17, 2016-07-24
98, 3, 2019-06-22, 2019-10-31
198, 28, 2019-06-22, NULL
54, 6, 2019-05-11, 2020-06-14
166, 25, 2022-05-03, 2022-07-21
126, 26, 2019-11-06, 2020-11-17
80, 29, 2022-09-06, 2023-07-12
171, 4, 2019-02-14, 2019-11-04
115, 29, 2019-05-09, 2020-01-08
154, 14, 2016-01-05, 2017-01-27
95, 20, 2017-02-02, 2017-09-13
24, 2, 2020-10-03, 2021-03-27
174, 8, 2022-04-06, 2023-03-24
127, 17, 2022-01-22, 2022-12-20
75, 15, 2019-11-27, 2020-01-07
123, 10, 2016-08-31, 2016-11-05
77, 27, 2017-10-15, 2018-07-10
146, 2, 2021-03-06, 2021-04-15
132, 4, 2020-09-22, 2021-04-28
119, 22, 2023-01-29, 2023-11-17
91, 9, 2021-07-26, 2021-09-06
5, 4, 2023-04-22, 2024-03-26
47, 27, 2019-05-29, 2019-06-22
181, 10, 2018-07-09, 2019-05-06
194, 22, 2020-01-17, 2020-12-02
88, 30, 2017-02-05, 2017-05-25
192, 20, 2017-11-28, 2019-02-18
112, 18, 2015-03-15, 2015-03-18
4, 6, 2022-05-10, 2023-01-10
104, 28, 2022-05-18, 2023-09-25
186, 16, 2018-05-25, 2019-04-07
158, 12, 2022-09-29, 2023-09-09
173, 13, 2018-05-24, 2018-07-08
4, 7, 2016-04-03, NULL
49, 28, 2015-04-20, 2015-08-06
38, 21, 2017-09-17, 2018-04-29
138, 7, 2015-12-19, 2016-05-22
38, 16, 2019-09-25, 2019-10-07
40, 24, 2022-11-17, 2023-07-03
121, 1, 2020-01-16, 2020-11-11
76, 19, 2019-05-24, 2019-06-20
27, 21, 2022-12-30, 2023-08-09
127, 24, 2021-06-28, 2022-04-30
75, 2, 2020-06-19, 2021-01-10
152, 24, 2021-11-09, 2023-03-03
125, 8, 2023-01-04, 2023-02-05
109, 19, 2018-07-17, NULL
166, 14, 2020-04-22, 2020-06-21
166, 12, 2020-01-11, 2021-01-03
42, 10, 2023-02-22, 2023-06-01
113, 8, 2020-09-10, 2021-01-01
176, 11, 2021-10-02, 2022-12-13
169, 15, 2016-06-21, 2017-09-17
183, 13, 2019-09-04, 2020-11-04
168, 24, 2019-01-15, 2020-02-27
42, 20, 2017-04-28, 2017-09-20
23, 22, 2020-05-31, 2020-08-06
41, 20, 2020-07-08, 2020-08-29
127, 10, 2017-08-19, 2017-12-05
5, 12, 2017-12-04, 2018-06-05
45, 27, 2020-08-24, 2020-09-10
87, 14, 2016-04-11, 2017-02-22
144, 8, 2020-06-15, 2020-10-26
91, 25, 2015-07-11, 2016-08-09
69, 29, 2016-09-11, 2017-11-22
132, 20, 2022-07-05, 2022-08-28
113, 26, 2020-02-16, 2021-06-23
29, 4, 2021-11-05, 2022-09-14
27, 27, 2021-04-22, 2021-05-14
43, 21, 2016-04-28, 2017-07-18
93, 6, 2023-03-03, 2023-07-31
196, 17, 2020-08-03, 2021-08-14
40, 21, 2019-01-29, 2019-07-20
32, 28, 2017-04-06, 2017-11-17
197, 25, 2015-01-27, 2015-06-02
122, 11, 2018-03-20, 2018-12-04
69, 12, 2023-01-08, 2024-01-30
162, 22, 2017-10-02, 2017-12-19
136, 14, 2017-07-23, 2017-10-02
106, 30, 2019-08-04, 2020-11-06
133, 26, 2022-08-26, 2023-02-28
114, 5, 2015-02-10, 2016-02-13
18, 3, 2018-10-17, 2019-03-28
198, 6, 2019-11-13, 2019-12-15
10, 22, 2022-03-12, 2022-05-29
15, 21, 2022-12-31, 2024-02-14
134, 10, 2019-09-14, 2020-04-07
180, 18, 2018-05-31, 2019-06-05
89, 1, 2018-02-19, 2019-05-26
38, 23, 2019-07-13, 2020-02-27
140, 20, 2021-12-07, 2022-11-06
89, 29, 2022-04-11, 2022-11-05
78, 3, 2015-06-01, 2016-03-03
186, 24, 2023-04-20, 2024-07-14
139, 10, 2017-05-25, 2017-07-12
80, 17, 2018-10-27, 2019-11-19
6, 1, 2021-01-20, 2021-11-20
199, 10, 2023-02-23, 2023-09-28
29, 24, 2015-09-03, 2016-11-07
161, 17, 2018-12-22, NULL
167, 4, 2020-01-13, 2020-06-14
2, 15, 2018-10-20, 2019-02-18
149, 19, 2023-01-06, 2024-04-08
171, 18, 2021-09-05, 2022-01-03
73, 22, 2023-01-07, 2023-10-28
183, 13, 2020-10-29, 2021-11-11
84, 17, 2021-07-13, 2021-10-20
93, 15, 2016-02-06, 2016-04-22
106, 3, 2016-01-13, 2016-02-14
34, 16, 2017-05-29, NULL
174, 17, 2019-07-08, 2020-05-05
200, 13, 2017-12-16, 2018-10-12
109, 15, 2022-09-23, 2024-01-13
188, 14, 2016-10-29, 2017-01-11
125, 23, 2020-02-18, 2020-04-25
132, 28, 2020-12-07, 2021-02-06
117, 16, 2015-05-14, 2016-05-31
144, 12, 2016-05-01, 2017-03-06
29, 4, 2019-02-22, 2019-12-12
134, 5, 2016-04-27, 2016-11-04
96, 10, 2018-04-19, NULL
37, 5, 2021-08-12, NULL
79, 29, 2018-03-07, 2018-06-26
190, 16, 2015-01-09, 2015-03-13
18, 28, 2015-07-03, 2016-02-02
80, 19, 2020-01-27, 2021-05-02
97, 16, 2023-01-28, 2024-03-30
196, 5, 2020-08-29, 2021-07-21
116, 22, 2020-01-14, 2020-03-31
84, 3, 2022-01-03, 2022-12-10
100, 8, 2019-06-08, 2019-11-29
172, 29, 2019-12-20, 2020-12-31
23, 28, 2016-11-09, NULL
162, 26, 2022-12-07, 2023-05-15
32, 21, 2021-04-10, 2021-05-24
159, 18, 2021-06-20, NULL
146, 17, 2017-02-14, 2018-03-06
5, 4, 2022-05-20, 2023-09-12
5, 9, 2017-04-22, 2017-08-26
149, 15, 2015-12-13, 2017-01-30
83, 13, 2021-08-09, 2021-09-02
6, 11, 2019-11-26, 2020-02-27
136, 11, 2019-04-14, 2019-08-24
26, 18, 2016-11-19, 2017-04-15
66, 25, 2016-01-03, 2016-03-22
105, 22, 2016-11-24, 2016-12-25
84, 6, 2015-04-22, NULL
100, 4, 2018-08-03, 2018-10-15
83, 9, 2019-03-19, 2020-07-14
31, 2, 2017-04-09, 2017-08-10
151, 8, 2020-07-12, 2021-03-30
99, 4, 2018-01-08, 2018-02-09
142, 14, 2015-09-26, NULL
163, 8, 2015-03-18, 2015-08-03
151, 22, 2016-02-20, 2016-06-26
167, 26, 2016-05-29, 2016-11-01
115, 3, 2022-02-17, 2022-11-01
37, 12, 2021-01-22, 2021-04-19
138, 14, 2021-03-23, NULL
119, 27, 2021-12-17, 2022-05-15
43, 1, 2015-09-04, 2016-12-25
70, 20, 2017-10-24, 2018-12-28
90, 27, 2022-02-02, 2022-05-22
131, 10, 2015-07-06, 2015-09-27
145, 3, 2018-05-16, 2018-07-01
32, 27, 2016-07-26, 2017-08-02
72, 29, 2019-11-05, 2020-02-21
82, 29, 2022-08-25, 2023-12-23
67, 25, 2022-12-08, 2023-07-28
170, 11, 2018-10-31, 2019-02-16
154, 11, 2015-03-07, 2016-06-17
166, 30, 2015-01-09, 2015-11-17
3, 22, 2016-12-11, 2017-07-11
179, 23, 2020-06-25, 2021-07-21
21, 26, 2022-04-12, NULL
8, 29, 2022-07-13, 2023-02-26
91, 27, 2019-03-22, 2020-05-19
100, 6, 2022-10-26, 2022-10-31
95, 30, 2017-03-01, NULL
191, 1, 2018-02-25, 2019-02-09
92, 7, 2016-01-04, 2017-02-25
78, 26, 2023-01-19, 2023-05-13
127, 12, 2015-05-31, 2015-10-22
181, 23, 2021-10-18, NULL
164, 13, 2016-03-30, 2017-06-19
129, 16, 2016-11-29, 2017-09-08
190, 19, 2022-07-16, 2023-07-01
45, 3, 2021-08-06, 2021-10-11
33, 9, 2021-05-23, 2022-08-05
134, 24, 2018-01-28, 2018-05-07
6, 23, 2022-08-08, 2023-05-08
175, 18, 2020-02-03, 2020-02-05
165, 22, 2022-04-16, 2022-05-13
83, 14, 2019-07-25, 2019-12-13
133, 15, 2020-07-22, 2021-01-24
12, 29, 2023-02-02, NULL
108, 18, 2020-01-13, NULL
50, 11, 2015-12-02, 2017-02-25
7, 24, 2017-07-13, 2018-07-02
20, 30, 2017-10-20, 2018-01-29
80, 3, 2022-01-08, 2022-11-25
123, 14, 2015-04-09, 2016-02-07
86, 27, 2017-10-22, 2018-02-26
62, 11, 2015-08-11, 2016-10-05
61, 3, 2021-09-23, 2022-08-07
25, 21, 2020-01-03, 2020-10-26
16, 30, 2015-05-17, 2015-11-27
178, 3, 2016-06-06, 2016-07-08
114, 2, 2018-05-19, 2019-03-28
17, 4, 2022-08-07, 2022-09-05
76, 28, 2019-04-12, 2019-11-04
193, 14, 2017-08-12, 2018-10-29
169, 20, 2015-02-13, 2015-10-04
110, 29, 2021-12-15, 2022-10-29
167, 22, 2015-04-17, 2015-12-06
151, 7, 2016-03-18, NULL
183, 3, 2021-08-25, 2022-10-04
147, 5, 2022-02-23, 2022-11-11
108, 16, 2023-02-16, 2023-12-31
63, 5, 2015-06-30, 2015-07-31
150, 14, 2020-10-02, 2022-02-06
92, 10, 2021-07-18, 2022-10-15
38, 5, 2020-04-07, 2020-09-13
75, 12, 2015-02-03, 2015-10-27
174, 5, 2015-08-23, 2015-12-23
144, 28, 2015-08-12, 2016-03-16
52, 21, 2017-04-04, NULL
49, 22, 2020-05-02, 2021-04-23
120, 20, 2022-10-07, 2023-03-26
145, 11, 2021-11-28, 2022-05-01
42, 4, 2020-02-04, 2021-04-28
11, 16, 2017-06-17, NULL
58, 23, 2017-08-01, 2018-03-28
62, 16, 2023-03-28, 2024-04-25
85, 26, 2023-04-20, 2023-10-30
48, 27, 2015-01-28, NULL
92, 1, 2021-03-22, 2021-05-20
113, 7, 2022-01-29, 2022-11-25
93, 2, 2015-05-02, 2015-08-12
45, 8, 2017-12-09, 2018-12-13
142, 8, 2017-01-01, NULL
68, 30, 2016-02-19, 2016-03-01
36, 13, 2022-05-06, 2023-06-14
87, 30, 2017-05-11, 2017-10-15
95, 26, 2019-03-06, 2020-02-08
135, 26, 2021-12-27, 2023-03-24
183, 3, 2016-04-30, 2016-07-13
34, 26, 2017-02-15, 2017-05-25
178, 12, 2018-07-26, 2019-05-29
163, 8, 2015-07-09, 2016-08-03
49, 28, 2021-01-02, 2021-06-02
84, 8, 2015-08-07, 2016-06-25
33, 28, 2020-09-12, 2022-01-21
126, 7, 2023-02-27, 2023-04-10
170, 20, 2015-09-23, 2015-12-18
193, 29, 2022-03-27, 2023-04-16
128, 17, 2020-03-16, 2020-06-16
96, 17, 2022-10-15, 2023-06-20
127, 16, 2018-01-04, 2018-10-29
150, 21, 2015-05-30, 2015-09-14
52, 15, 2017-08-18, 2018-03-09
109, 29, 2019-03-25, 2020-01-12
96, 9, 2021-03-05, 2021-04-18
22, 10, 2019-12-26, 2020-09-17
150, 2, 2020-03-20, 2020-12-08
110, 15, 2020-03-30, 2020-11-07
128, 11, 2018-01-23, NULL
114, 8, 2017-12-23, NULL
22, 10, 2020-08-17, 2021-05-07
21, 26, 2018-02-06, 2019-05-27
31, 3, 2019-01-15, 2019-02-04
86, 7, 2022-07-28, 2023-01-13
191, 27, 2022-08-31, 2023-11-07
181, 20, 2016-07-18, 2017-09-29
190, 18, 2017-12-05, 2017-12-10
73, 27, 2018-11-20, 2019-12-26
104, 27, 2021-07-03, 2022-07-26
121, 21, 2020-09-30, 2021-10-25
102, 8, 2017-07-18, 2018-07-24
122, 8, 2020-10-13, 2021-08-10
194, 15, 2023-02-07, 2024-03-30
22, 11, 2017-02-08, 2017-09-16
179, 14, 2017-05-08, 2017-12-19
143, 1, 2019-03-15, 2019-05-26
33, 10, 2023-04-11, 2023-04-16
169, 27, 2018-12-23, 2019-06-15
109, 22, 2019-07-11, 2020-08-05
138, 10, 2018-08-28, NULL
9, 30, 2016-07-23, 2016-10-10
85, 19, 2022-01-23, 2023-03-09
156, 19, 2019-05-21, 2019-12-03
101, 3, 2020-12-29, 2021-07-15
28, 11, 2021-05-21, 2022-09-26
78, 3, 2016-12-03, 2017-01-26
46, 2, 2022-09-23, 2023-07-29
48, 7, 2015-10-12, 2017-01-21
73, 7, 2017-08-12, 2018-01-09
18, 15, 2015-08-24, 2016-02-29
44, 11, 2019-08-10, 2020-02-27
29, 5, 2021-01-06, 2021-08-09
18, 13, 2017-04-25, 2017-07-01
80, 14, 2022-12-16, 2023-11-22
155, 19, 2018-06-25, 2019-04-22
184, 22, 2020-02-23, 2020-07-14
37, 15, 2015-09-20, 2016-11-16
64, 17, 2018-09-09, 2019-12-20
126, 15, 2020-03-10, NULL
24, 10, 2022-04-01, 2023-06-27
89, 23, 2022-12-24, 2024-02-03
157, 27, 2016-12-18, 2017-07-19
159, 24, 2019-11-05, 2020-06-27
169, 6, 2022-11-01, 2023-08-20
179, 2, 2017-09-08, 2018-12-06
71, 29, 2022-01-16, 2022-10-19
18, 23, 2023-02-23, 2024-02-28
127, 14, 2021-03-14, 2021-05-16
20, 25, 2016-03-06, 2016-11-20
84, 14, 2020-01-22, 2020-04-16
130, 2, 2020-03-08, NULL
178, 22, 2023-05-29, 2024-01-21
191, 13, 2017-03-07, NULL
65, 4, 2022-12-14, 2024-03-28
172, 24, 2020-03-16, 2020-11-20
22, 18, 2022-05-15, 2022-09-17
113, 5, 2020-04-12, 2021-06-07
42, 6, 2015-03-15, 2016-01-20
76, 4, 2020-12-29, 2022-01-13
20, 22, 2015-02-15, 2016-01-28
113, 12, 2016-12-29, 2017-04-19
173, 18, 2017-06-04, 2018-01-17
163, 26, 2020-11-11, 2021-10-06
169, 29, 2016-02-26, 2016-09-13
114, 2, 2021-09-16, NULL
97, 25, 2017-04-06, 2018-07-26
62, 7, 2016-01-10, 2016-01-19
4, 11, 2017-02-26, 2018-02-10
57, 29, 2016-01-31, 2017-03-15
171, 6, 2023-02-13, NULL
132, 4, 2018-09-01, 2019-02-14
49, 20, 2017-04-28, 2018-08-20
110, 4, 2017-08-09, 2017-11-27
83, 6, 2015-03-03, 2015-09-25
4, 13, 2017-05-21, 2018-01-11
169, 27, 2018-02-14, 2019-01-13
12, 3, 2017-06-14, 2018-01-11
154, 16, 2016-02-22, 2017-02-21
146, 6, 2017-10-28, 2019-03-04
84, 21, 2022-10-23, 2023-05-10
198, 23, 2016-06-28, 2016-12-16
195, 29, 2022-09-17, 2023-02-27
171, 16, 2015-10-04, NULL
150, 15, 2019-04-16, 2020-01-03
60, 17, 2021-08-03, 2022-07-30
60, 1, 2021-11-29, 2022-12-23
80, 8, 2023-04-11, 2023-11-17
159, 3, 2015-09-03, 2015-11-13
76, 7, 2016-09-13, 2017-03-25
10, 8, 2023-02-18, 2023-12-22
114, 24, 2018-09-08, 2018-11-16
165, 26, 2015-06-12, 2016-03-05
107, 21, 2018-03-27, NULL
188, 11, 2018-11-04, 2019-03-09
14, 30, 2022-06-16, 2022-10-22
179, 24, 2017-06-30, 2018-05-08
134, 11, 2017-01-21, 2017-09-05
17, 28, 2020-07-06, 2020-08-11
14, 21, 2016-08-02, 2017-11-26
24, 6, 2021-08-24, 2022-06-02
53, 8, 2020-09-09, 2020-10-20
120, 10, 2016-11-03, 2017-11-08
109, 6, 2021-10-17, 2022-02-22
148, 15, 2022-02-16, 2022-05-31
124, 3, 2019-01-12, 2019-08-04
121, 15, 2019-09-28, 2020-06-13
111, 25, 2016-09-30, 2017-11-24
124, 1, 2019-04-12, 2019-11-17
195, 30, 2018-05-14, 2019-03-15
142, 24, 2016-12-20, 2017-05-01
79, 15, 2018-03-06, 2018-09-15
124, 3, 2018-09-26, 2018-12-05
51, 5, 2017-02-15, NULL
129, 24, 2023-02-19, 2023-08-30
107, 13, 2023-04-29, 2023-11-07
79, 21, 2021-08-06, 2021-09-12
10, 30, 2016-05-24, 2016-12-08
42, 7, 2019-11-23, 2021-03-28
193, 24, 2018-11-28, 2019-08-16
163, 23, 2019-02-17, NULL
99, 30, 2019-10-03, 2020-10-14
123, 2, 2019-01-20, 2019-12-10
8, 23, 2022-06-19, 2023-05-16
155, 15, 2022-08-21, 2022-11-05
155, 19, 2022-06-07, 2023-08-12
30, 25, 2016-01-14, 2016-12-09
99, 13, 2022-12-02, 2023-09-29
21, 17, 2017-02-12, 2018-05-07
110, 9, 2022-10-04, 2023-03-08
137, 22, 2019-04-17, 2020-02-12
106, 25, 2023-02-28, 2024-05-19
163, 19, 2018-11-11, 2020-01-02
192, 7, 2023-05-23, 2023-12-13
2, 6, 2020-07-07, 2020-07-08
199, 23, 2019-09-08, 2020-06-03
74, 24, 2019-11-01, 2020-01-28
48, 23, 2016-07-04, 2016-10-14
129, 4, 2020-01-20, 2020-11-06
48, 7, 2015-08-30, 2016-09-17
195, 7, 2017-11-28, 2019-03-05
113, 21, 2022-01-01, 2022-02-26
43, 3, 2018-04-15, 2018-05-29
71, 3, 2018-11-02, 2018-11-18
123, 16, 2022-07-18, 2023-08-12
16, 9, 2015-01-30, 2016-01-06
11, 4, 2017-05-14, 2018-02-06
97, 20, 2020-10-31, 2022-03-08
125, 16, 2018-10-12, 2019-08-18
95, 22, 2018-11-06, 2019-04-17
93, 22, 2019-06-21, 2020-01-01
92, 28, 2018-09-14, 2019-11-01
117, 28, 2022-10-31, 2023-05-25
36, 1, 2021-10-01, 2021-12-03
72, 23, 2017-10-15, 2018-04-22
176, 22, 2020-04-30, 2021-01-19
49, 1, 2022-02-26, 2023-07-02
83, 1, 2022-02-08, 2022-08-12
189, 11, 2022-08-08, 2023-03-24
125, 13, 2023-04-16, 2024-02-24
90, 14, 2020-05-04, 2021-04-07
26, 24, 2019-04-26, 2019-09-24
183, 5, 2020-10-31, 2022-01-23
184, 17, 2015-05-11, 2015-07-16
23, 10, 2022-07-19, 2023-04-26
120, 6, 2020-01-02, 2021-05-05
170, 18, 2017-09-13, 2018-01-16
193, 22, 2022-11-06, 2022-12-22
184, 1, 2016-10-18, 2018-02-06
99, 25, 2018-02-22, 2018-06-15
171, 16, 2022-07-09, 2022-09-11
137, 21, 2023-02-19, 2023-10-29
178, 11, 2017-07-05, 2018-10-26
154, 3, 2022-03-22, 2022-09-14
184, 24, 2023-04-03, 2024-04-09
165, 26, 2021-04-20, 2022-08-28
60, 8, 2017-11-27, 2018-01-26
29, 3, 2018-10-25, 2019-11-09
49, 24, 2016-04-20, 2017-02-08
81, 13, 2021-06-21, NULL
16, 19, 2021-01-02, 2021-04-10
109, 11, 2019-02-04, 2020-03-19
33, 17, 2022-06-11, 2023-04-16
28, 13, 2015-02-07, 2015-11-10
81, 5, 2018-04-30, 2019-07-03
175, 15, 2016-08-26, 2017-06-30
192, 22, 2022-11-19, 2022-12-07
80, 17, 2022-09-21, 2022-11-24
181, 19, 2020-05-13, 2021-04-02
127, 10, 2022-11-24, 2024-04-02
86, 5, 2023-01-14, 2023-05-02
58, 23, 2023-04-02, 2023-04-29
199, 6, 2020-06-19, 2021-06-27
169, 30, 2016-10-14, 2016-10-26
87, 14, 2022-08-08, 2023-04-08
194, 13, 2019-05-21, 2019-06-27
73, 10, 2022-10-23, 2024-02-08
141, 13, 2016-02-03, 2016-04-11
149, 28, 2015-08-10, 2016-10-19
78, 15, 2022-05-05, 2022-07-28
114, 23, 2020-05-30, 2020-10-27
54, 7, 2023-05-24, 2023-09-02
3, 12, 2023-02-21, 2024-05-05
174, 26, 2016-08-27, 2017-03-08
110, 22, 2016-11-20, NULL
92, 16, 2017-01-05, NULL
132, 21, 2018-10-18, 2019-08-18
39, 21, 2023-02-07, 2023-09-02
31, 8, 2019-06-13, 2020-02-19
153, 6, 2022-04-27, 2023-05-14
178, 26, 2022-07-10, 2023-06-13
119, 28, 2022-04-17, 2022-10-30
168, 15, 2019-02-13, 2019-02-19
22, 4, 2020-06-26, 2021-05-21
131, 8, 2015-04-05, 2016-01-31
147, 16, 2018-01-26, 2019-01-17
152, 6, 2019-04-22, 2019-12-26
180, 14, 2018-05-07, 2019-02-24
84, 3, 2023-01-02, 2024-04-12
138, 6, 2019-07-19, 2020-09-08
101, 18, 2021-01-06, 2022-02-12
126, 3, 2020-10-26, 2021-12-29
183, 27, 2022-04-23, 2022-06-26
54, 22, 2016-04-25, 2016-07-27
178, 6, 2015-01-22, 2015-11-03
81, 4, 2015-06-10, 2015-08-15
168, 6, 2015-12-26, 2016-10-09
193, 2, 2015-12-13, 2016-02-15
94, 18, 2016-12-03, 2017-07-08
169, 1, 2017-10-14, NULL
133, 29, 2018-04-16, 2019-03-20
36, 19, 2020-07-01, 2021-06-22
91, 20, 2021-01-13, 2021-10-02
26, 22, 2015-07-03, NULL
37, 10, 2017-05-31, 2018-10-04
142, 7, 2021-08-20, 2022-02-20
187, 20, 2019-09-25, 2019-11-03
67, 13, 2022-04-15, 2023-07-22
117, 3, 2017-11-07, 2018-10-20
178, 5, 2021-01-04, NULL
188, 9, 2022-02-06, 2023-01-29
183, 12, 2021-04-27, 2022-03-30
131, 20, 2016-11-02, 2017-06-05
81, 26, 2019-11-12, NULL
155, 8, 2015-11-14, 2016-04-01
29, 22, 2021-02-24, NULL
164, 3, 2019-01-26, 2020-05-06
70, 5, 2017-07-13, NULL
97, 8, 2019-03-31, 2020-07-31
32, 6, 2020-11-26, 2021-12-04
151, 27, 2020-06-28, 2020-08-16
180, 19, 2018-03-01, 2018-12-09
26, 29, 2015-07-16, 2015-10-12
193, 13, 2017-01-10, 2017-07-06
174, 26, 2020-12-17, 2021-09-26
104, 16, 2021-08-23, 2021-10-28
176, 17, 2022-12-31, 2023-03-21
37, 13, 2021-05-13, 2022-05-25
186, 21, 2019-02-25, 2020-02-23
174, 20, 2019-09-10, 2020-09-06
113, 12, 2020-04-03, 2020-12-17
110, 17, 2023-01-21, 2024-04-17
59, 10, 2022-02-16, 2023-05-02
79, 14, 2018-07-04, 2019-09-10
21, 3, 2023-03-09, 2023-07-10
43, 19, 2015-08-24, 2015-10-07
142, 30, 2020-07-11, 2021-08-29
109, 22, 2020-09-14, 2022-01-05
123, 16, 2020-10-10, 2021-09-26
137, 23, 2016-05-25, NULL
49, 30, 2023-05-14, 2023-05-18
180, 18, 2023-05-29, 2023-11-22
190, 22, 2020-12-03, 2021-11-19
156, 15, 2016-11-21, 2017-11-02
196, 17, 2017-07-10, NULL
35, 17, 2018-12-18, NULL
127, 13, 2016-11-29, 2017-06-09
87, 30, 2022-08-13, 2022-12-19
197, 28, 2016-04-27, 2016-09-23
76, 9, 2017-05-22, 2017-05-24
146, 13, 2017-06-09, 2018-09-25
165, 17, 2015-05-26, 2016-09-16
159, 28, 2020-06-22, 2020-07-22
158, 15, 2018-09-07, 2019-02-07
2, 12, 2023-02-07, 2023-05-14
3, 4, 2019-10-31, 2020-07-09
136, 17, 2016-09-21, 2017-04-20
125, 1, 2016-09-29, 2017-10-28
58, 16, 2019-06-08, 2019-12-17
110, 29, 2017-01-16, 2017-10-18
28, 15, 2022-05-12, 2023-07-16
36, 12, 2023-05-19, NULL
182, 7, 2016-03-29, 2016-07-05
35, 13, 2019-09-21, 2020-10-06
9, 6, 2022-06-21, 2022-10-01
171, 9, 2016-05-01, 2016-12-03
127, 26, 2022-08-24, 2023-08-25
193, 25, 2019-06-26, 2020-03-09
190, 27, 2019-05-12, 2019-07-19
28, 26, 2015-03-28, 2015-06-01
129, 1, 2022-09-04, NULL
88, 14, 2021-09-11, NULL
123, 10, 2018-03-01, 2018-11-05
110, 8, 2021-12-04, 2022-02-21
48, 8, 2018-02-25, 2019-03-25
68, 23, 2017-10-10, 2018-09-17
51, 16, 2022-12-03, 2024-01-08
180, 24, 2020-08-19, 2021-06-28
152, 21, 2022-02-11, 2022-04-29
34, 13, 2015-06-07, 2015-10-26
38, 14, 2015-03-14, 2016-01-24
14, 13, 2019-07-27, 2020-04-21
163, 8, 2017-06-27, 2017-12-17
16, 17, 2019-10-16, NULL
29, 9, 2019-01-29, 2019-06-22
183, 14, 2017-10-08, 2018-03-21
47, 2, 2015-01-03, 2015-01-30
83, 7, 2018-03-14, 2018-11-11
156, 4, 2019-10-31, 2020-02-03
126, 12, 2018-10-01, 2019-03-06
172, 1, 2022-08-29, 2023-06-08
34, 11, 2019-01-16, 2020-01-31
191, 25, 2021-08-09, 2022-05-07
61, 21, 2018-02-04, 2018-05-23
23, 29, 2016-03-11, 2016-05-17
155, 4, 2015-06-18, 2016-04-14
168, 27, 2017-02-19, 2017-05-29
26, 3, 2021-02-16, 2021-12-30
186, 16, 2017-04-07, 2018-01-06
12, 5, 2017-02-24, 2017-09-27
65, 29, 2021-04-14, 2022-08-27
94, 15, 2022-01-23, 2023-01-26
112, 3, 2020-05-31, 2021-01-01
129, 26, 2015-03-31, 2015-06-25
179, 5, 2018-04-01, 2018-04-25
16, 26, 2022-10-12, 2023-01-18
102, 16, 2022-09-05, 2023-06-05
20, 6, 2019-11-29, 2020-12-18
144, 25, 2019-05-18, 2019-12-10
53, 6, 2015-01-15, 2015-04-07
152, 23, 2015-02-06, 2016-05-02
132, 15, 2020-08-25, 2021-08-23
67, 10, 2017-06-21, 2017-11-20
142, 4, 2016-12-01, NULL
61, 10, 2015-06-10, 2016-05-03
72, 30, 2016-06-28, 2016-11-14
14, 21, 2017-10-16, 2018-12-12
30, 1, 2022-04-10, 2022-10-05
95, 11, 2015-12-07, 2017-04-05
141, 9, 2023-02-05, 2023-04-15
157, 10, 2018-08-22, 2018-09-21
3, 27, 2018-12-27, 2019-04-19
72, 6, 2017-11-14, NULL
169, 28, 2021-07-17, 2021-09-10
177, 13, 2022-05-02, 2022-09-11
163, 20, 2021-03-06, 2021-06-20
57, 11, 2018-01-05, 2018-04-20
193, 13, 2016-09-29, 2017-05-16
186, 14, 2019-02-18, 2019-05-05
24, 16, 2017-01-13, 2017-09-06
46, 7, 2021-05-22, 2022-01-29
47, 21, 2018-03-01, 2018-03-12
46, 27, 2019-06-03, 2020-05-20
18, 5, 2015-10-23, 2016-05-29
166, 13, 2016-02-15, 2017-02-20
187, 25, 2015-02-18, 2015-12-24
99, 1, 2016-03-26, NULL
165, 30, 2015-06-29, 2015-09-05
22, 9, 2016-08-07, 2017-12-01
4, 26, 2015-02-08, 2016-06-13
139, 24, 2018-10-18, 2019-12-29
52, 5, 2020-05-21, 2021-06-14
114, 27, 2016-10-30, 2017-04-06
40, 8, 2015-08-17, 2016-05-22
161, 18, 2016-05-19, 2016-05-30
27, 18, 2018-04-30, 2018-06-22
107, 5, 2015-01-05, 2016-04-17
59, 14, 2019-04-28, 2019-07-13
74, 8, 2022-09-04, 2023-03-20
184, 27, 2016-04-05, 2016-12-13
29, 8, 2016-02-21, 2017-06-25
92, 3, 2021-11-26, 2022-05-16
22, 29, 2015-06-27, 2016-05-02
110, 17, 2018-10-03, 2019-08-07
109, 5, 2022-06-26, 2023-06-13
74, 12, 2016-03-01, 2016-07-18
170, 12, 2017-12-23, 2019-02-12
20, 26, 2015-01-09, 2016-03-26
39, 25, 2022-05-10, 2022-07-25
100, 15, 2023-02-02, 2024-03-16
123, 27, 2015-10-03, 2015-11-30
187, 9, 2016-08-15, 2016-10-01
33, 6, 2019-04-27, 2019-10-25
109, 16, 2022-10-11, 2024-02-22
163, 11, 2016-07-20, 2017-09-04
63, 13, 2019-09-11, 2020-06-19
137, 16, 2020-12-21, 2021-09-22
99, 3, 2021-07-07, 2022-07-09
148, 25, 2022-10-11, 2023-12-01
180, 3, 2017-08-21, NULL
5, 12, 2021-04-06, 2021-12-05
29, 2, 2018-12-01, 2019-06-04
200, 27, 2016-07-24, 2016-12-22
142, 30, 2019-09-21, 2020-01-24
58, 2, 2023-05-18, 2023-07-28
179, 23, 2016-08-09, 2017-02-19
179, 14, 2019-03-03, 2019-03-31
170, 19, 2015-10-30, 2016-07-01
41, 1, 2016-08-24, 2017-02-28
63, 3, 2015-02-21, 2015-12-10
107, 5, 2017-01-17, 2017-09-15
192, 17, 2022-11-01, 2024-03-01
106, 24, 2018-10-13, 2019-05-29
178, 1, 2018-03-20, 2018-05-16
165, 2, 2021-10-10, 2022-10-30
42, 1, 2019-06-12, 2020-08-12
117, 18, 2022-12-23, 2024-02-21
147, 17, 2018-06-07, 2019-06-06
41, 9, 2016-01-12, 2016-10-06
33, 24, 2017-05-17, 2017-12-09
57, 13, 2017-01-22, 2018-03-20
144, 20, 2015-11-13, 2017-01-05
123, 11, 2022-04-27, 2023-03-22
98, 6, 2015-08-12, 2016-09-27
109, 7, 2018-01-10, 2018-03-07
93, 20, 2018-10-06, 2018-10-21
42, 18, 2016-03-12, 2016-04-15
3, 25, 2018-06-20, 2018-09-25
164, 30, 2015-05-13, 2015-09-14
146, 19, 2015-07-03, 2016-04-17
124, 2, 2015-07-16, 2015-12-25
80, 1, 2018-12-31, 2020-01-20
102, 17, 2017-03-09, 2017-08-18
186, 12, 2016-06-14, 2017-06-09
85, 14, 2023-04-25, 2024-01-08
199, 5, 2015-04-08, 2016-02-03
123, 19, 2015-06-03, 2015-10-30
175, 15, 2015-11-19, 2017-02-15
184, 8, 2017-06-02, 2018-07-21
37, 25, 2023-01-22, 2023-04-15
129, 17, 2023-03-04, 2024-01-10
197, 11, 2020-01-07, 2021-02-13
75, 12, 2021-12-28, 2023-03-12
11, 29, 2022-12-29, 2024-01-30
62, 7, 2021-11-05, NULL
40, 19, 2022-01-15, 2022-09-27
4, 5, 2018-06-21, 2019-03-29
23, 16, 2016-01-21, 2016-09-10
76, 6, 2015-10-07, 2016-02-28
91, 3, 2015-10-19, 2016-01-19
118, 9, 2020-04-22, 2020-09-01
114, 21, 2016-07-29, 2017-11-23
146, 16, 2015-06-12, 2015-12-16
103, 14, 2021-12-13, 2023-03-28
113, 12, 2020-09-30, 2021-12-07
81, 12, 2015-12-08, 2016-11-22
116, 9, 2022-08-27, 2022-09-18
165, 2, 2023-04-24, 2024-06-02
144, 1, 2016-09-25, 2017-12-06
97, 6, 2021-05-24, 2021-12-15
58, 13, 2020-03-08, 2021-02-14
120, 15, 2022-03-16, 2022-12-15
120, 4, 2015-12-18, 2016-03-20
102, 25, 2019-11-10, 2020-02-21
17, 11, 2018-11-03, 2019-09-09
180, 24, 2020-05-04, 2020-07-02
10, 18, 2016-09-29, 2018-01-28
164, 7, 2018-08-04, NULL
154, 25, 2019-04-07, 2019-05-09
93, 26, 2019-10-28, 2020-06-27
55, 28, 2015-04-04, 2016-08-04
109, 9, 2017-10-29, 2018-09-20
37, 3, 2018-01-26, 2018-08-22
183, 15, 2019-09-16, 2020-06-11
67, 6, 2015-08-09, 2015-09-26
110, 11, 2018-05-01, 2018-07-25
108, 16, 2020-05-01, 2021-01-31
42, 23, 2019-11-25, 2020-05-25
147, 13, 2015-02-10, 2015-11-25
153, 7, 2015-11-15, 2016-11-20
158, 5, 2018-08-19, 2019-07-26
188, 24, 2023-04-06, 2024-04-16
39, 29, 2020-02-22, 2021-06-15
82, 4, 2022-07-23, 2023-02-17
185, 1, 2020-01-20, 2021-05-17
33, 21, 2020-01-15, 2020-12-08
25, 2, 2017-06-14, 2018-07-01
108, 23, 2021-02-14, 2022-03-18
97, 7, 2018-11-26, 2019-03-14
174, 19, 2015-02-28, 2015-09-06
5, 10, 2018-06-11, 2019-02-24
32, 23, 2020-08-06, 2021-07-05
106, 14, 2018-12-11, 2019-06-10
110, 17, 2018-10-07, 2018-12-05
118, 14, 2019-03-09, 2019-06-08
42, 18, 2019-11-21, 2020-06-04
169, 23, 2022-08-18, 2023-03-30
180, 20, 2016-02-11, 2016-03-27
27, 3, 2022-04-14, 2022-04-23
106, 4, 2020-07-26, 2021-08-14
140, 4, 2022-02-07, 2022-09-23
9, 22, 2018-04-02, 2019-06-13
58, 25, 2020-02-06, 2020-11-15
51, 28, 2020-04-07, 2021-08-07
119, 14, 2022-03-26, 2023-03-22
102, 1, 2019-03-15, 2020-04-19
73, 9, 2022-05-21, 2022-10-04
107, 22, 2017-09-16, 2017-09-19
107, 2, 2015-03-05, 2015-03-19
96, 27, 2020-10-26, 2021-12-20
82, 11, 2016-11-29, 2018-04-05
111, 8, 2021-03-26, 2022-08-07
158, 21, 2019-05-31, NULL
148, 14, 2016-06-11, 2017-10-05
187, 6, 2019-07-10, 2020-10-15
41, 14, 2017-08-04, 2017-09-24
33, 17, 2016-04-29, 2017-03-19
101, 27, 2022-01-13, 2023-04-28
142, 6, 2018-08-13, 2018-11-26
7, 14, 2015-02-17, 2016-01-05
40, 1, 2021-12-06, 2022-12-04
21, 19, 2019-04-16, 2019-04-29
34, 15, 2022-02-11, 2023-01-01
48, 8, 2022-04-26, 2023-07-30
50, 18, 2017-10-01, 2018-10-08
97, 25, 2017-12-02, NULL
22, 30, 2016-08-11, NULL
149, 28, 2016-02-28, 2016-04-25
153, 4, 2016-03-14, 2016-05-26
47, 3, 2015-11-13, 2016-07-24
54, 13, 2016-02-17, 2016-10-26
106, 3, 2020-06-15, 2021-10-20
54, 22, 2019-09-16, 2020-03-27
163, 30, 2020-01-21, 2021-03-10
77, 1, 2017-01-01, 2017-12-05
156, 28, 2015-05-09, 2015-07-09
89, 16, 2021-11-19, 2022-09-23
41, 17, 2023-04-26, 2023-09-04
50, 20, 2015-05-02, NULL
132, 25, 2016-09-16, 2017-01-05
30, 29, 2017-06-07, 2017-06-23
57, 3, 2023-02-28, 2024-02-18
69, 9, 2020-05-26, 2020-09-06
90, 23, 2021-03-08, 2022-02-05
191, 26, 2020-07-23, 2021-03-04
103, 30, 2017-03-01, 2017-07-08
176, 28, 2023-01-17, 2023-06-10
27, 19, 2021-08-03, 2022-01-10
53, 24, 2020-06-21, 2021-01-29
109, 20, 2023-05-19, 2023-10-06
160, 4, 2021-10-23, 2022-05-08
146, 12, 2019-03-12, 2020-06-14
17, 15, 2016-11-16, NULL
131, 9, 2021-07-31, 2022-02-26
166, 17, 2018-12-13, NULL
47, 26, 2018-08-14, 2019-03-22
92, 8, 2015-10-25, 2016-02-13
96, 5, 2018-07-11, NULL
177, 1, 2023-01-15, 2023-07-03
146, 26, 2018-08-10, 2019-11-14
17, 13, 2018-03-07, 2019-01-10
56, 4, 2021-04-16, 2021-09-06
172, 3, 2021-06-08, 2022-09-09
175, 25, 2019-11-18, 2020-04-29
51, 7, 2015-07-23, 2016-09-06
12, 9, 2019-09-22, 2019-11-23
44, 20, 2018-08-31, 2019-06-30
148, 1, 2018-03-13, 2018-03-23
148, 1, 2020-03-06, 2020-07-30
104, 2, 2020-12-25, 2022-04-10
87, 21, 2015-03-08, 2015-04-13
107, 24, 2018-05-17, 2018-10-05
89, 13, 2015-11-23, 2016-09-03
127, 20, 2015-07-12, 2016-01-30
117, 16, 2022-03-10, 2023-07-19
96, 20, 2016-02-25, 2016-03-11
3, 5, 2016-03-06, 2016-08-19
186, 14, 2017-07-16, 2017-10-12
186, 29, 2019-02-19, 2020-04-12
2, 30, 2022-09-20, NULL
12, 4, 2015-07-16, 2016-11-12
68, 11, 2022-09-18, 2023-07-29
98, 9, 2022-11-01, 2023-01-28
150, 15, 2016-05-06, 2016-07-10
38, 25, 2021-07-20, 2022-10-18
106, 21, 2020-01-05, 2020-12-13
136, 8, 2021-06-25, 2022-02-25
72, 11, 2023-03-13, 2023-11-16
68, 25, 2018-04-28, 2019-04-28
143, 27, 2017-09-19, 2018-08-23
53, 23, 2015-11-16, 2015-12-25
16, 7, 2015-02-23, 2016-02-02
99, 7, 2020-06-20, 2020-08-13
152, 25, 2020-12-01, 2021-08-22
195, 10, 2022-12-12, 2023-08-02
130, 4, 2016-06-16, 2016-10-07
99, 15, 2021-12-16, 2022-09-05
103, 7, 2015-10-09, 2016-02-29
176, 10, 2021-06-22, 2022-05-20
119, 29, 2016-03-14, 2017-03-31
5, 29, 2020-03-02, 2020-06-06
122, 22, 2020-12-14, 2021-08-03
31, 30, 2021-03-04, 2021-04-17
55, 5, 2019-06-14, 2020-02-27
86, 2, 2019-12-13, 2020-05-01
13, 21, 2019-04-16, 2020-04-25
50, 10, 2017-02-14, 2017-09-09
71, 17, 2021-10-24, 2022-07-04
28, 22, 2015-07-24, 2016-06-19
29, 8, 2016-04-16, 2016-05-14
148, 9, 2017-09-04, 2017-10-08
71, 8, 2021-12-15, 2022-12-09
101, 13, 2016-02-19, 2016-06-11
178, 9, 2020-07-21, 2020-11-04
53, 12, 2022-02-21, 2022-07-19
74, 24, 2015-01-13, 2015-03-03
180, 20, 2020-05-06, 2021-05-20
177, 8, 2016-11-28, 2017-05-09
43, 6, 2018-09-22, 2019-12-27
4, 22, 2020-04-27, 2020-12-03
46, 9, 2015-11-12, 2016-02-08
3, 20, 2018-12-13, 2020-04-23
1, 16, 2017-10-10, 2018-06-09
5, 19, 2022-08-17, 2023-01-13
135, 17, 2016-11-16, 2017-12-08
25, 4, 2018-06-01, 2019-07-18
116, 16, 2023-03-29, 2023-09-25
66, 22, 2020-06-15, 2020-10-23
4, 27, 2018-12-15, 2019-05-19
133, 25, 2022-06-12, 2023-08-25
153, 16, 2016-04-06, 2016-08-23
187, 21, 2015-03-26, 2015-06-10
57, 22, 2016-08-03, 2017-02-02
63, 19, 2023-04-24, 2024-04-15
93, 7, 2023-05-07, 2023-06-22
97, 21, 2016-03-18, 2017-07-26
161, 22, 2021-02-09, 2022-05-16
135, 6, 2017-12-22, 2019-04-03
85, 13, 2021-08-10, 2022-03-12
71, 10, 2017-02-19, 2017-03-13
180, 11, 2021-11-13, 2022-01-15
117, 19, 2018-11-22, 2019-04-19
3, 16, 2022-09-08, 2022-11-23
39, 17, 2018-04-01, 2019-02-15
42, 10, 2020-06-17, NULL
76, 1, 2020-02-03, 2020-02-24
152, 4, 2015-08-06, 2016-04-13
111, 12, 2022-05-28, NULL
65, 5, 2018-12-05, 2020-02-28
129, 22, 2021-04-15, 2021-07-04
183, 9, 2016-08-07, 2017-08-18
150, 30, 2015-11-27, 2016-04-24
122, 30, 2018-12-23, 2019-04-30
164, 13, 2019-09-27, 2020-04-19
26, 29, 2017-12-06, 2019-03-23
80, 6, 2021-04-28, 2021-12-08
83, 26, 2021-06-26, 2021-09-06
52, 9, 2016-07-09, 2017-02-08
78, 10, 2015-12-17, 2016-05-18
161, 15, 2021-02-13, 2021-05-18
112, 4, 2016-07-21, 2017-04-17
81, 17, 2022-09-07, 2023-09-07
91, 14, 2020-03-25, 2020-10-27
119, 1, 2021-04-08, 2021-04-22
108, 3, 2016-07-29, 2017-06-09
63, 19, 2020-09-28, 2021-04-08
140, 29, 2021-05-05, 2022-07-29
194, 28, 2019-05-28, 2019-08-01
2, 15, 2020-10-22, 2021-06-15
22, 2, 2018-01-11, 2019-03-12
28, 11, 2021-08-31, 2021-10-20
145, 16, 2022-09-29, 2023-03-18
32, 24, 2021-07-22, 2022-07-03
184, 2, 2022-11-13, 2023-02-26
144, 24, 2020-07-21, 2020-09-29
173, 21, 2016-09-25, 2017-02-27
185, 30, 2015-01-27, 2016-03-15
177, 7, 2016-04-14, NULL
155, 29, 2016-05-10, 2017-02-01
53, 4, 2020-04-24, 2020-05-07
114, 13, 2015-08-16, 2016-12-03
104, 16, 2017-01-23, 2018-03-19
140, 9, 2021-11-14, 2022-10-29
169, 20, 2016-05-19, 2016-12-27
6, 6, 2016-08-03, 2017-09-27
62, 6, 2020-09-26, 2021-10-11
52, 16, 2020-05-21, 2020-10-17
26, 19, 2020-07-12, 2021-01-17
101, 13, 2022-10-28, 2023-12-12
107, 27, 2019-10-07, NULL
118, 4, 2021-04-30, NULL
78, 2, 2022-03-27, 2023-02-24
159, 15, 2015-06-24, 2016-10-01
36, 15, 2023-02-09, 2023-10-02
41, 12, 2020-08-12, 2021-10-25
54, 12, 2022-12-02, 2023-08-28
17, 6, 2022-05-10, 2022-07-27
185, 19, 2018-10-21, 2019-06-14
36, 9, 2022-05-20, 2022-10-23
18, 30, 2022-03-27, 2022-11-30
121, 20, 2022-05-23, 2022-08-24
130, 25, 2022-05-22, 2023-02-16
179, 11, 2021-08-08, 2022-12-11
150, 20, 2019-07-12, NULL
188, 6, 2017-08-07, 2017-09-26
128, 30, 2022-08-14, 2023-04-15
60, 25, 2023-03-20, 2024-05-01
45, 24, 2019-04-23, 2020-05-14
17, 2, 2021-11-11, 2022-03-20
192, 3, 2019-12-14, 2021-01-08
162, 27, 2015-05-01, 2016-08-16
28, 23, 2020-01-16, 2020-07-28
164, 19, 2021-03-29, 2021-07-10
126, 15, 2022-08-12, 2023-01-06
190, 6, 2019-11-13, 2021-01-03
50, 3, 2021-07-12, 2021-07-25
172, 4, 2017-04-13, 2017-05-01
2, 12, 2019-07-30, 2020-05-16
19, 11, 2017-01-29, 2018-01-14
187, 21, 2020-12-03, 2021-08-15
54, 19, 2020-04-24, 2021-01-06
159, 29, 2021-04-07, 2022-06-18
18, 15, 2019-10-18, 2020-09-03
19, 19, 2015-11-17, 2016-01-22
77, 4, 2016-04-28, 2017-01-09
154, 18, 2018-09-17, 2018-09-29
75, 30, 2017-10-26, 2018-05-14
18, 28, 2016-10-08, 2018-02-16
137, 19, 2017-09-15, 2018-11-26
157, 17, 2018-07-02, 2019-01-23
140, 23, 2016-03-30, 2017-01-23
68, 21, 2015-05-03, 2015-05-20
67, 7, 2018-10-02, 2019-12-31
36, 7, 2021-02-18, 2022-04-13
194, 22, 2015-09-13, 2016-01-12
145, 29, 2021-11-03, 2022-10-29
10, 12, 2015-10-17, 2017-02-15
190, 20, 2015-11-27, 2017-02-24
34, 9, 2023-02-10, 2023-03-04
128, 17, 2017-07-11, 2018-06-09
123, 10, 2017-07-21, 2017-08-01
7, 25, 2017-03-14, 2017-12-13
98, 22, 2022-09-01, NULL
124, 2, 2019-05-05, 2020-06-01
33, 14, 2022-11-12, 2023-06-19
30, 15, 2016-04-28, 2017-08-01
95, 12, 2017-03-04, 2017-08-27
15, 8, 2017-08-08, 2017-09-25
59, 14, 2023-05-20, 2024-06-09
138, 19, 2015-07-07, NULL
185, 8, 2015-08-21, NULL
113, 6, 2018-03-03, 2018-03-26
155, 21, 2017-09-27, 2018-02-24
102, 16, 2022-05-17, 2022-07-19
20, 9, 2021-02-04, 2021-05-21
189, 27, 2019-01-02, 2020-04-06
57, 15, 2022-12-30, 2023-06-03
200, 18, 2018-04-13, 2019-07-02
135, 29, 2017-12-31, 2018-06-13
129, 4, 2015-08-10, 2016-02-04
181, 20, 2020-06-14, NULL
36, 27, 2020-11-03, 2021-03-02
142, 7, 2016-05-17, 2016-11-24
37, 2, 2017-08-20, 2018-08-13
196, 15, 2016-04-12, 2016-04-23
9, 9, 2018-02-12, 2018-12-11
22, 2, 2018-02-17, 2019-05-01
127, 1, 2019-04-17, 2019-10-31
58, 7, 2019-04-03, 2019-07-07
137, 2, 2022-05-29, NULL
196, 12, 2015-04-17, 2016-07-26
87, 30, 2017-12-11, 2019-01-30
56, 25, 2015-04-23, 2015-10-15
160, 14, 2019-10-18, 2020-11-22
189, 25, 2015-08-22, 2016-10-09
100, 24, 2022-08-08, 2023-01-03
137, 15, 2019-10-03, 2020-07-23
197, 17, 2017-12-01, 2018-02-23
120, 24, 2017-09-02, 2017-11-09
72, 26, 2022-08-27, 2023-12-27
64, 25, 2021-02-01, 2021-07-03
102, 2, 2021-11-26, 2022-04-16
169, 9, 2022-04-28, 2023-06-17
4, 4, 2018-06-11, 2019-03-30
68, 28, 2017-01-02, 2017-08-18
113, 1, 2020-03-25, 2020-04-13
123, 21, 2021-03-29, 2021-07-19
149, 3, 2018-02-06, 2019-05-12
81, 3, 2019-12-10, 2020-03-12
71, 9, 2020-07-20, 2020-09-24
45, 5, 2021-12-06, NULL
30, 21, 2015-06-07, 2015-09-10
113, 19, 2018-07-23, 2018-08-14
59, 2, 2023-01-05, 2023-05-18
5, 22, 2018-12-18, 2019-09-21
154, 8, 2018-12-03, NULL
114, 4, 2020-09-24, 2020-11-03
84, 19, 2019-03-02, 2020-04-30
107, 3, 2022-03-14, 2022-10-19
37, 1, 2018-08-30, 2019-07-07
86, 14, 2022-04-24, 2022-11-02
76, 20, 2015-05-08, 2015-07-30
75, 30, 2016-09-06, 2017-12-17
28, 20, 2017-05-16, 2018-07-04
184, 25, 2023-04-28, 2024-01-14
183, 12, 2017-05-30, 2017-12-10
9, 22, 2023-02-22, 2023-05-10
167, 3, 2015-11-13, 2017-03-18
58, 19, 2020-08-24, 2021-06-15
188, 14, 2021-01-16, 2022-01-27
136, 26, 2015-07-30, 2016-06-05
135, 17, 2019-12-12, 2020-05-23
148, 10, 2017-09-26, 2018-03-14
197, 12, 2017-08-03, 2018-03-25
30, 23, 2017-09-14, 2018-04-30
105, 12, 2015-11-23, 2016-05-22
20, 30, 2019-01-23, 2019-12-24
59, 15, 2019-09-12, 2020-01-08
33, 30, 2021-01-11, 2021-05-17
105, 22, 2021-07-23, 2022-06-29
67, 26, 2018-03-21, 2018-09-12
21, 14, 2019-09-21, 2020-06-06
148, 16, 2022-02-04, 2023-05-02
47, 29, 2020-02-03, 2020-02-11
108, 9, 2021-03-21, 2022-03-21
191, 4, 2016-06-01, NULL
111, 1, 2022-09-27, 2022-12-22
34, 17, 2020-12-08, 2022-03-24
109, 12, 2016-06-06, 2016-12-29
62, 23, 2018-04-16, 2018-06-16
87, 19, 2021-10-29, 2022-09-10
185, 2, 2015-10-30, 2016-11-12
115, 30, 2019-08-02, 2020-06-20
112, 10, 2020-05-08, 2021-05-02
47, 24, 2021-08-11, 2022-11-24
131, 3, 2016-09-15, NULL
152, 12, 2022-07-23, 2023-06-21
83, 15, 2016-12-24, 2017-09-11
72, 25, 2016-02-01, 2016-05-30
88, 2, 2021-04-29, 2022-01-20
149, 17, 2019-10-14, 2020-03-09
82, 25, 2016-12-31, 2018-05-04
189, 29, 2023-03-14, 2023-06-30
72, 19, 2021-11-25, 2022-05-05
73, 6, 2016-04-30, 2016-09-25
113, 8, 2016-11-24, 2017-04-21
67, 20, 2016-03-10, 2017-06-27
72, 5, 2016-01-29, 2016-05-14
131, 25, 2016-11-22, 2016-12-07
11, 29, 2021-01-20, 2021-10-23
2, 16, 2015-04-16, 2015-10-23
147, 14, 2023-03-18, 2023-11-01
117, 10, 2016-03-24, 2017-03-26
31, 15, 2019-11-06, 2020-07-16
36, 9, 2023-03-16, 2024-02-22
91, 26, 2015-11-20, 2016-12-06
187, 3, 2018-09-01, 2018-11-21
71, 15, 2022-01-27, 2023-02-08
199, 3, 2022-12-05, 2023-11-23
10, 14, 2016-02-16, 2017-06-08
134, 11, 2017-02-18, 2018-04-25
161, 2, 2022-02-11, NULL
36, 19, 2019-03-21, 2020-06-10
173, 7, 2017-12-22, 2018-08-20
48, 24, 2020-07-27, 2020-12-19
163, 29, 2015-12-30, 2017-04-30
186, 24, 2017-05-27, 2017-05-29
126, 18, 2021-11-08, 2022-02-23
10, 14, 2022-09-18, 2023-01-31
162, 19, 2017-08-19, 2018-07-12
136, 22, 2017-01-07, 2018-04-02
60, 29, 2018-04-11, 2019-03-20
162, 13, 2021-09-14, 2022-03-16
76, 4, 2017-06-15, 2017-08-12
194, 25, 2018-03-22, 2018-10-23
84, 8, 2022-06-06, 2023-01-10
119, 11, 2022-05-29, 2022-07-27
102, 23, 2016-06-08, 2017-07-10
126, 20, 2019-08-15, 2020-08-01
75, 9, 2020-09-09, 2020-12-29
105, 2, 2021-04-22, 2022-05-23
173, 11, 2019-08-12, 2020-02-29
109, 13, 2017-12-03, NULL
125, 24, 2017-06-15, 2017-12-06
12, 10, 2020-01-08, 2020-08-05
43, 18, 2017-04-24, 2018-05-29
158, 20, 2018-09-12, 2018-11-18
6, 24, 2015-03-28, 2016-05-12
200, 23, 2018-09-27, 2020-01-08
197, 18, 2015-09-17, NULL
54, 12, 2021-01-02, 2021-04-14
138, 13, 2023-01-19, 2023-05-17
42, 30, 2019-03-12, 2019-08-29
142, 24, 2017-10-15, NULL
6, 25, 2020-11-26, 2021-01-18
125, 2, 2016-10-04, 2017-02-26
59, 21, 2022-09-19, NULL
192, 4, 2019-03-28, 2020-02-27
190, 29, 2018-01-10, 2019-03-28
19, 17, 2023-02-05, 2024-02-01
107, 1, 2015-03-02, 2016-03-17
155, 30, 2016-09-13, 2016-11-01
101, 7, 2021-10-16, 2022-12-30
83, 14, 2020-09-29, NULL
71, 15, 2017-04-10, 2017-06-01
168, 19, 2020-04-14, 2020-10-24
24, 8, 2019-07-23, 2020-05-06
73, 30, 2022-11-18, 2023-08-19
98, 1, 2020-07-28, 2021-08-05
96, 25, 2021-02-16, 2022-02-17
58, 19, 2015-04-12, 2015-11-02
115, 12, 2020-05-06, 2021-02-19
80, 11, 2016-08-11, 2017-09-30
22, 4, 2021-04-16, 2021-07-12
126, 19, 2017-10-20, 2017-12-02
158, 27, 2020-04-23, 2021-01-16
146, 25, 2017-08-10, 2017-09-10
65, 14, 2018-06-29, 2019-07-14
39, 2, 2018-08-09, 2019-07-28
105, 28, 2015-01-23, 2015-06-10
194, 18, 2020-06-24, 2021-03-31
167, 8, 2018-08-11, 2019-04-05
132, 18, 2023-04-18, 2024-04-28
27, 14, 2022-11-04, 2022-12-14
194, 1, 2016-10-25, 2017-07-19
43, 7, 2019-11-28, 2021-02-16
10, 29, 2019-10-04, 2020-06-14
135, 16, 2016-07-26, 2017-08-14
108, 13, 2015-02-07, 2015-07-09
76, 24, 2022-08-03, 2022-12-20
158, 29, 2019-03-03, 2019-12-17
37, 10, 2020-11-13, 2021-10-30
158, 23, 2019-03-01, 2019-11-22
121, 15, 2017-05-12, 2018-09-04
192, 24, 2016-07-08, 2016-10-01
122, 1, 2018-07-25, 2019-02-24
121, 3, 2015-01-23, 2015-07-02
52, 23, 2016-01-20, 2016-10-22
25, 2, 2022-01-03, 2022-08-31
18, 12, 2022-02-19, 2022-12-03
89, 21, 2015-02-27, 2016-06-17
73, 27, 2019-10-12, 2020-08-07
95, 20, 2019-07-10, 2020-10-31
139, 21, 2022-05-24, NULL
40, 4, 2023-03-12, 2023-07-01
68, 19, 2016-02-24, 2016-04-29
151, 21, 2019-04-18, 2019-10-05
152, 20, 2018-02-09, 2019-06-19
158, 22, 2020-04-23, 2020-08-09
60, 7, 2016-01-10, 2017-04-30
38, 5, 2016-11-06, 2017-07-08
83, 3, 2015-08-02, 2015-10-12
113, 14, 2022-06-16, 2023-02-13
129, 25, 2016-04-25, 2016-08-27
97, 25, 2019-04-29, 2020-04-25
80, 27, 2020-11-08, 2021-04-20
155, 27, 2017-05-26, 2018-09-28
163, 27, 2018-02-11, 2019-02-11
112, 18, 2019-12-14, 2020-08-21
65, 22, 2016-05-07, 2017-02-17
167, 12, 2016-12-30, 2017-01-12
120, 25, 2022-07-07, 2023-01-01
55, 20, 2021-04-11, 2022-07-04
49, 13, 2019-03-13, 2019-06-13
3, 7, 2019-12-16, 2020-06-18
2, 19, 2018-06-25, 2018-12-11
95, 30, 2017-11-05, 2018-07-21
156, 9, 2015-05-18, 2016-04-14
123, 13, 2015-06-29, 2016-06-20
71, 21, 2015-08-23, 2017-01-02
8, 28, 2023-01-20, 2024-05-09
156, 21, 2020-02-05, 2020-10-14
192, 28, 2022-04-06, 2023-04-26
27, 2, 2019-02-22, 2019-03-09
183, 5, 2022-11-30, 2023-12-12
34, 3, 2019-09-15, 2020-11-16
15, 15, 2022-02-24, NULL
25, 28, 2021-02-06, 2021-06-29
50, 21, 2021-11-19, NULL
173, 28, 2018-07-20, 2019-10-23
151, 24, 2019-02-09, NULL
171, 13, 2019-09-02, 2020-11-04
16, 3, 2017-03-01, 2018-04-28
38, 24, 2017-12-28, 2018-02-09
12, 9, 2021-10-28, 2022-02-07
105, 6, 2022-02-15, 2023-03-05
1, 10, 2018-01-26, 2018-11-10
88, 15, 2021-05-16, 2022-07-19
145, 30, 2020-03-11, 2020-04-26
24, 6, 2023-03-08, 2023-04-22
152, 21, 2015-03-24, 2016-04-20
3, 7, 2022-02-26, 2022-09-06
186, 8, 2018-06-14, 2019-08-17
49, 24, 2023-04-12, 2023-06-19
98, 23, 2018-03-21, 2018-06-21
145, 11, 2019-08-23, 2019-12-17
70, 29, 2017-03-27, 2017-06-26
67, 23, 2019-12-06, 2020-04-20
91, 19, 2019-01-29, 2019-07-27
134, 15, 2022-01-28, 2023-01-15
10, 27, 2021-07-25, 2022-02-08
146, 7, 2022-11-16, 2023-06-27
175, 26, 2018-03-28, 2018-07-13
129, 18, 2023-05-02, 2024-06-12
132, 25, 2017-05-13, 2017-09-23
67, 2, 2016-04-17, 2017-01-07
48, 16, 2016-07-26, 2017-03-23
96, 19, 2019-03-28, 2020-02-29
9, 11, 2022-11-12, 2023-01-05
3, 6, 2019-09-23, 2020-05-24
166, 29, 2016-02-15, 2016-05-21
79, 6, 2020-03-27, 2021-01-01
6, 15, 2021-11-30, 2022-07-22
178, 14, 2023-03-13, 2023-10-04
63, 9, 2023-02-10, 2023-08-21
124, 22, 2019-07-02, NULL
60, 25, 2020-09-07, 2020-11-02
199, 9, 2021-06-23, 2022-01-15
42, 17, 2016-11-12, 2018-02-28
153, 23, 2020-11-16, 2021-02-26
146, 25, 2016-07-25, 2016-09-30
14, 3, 2018-06-20, 2019-07-31
89, 15, 2019-06-10, 2019-09-03
169, 5, 2017-03-31, 2018-06-27
79, 3, 2017-01-26, 2017-05-27
112, 3, 2023-02-14, 2023-06-20
143, 28, 2019-03-13, 2019-03-16
89, 4, 2020-04-12, 2021-01-19
179, 7, 2020-04-18, 2021-03-27
119, 23, 2017-09-21, 2018-10-17
100, 5, 2018-07-27, 2019-08-22
103, 25, 2018-09-01, 2019-12-05
173, 24, 2019-10-06, 2020-08-07
19, 12, 2020-06-23, 2021-06-01
151, 1, 2017-06-27, 2018-09-24
197, 8, 2019-02-20, 2019-08-25
1, 20, 2021-09-20, 2022-10-10
20, 21, 2017-07-31, 2017-10-10
12, 7, 2018-05-21, 2018-12-30
99, 21, 2017-01-06, 2017-08-12
80, 13, 2022-07-28, 2023-09-22
67, 14, 2017-01-05, 2017-03-30
133, 27, 2016-03-11, 2016-11-05
89, 22, 2023-03-21, 2023-05-12
104, 26, 2015-02-20, 2015-05-14
148, 17, 2019-04-22, 2020-04-08
125, 21, 2022-07-08, 2023-01-30
14, 10, 2019-10-07, 2020-02-17
30, 20, 2020-01-19, 2020-10-03
122, 23, 2018-10-04, 2019-12-11
94, 4, 2017-01-02, 2017-08-08
99, 28, 2022-07-26, 2022-09-05
87, 30, 2022-12-08, 2023-10-07
132, 27, 2021-11-22, 2022-11-30
112, 2, 2020-03-18, NULL
126, 15, 2019-02-12, 2019-03-10
176, 12, 2017-10-30, 2018-06-05
76, 25, 2015-04-07, 2016-01-10
76, 12, 2019-09-05, 2019-09-14
77, 21, 2015-05-26, 2016-03-27
188, 2, 2020-12-16, 2021-12-30
45, 3, 2020-12-31, 2021-02-18
38, 21, 2020-07-14, 2021-02-20
89, 15, 2022-09-23, 2023-08-06
188, 27, 2020-11-14, 2021-09-02
20, 11, 2019-03-07, 2019-03-27
186, 21, 2016-02-19, 2016-09-02
186, 3, 2018-10-15, 2020-02-02
78, 14, 2019-06-30, 2019-07-12
192, 9, 2023-02-03, 2024-01-04
21, 27, 2019-11-11, 2021-03-20
50, 19, 2017-12-04, 2018-05-09
139, 28, 2017-09-25, 2018-09-16
96, 19, 2020-04-21, 2020-08-10
112, 9, 2023-05-18, 2024-05-05
71, 17, 2022-07-13, 2022-08-06
47, 22, 2018-03-13, NULL
54, 1, 2019-08-25, 2020-07-27
69, 15, 2021-09-19, 2022-10-29
82, 4, 2017-06-25, NULL
84, 8, 2015-09-19, 2016-07-29
183, 20, 2020-03-01, 2020-12-28
153, 11, 2021-01-26, 2021-08-14
143, 1, 2018-11-05, 2019-04-29
114, 5, 2020-03-07, 2021-05-19
54, 18, 2022-10-28, 2023-01-24
66, 13, 2015-05-13, 2016-04-16
21, 21, 2020-06-15, 2021-03-30
22, 7, 2023-05-22, 2024-02-18
75, 25, 2018-07-15, 2019-03-04
8, 5, 2022-01-03, 2022-10-30
91, 19, 2019-11-03, 2020-06-03
6, 25, 2018-03-08, 2018-12-18
61, 13, 2021-01-10, 2021-03-19
32, 4, 2019-06-09, 2019-09-29
29, 19, 2018-03-31, 2018-07-01
197, 25, 2023-03-28, 2023-10-20
91, 25, 2017-06-10, 2018-01-11
72, 11, 2019-01-27, 2019-12-16
176, 21, 2022-02-18, 2022-07-31
137, 13, 2017-07-11, 2018-09-24
194, 15, 2018-03-18, 2019-05-15
41, 30, 2016-12-28, 2017-07-21
137, 27, 2018-09-30, 2019-10-26
45, 22, 2016-02-07, 2016-08-22
108, 14, 2019-08-08, 2019-11-13
159, 8, 2016-07-21, 2017-05-30
21, 20, 2021-05-26, 2022-06-05
6, 11, 2021-11-02, 2022-03-10
161, 16, 2022-09-04, 2022-10-21
6, 24, 2021-09-29, 2022-12-26
100, 18, 2020-09-25, 2021-12-12
42, 15, 2019-02-20, 2020-02-26
45, 16, 2022-12-29, 2024-04-14
34, 10, 2015-09-23, NULL
148, 15, 2020-02-24, 2020-06-29
114, 8, 2016-12-25, 2018-05-08
165, 4, 2021-10-10, 2022-12-13
41, 8, 2020-03-08, 2021-03-13
2, 24, 2015-05-13, 2016-04-27
134, 16, 2019-04-28, 2019-06-04
67, 29, 2023-01-11, 2023-10-14
199, 20, 2022-04-04, 2023-01-03
113, 16, 2023-02-21, 2023-03-24
102, 27, 2023-02-18, NULL
103, 23, 2020-09-26, 2021-08-15
110, 26, 2016-05-23, 2016-07-16
68, 25, 2021-07-02, 2022-07-23
185, 6, 2019-02-10, 2019-09-10
37, 30, 2017-09-22, 2018-11-04
68, 4, 2018-09-13, 2019-08-08
118, 29, 2022-12-14, 2023-08-23
194, 9, 2018-11-03, 2019-04-04
85, 26, 2020-01-19, 2021-01-12
71, 20, 2015-05-27, 2016-06-20
134, 10, 2015-04-17, 2015-08-09
145, 12, 2023-01-02, 2023-06-01
184, 6, 2021-05-14, 2022-04-04
183, 15, 2022-07-20, 2022-12-18
178, 5, 2016-08-23, 2017-07-01
99, 9, 2022-02-21, NULL
55, 19, 2018-05-25, 2018-08-09
67, 12, 2023-02-01, 2023-10-20
133, 13, 2020-05-07, 2021-03-20
89, 21, 2016-09-30, 2017-07-28
81, 17, 2019-03-14, 2019-09-24
125, 21, 2016-11-23, 2018-02-12
45, 16, 2019-04-05, 2019-04-13
17, 11, 2017-07-09, 2017-12-15
39, 9, 2021-10-28, 2022-12-01
31, 21, 2017-03-17, 2017-09-16
146, 30, 2022-02-28, NULL
192, 28, 2020-11-16, 2022-02-19
52, 12, 2022-06-13, 2022-06-30
26, 11, 2020-09-09, 2020-10-14
137, 28, 2023-04-25, 2024-01-26
15, 15, 2021-05-10, 2022-02-02
66, 26, 2023-04-17, 2023-07-20
167, 28, 2017-09-30, 2018-01-25
117, 6, 2015-06-14, 2016-04-21
72, 3, 2023-05-02, 2023-08-08
17, 29, 2016-06-26, 2017-03-21
54, 8, 2017-09-26, 2018-07-23
123, 15, 2016-02-07, 2016-11-08
14, 11, 2022-02-09, 2022-03-19
30, 15, 2015-12-08, 2016-08-08
139, 19, 2017-05-30, 2018-04-02
146, 1, 2021-07-10, 2022-02-16
29, 24, 2019-12-19, 2021-01-21
151, 26, 2022-02-13, 2022-12-25
1, 9, 2019-07-26, 2020-05-29
162, 6, 2018-09-08, 2019-05-26
73, 21, 2018-05-12, 2018-09-25
64, 11, 2018-02-01, 2019-01-15
80, 21, 2019-12-08, 2020-02-04
47, 16, 2015-01-27, 2015-07-10
131, 16, 2020-07-23, 2020-10-15
195, 14, 2022-07-19, 2022-12-22
114, 11, 2022-02-25, 2023-02-12
47, 7, 2016-03-21, 2017-04-16
79, 17, 2018-06-04, 2018-11-15
121, 4, 2022-09-05, 2023-02-06
54, 19, 2022-07-15, 2022-10-03
50, 25, 2019-06-11, 2020-07-18
41, 20, 2022-06-06, 2022-08-26
133, 16, 2022-04-30, 2023-03-01
200, 24, 2018-01-08, 2018-05-06
121, 30, 2018-05-28, 2018-12-04
86, 24, 2018-12-20, 2020-02-18
116, 10, 2019-10-09, 2020-07-24
107, 1, 2019-07-14, 2019-08-12
91, 21, 2016-07-27, 2017-12-09
71, 1, 2022-11-24, 2023-03-08
184, 9, 2018-04-22, 2019-06-23
83, 14, 2019-04-16, 2019-09-30
190, 7, 2017-05-30, 2018-04-12
71, 4, 2015-11-01, 2016-03-05
186, 16, 2023-02-02, 2023-12-03
12, 25, 2022-05-24, 2022-12-10
181, 16, 2017-10-20, 2018-03-13
151, 13, 2015-08-31, NULL
88, 9, 2021-01-12, 2021-07-21
73, 4, 2020-04-16, 2020-06-24
19, 11, 2023-03-20, 2023-10-18
39, 19, 2018-05-09, 2019-02-27
23, 15, 2017-10-01, 2018-03-18
196, 22, 2017-12-03, 2018-09-15
75, 23, 2015-03-31, 2015-06-11
18, 28, 2022-11-04, 2023-11-04
93, 29, 2020-01-01, 2021-01-18
48, 11, 2020-04-02, 2020-07-28
86, 7, 2022-08-07, 2023-12-18
66, 20, 2023-05-21, NULL
31, 21, 2019-08-10, 2020-03-16
125, 26, 2015-07-16, 2016-09-14
132, 12, 2015-03-08, 2015-12-23
9, 17, 2018-09-01, 2019-10-11
73, 19, 2018-09-29, NULL
20, 19, 2016-01-13, 2017-05-26
29, 18, 2016-10-10, 2017-11-23
23, 19, 2020-04-02, 2021-02-09
49, 25, 2015-10-27, 2016-11-23
71, 15, 2020-01-23, 2021-04-23
190, 5, 2022-04-18, NULL
166, 19, 2018-10-23, 2019-06-13
178, 24, 2019-11-07, NULL
148, 10, 2015-01-27, 2015-12-13
5, 1, 2017-07-11, 2017-12-24
67, 28, 2017-07-01, 2018-04-27
84, 18, 2020-02-18, 2021-01-18
198, 27, 2021-06-10, 2022-09-27
184, 28, 2021-06-20, 2021-09-07
38, 7, 2018-06-17, 2018-09-18
137, 20, 2015-06-11, 2016-07-15
90, 3, 2018-09-03, 2019-11-23
59, 22, 2017-05-05, 2017-08-17
109, 9, 2017-08-12, 2018-12-05
198, 12, 2015-04-22, 2015-07-02
113, 4, 2019-03-17, 2019-03-31
191, 28, 2023-04-19, 2023-08-04
115, 15, 2019-06-24, 2019-10-04
98, 19, 2016-05-25, 2016-07-12
130, 30, 2021-06-26, 2022-07-02
42, 25, 2017-05-08, 2017-07-09
190, 20, 2019-01-07, 2020-01-26
107, 7, 2017-05-11, 2017-06-27
93, 16, 2017-11-11, 2018-07-30
117, 1, 2015-01-30, 2015-08-13
103, 28, 2016-02-14, 2016-08-14
80, 27, 2015-09-25, 2016-05-05
167, 10, 2017-07-28, 2018-07-23
165, 26, 2019-05-16, 2020-08-07
71, 24, 2022-04-05, 2023-07-09
37, 28, 2017-10-16, 2018-01-15
33, 17, 2016-09-29, 2016-12-10
196, 2, 2015-09-08, 2016-07-10
190, 22, 2018-04-15, 2018-10-23
41, 14, 2016-12-07, 2017-03-07
39, 24, 2022-07-01, 2022-10-02
29, 26, 2016-10-27, 2016-11-12
79, 13, 2022-01-05, 2022-07-16
68, 20, 2018-08-08, 2018-08-23
85, 1, 2020-04-11, 2020-04-29
37, 30, 2019-07-28, 2019-08-21
196, 20, 2023-02-07, 2023-11-03
26, 1, 2018-11-29, 2020-03-03
108, 3, 2016-04-05, 2017-08-14
107, 28, 2021-01-07, 2021-08-21
155, 26, 2022-02-21, 2022-02-22
121, 29, 2017-11-18, 2018-01-23
139, 12, 2021-11-18, 2022-10-27
123, 16, 2023-05-25, 2024-07-24
51, 5, 2017-06-17, 2018-03-08
37, 8, 2022-05-24, 2022-07-06
184, 13, 2018-03-02, 2019-05-31
64, 8, 2017-10-23, 2018-01-26
78, 11, 2022-12-20, 2024-05-02
152, 17, 2020-10-18, 2021-08-10
69, 25, 2016-06-23, 2016-12-08
170, 5, 2021-07-01, 2022-07-14
9, 24, 2019-04-27, NULL
51, 6, 2015-02-28, 2015-05-13
61, 6, 2019-06-14, NULL
124, 16, 2018-11-09, 2019-02-14
148, 13, 2020-01-26, 2020-05-15
68, 18, 2019-12-07, 2020-02-06
168, 25, 2020-10-08, 2022-01-25
48, 9, 2018-10-28, 2019-12-16
198, 18, 2020-02-13, 2021-01-18
88, 25, 2020-10-27, NULL
94, 14, 2022-03-15, 2022-03-29
33, 4, 2017-07-19, 2018-12-01
29, 4, 2021-03-04, 2022-03-04
89, 10, 2020-01-28, 2020-09-08
22, 28, 2020-08-29, 2020-12-01
131, 7, 2016-08-03, 2017-10-08
199, 1, 2017-03-24, 2018-04-04
135, 20, 2016-09-13, 2017-06-29
135, 2, 2020-12-23, 2021-06-27
178, 17, 2016-11-14, 2017-05-25
175, 6, 2022-02-13, 2023-01-04
58, 27, 2023-01-12, 2023-03-31
157, 14, 2017-04-08, NULL
103, 10, 2019-05-16, 2020-08-20
108, 29, 2020-05-05, 2020-12-31
185, 10, 2015-01-02, 2015-02-10
143, 22, 2018-06-30, 2018-10-15
157, 20, 2015-10-01, 2015-11-01
36, 5, 2020-05-23, 2021-07-19
63, 13, 2016-10-15, 2017-09-11
152, 7, 2017-10-15, 2018-12-17
58, 9, 2016-07-29, 2017-10-30
186, 24, 2021-07-27, 2022-11-23
53, 15, 2016-08-06, 2017-07-17
84, 1, 2022-02-21, 2022-04-23
135, 4, 2022-01-18, 2022-11-21
170, 15, 2018-05-08, 2019-07-03
191, 20, 2020-02-05, NULL
194, 30, 2023-01-28, 2023-07-22
11, 13, 2017-11-12, 2018-01-09
110, 19, 2016-11-20, 2018-02-12
125, 25, 2018-04-07, 2018-08-01
23, 24, 2021-10-07, 2023-02-11
93, 8, 2022-06-16, 2023-02-25
111, 14, 2015-08-21, 2016-07-13
198, 9, 2023-02-13, 2024-02-24
65, 21, 2020-09-11, 2021-02-27
65, 12, 2015-12-07, 2015-12-14
125, 8, 2021-07-27, 2022-04-07
112, 22, 2017-12-24, 2018-02-16
182, 16, 2021-04-15, 2022-02-20
97, 20, 2020-10-26, 2022-01-15
98, 2, 2021-09-30, 2021-11-25
165, 4, 2021-06-15, 2021-08-03
196, 8, 2019-01-17, 2019-11-11
155, 14, 2019-06-01, 2020-06-03
89, 21, 2019-12-09, 2021-02-18
134, 2, 2019-06-22, 2020-08-12
191, 25, 2019-11-04, 2020-10-12
56, 19, 2017-01-10, 2017-01-23
85, 4, 2018-04-12, 2019-07-28
8, 24, 2020-02-14, 2021-04-24
92, 27, 2022-08-29, 2023-02-22
64, 9, 2020-01-01, NULL
118, 23, 2022-02-13, 2022-06-28
42, 7, 2021-04-06, 2022-05-06
166, 11, 2023-04-22, 2023-11-14
200, 27, 2016-12-05, 2018-02-11
23, 11, 2018-12-11, 2019-10-23
59, 11, 2018-06-06, 2018-07-28
24, 21, 2019-07-22, 2019-12-30
164, 6, 2019-04-17, 2019-07-30
182, 16, 2018-12-07, 2019-05-29
93, 25, 2016-10-14, 2018-02-18
5, 4, 2017-02-16, 2017-12-11
130, 23, 2022-03-15, 2022-12-27
144, 18, 2016-12-29, 2017-07-21
20, 7, 2016-01-18, 2016-03-05
170, 13, 2017-12-14, 2018-02-27
137, 12, 2019-06-14, 2019-08-22
27, 28, 2023-04-04, 2024-05-26
76, 20, 2021-05-24, 2022-10-04
58, 15, 2015-06-17, 2015-10-21
171, 9, 2015-04-18, 2015-12-28
178, 8, 2017-10-01, 2018-12-24
166, 26, 2017-06-03, NULL
63, 1, 2021-11-12, 2022-07-18
107, 18, 2021-03-07, 2021-12-23
48, 28, 2020-10-25, 2021-08-19
148, 29, 2019-05-05, 2020-05-22
94, 26, 2017-12-15, 2018-07-24
61, 11, 2021-01-22, NULL
178, 5, 2018-08-10, 2019-10-25
180, 8, 2021-01-13, 2021-11-06
130, 23, 2020-05-02, 2021-02-01
155, 8, 2023-01-28, 2023-07-26
166, 18, 2017-07-06, 2018-03-02
14, 15, 2021-12-09, 2022-07-22
112, 3, 2016-12-02, 2016-12-14
144, 21, 2015-08-24, 2016-11-25
181, 5, 2015-09-19, 2016-09-03
185, 9, 2021-05-22, 2021-09-29
187, 1, 2023-01-01, 2023-11-04
181, 25, 2016-06-30, 2017-01-19
116, 10, 2021-01-14, 2022-01-06
85, 8, 2021-05-23, 2022-07-06
105, 5, 2021-01-19, 2022-01-03
2, 20, 2015-08-05, 2016-08-04
151, 4, 2015-10-18, NULL
106, 24, 2016-10-22, 2017-11-02
154, 25, 2017-01-04, 2018-03-08
167, 30, 2020-07-20, 2021-07-29
23, 4, 2019-07-11, 2020-04-30
176, 13, 2019-07-28, 2020-02-09
36, 28, 2018-11-07, 2019-02-09
91, 6, 2022-12-06, 2023-07-15
128, 3, 2017-01-25, 2017-06-08
59, 12, 2022-04-05, 2023-02-24
116, 25, 2016-01-21, 2016-10-16
156, 2, 2021-03-31, 2021-05-01
25, 6, 2015-01-08, 2016-05-16
4, 1, 2018-08-31, 2019-03-16
146, 19, 2019-03-16, NULL
45, 7, 2022-02-20, 2023-01-04
138, 7, 2018-11-15, 2019-01-04
40, 20, 2019-03-13, 2020-01-01
113, 23, 2016-12-28, 2017-09-14
114, 1, 2021-12-23, 2022-01-12
31, 26, 2018-06-30, 2019-10-22
90, 22, 2017-01-08, 2017-11-07
26, 16, 2017-03-02, 2018-01-05
157, 30, 2018-10-13, 2020-02-06
169, 18, 2019-05-12, 2020-06-17
30, 22, 2021-03-21, 2021-04-24
94, 5, 2017-09-07, 2019-01-12
49, 26, 2019-07-14, 2019-08-05
123, 26, 2022-05-25, 2023-05-23
152, 4, 2020-10-30, 2020-12-16
83, 30, 2020-11-29, 2021-09-14
137, 17, 2019-06-03, 2020-06-25
52, 10, 2018-08-05, 2018-10-14
51, 10, 2022-01-09, 2022-08-16
97, 3, 2020-07-01, 2020-07-14
83, 18, 2020-06-05, 2021-04-14
128, 26, 2018-03-22, 2019-04-21
15, 17, 2015-06-20, 2015-09-25
79, 29, 2021-08-03, 2022-08-21
139, 6, 2022-03-10, 2022-08-18
137, 1, 2015-07-13, 2016-11-19
49, 12, 2021-01-11, 2021-02-07
176, 28, 2019-11-12, 2020-11-25
46, 17, 2019-02-27, 2020-02-11
55, 4, 2020-02-16, 2021-06-17
57, 23, 2018-08-04, 2018-09-11
127, 7, 2021-05-28, 2022-04-21
12, 30, 2019-04-12, 2019-07-27
30, 30, 2018-04-04, 2018-04-07
169, 27, 2018-09-16, 2018-12-16
59, 12, 2019-07-05, 2019-07-28
154, 8, 2021-12-21, 2022-11-29
109, 22, 2021-05-25, 2022-05-24
161, 10, 2017-04-19, 2018-08-14
189, 30, 2018-01-21, 2018-08-19
107, 27, 2019-08-22, 2020-03-03
49, 27, 2020-06-22, 2020-10-30
161, 23, 2019-06-08, 2019-06-30
115, 5, 2022-06-08, 2023-05-28
164, 4, 2016-04-17, 2016-07-08
126, 3, 2017-01-21, 2017-10-23
190, 9, 2022-08-20, 2023-08-22
102, 10, 2021-01-05, 2021-06-01
146, 9, 2016-03-20, 2017-04-14
52, 3, 2021-03-22, 2022-05-30
33, 17, 2015-05-27, 2016-01-23
29, 8, 2015-06-05, 2016-08-05
22, 25, 2022-10-12, NULL
112, 20, 2019-02-28, 2019-10-11
114, 20, 2015-06-18, 2016-05-23
197, 7, 2017-05-11, 2018-05-18
146, 1, 2016-09-17, 2017-03-11
65, 30, 2016-12-19, 2017-06-17
165, 2, 2019-05-22, 2019-12-03
75, 17, 2015-09-18, 2016-01-12
50, 11, 2022-05-19, 2023-05-24
113, 3, 2017-10-03, 2018-08-08
143, 6, 2016-08-10, 2017-05-18
15, 4, 2022-09-05, 2022-10-09
137, 1, 2021-12-08, 2022-12-12
83, 12, 2015-06-07, 2015-08-20
176, 8, 2015-01-25, NULL
15, 27, 2019-05-07, 2020-06-04
58, 25, 2022-01-17, 2022-02-05
19, 1, 2022-04-11, 2023-06-07
147, 21, 2019-05-01, 2019-09-23
100, 15, 2023-05-23, 2023-09-22
157, 9, 2018-11-14, 2019-10-06
40, 15, 2021-01-06, 2022-04-02
37, 10, 2022-02-22, 2023-03-04
100, 9, 2016-10-18, 2017-04-25
111, 26, 2018-05-13, NULL
106, 23, 2021-01-26, 2022-04-08
103, 5, 2022-01-10, 2022-07-10
104, 14, 2019-09-08, 2020-05-01
114, 13, 2020-03-13, 2020-09-16
171, 13, 2016-06-29, 2017-07-05
63, 7, 2022-12-28, 2023-04-05
187, 22, 2021-12-09, 2022-06-14
141, 28, 2019-07-31, 2020-02-08
55, 13, 2016-08-01, 2017-03-30
167, 15, 2018-05-15, 2019-08-22
199, 28, 2021-12-29, NULL
56, 11, 2021-03-09, 2022-06-08
99, 30, 2020-10-20, 2021-05-30
114, 1, 2022-10-13, 2023-01-27
171, 6, 2018-01-24, 2019-02-10
197, 5, 2022-03-11, 2022-10-03
51, 5, 2019-08-12, 2020-01-22
190, 5, 2020-06-16, 2020-11-25
196, 20, 2020-12-13, 2021-12-25
10, 22, 2016-02-02, NULL
6, 1, 2015-08-05, 2016-01-22
81, 30, 2019-01-01, 2019-04-15
55, 10, 2015-09-28, 2016-04-01
81, 19, 2020-01-04, 2020-09-04
45, 10, 2018-05-27, 2018-07-18
41, 29, 2016-09-14, 2016-12-07
137, 30, 2021-12-07, 2022-07-05
142, 21, 2020-04-07, 2021-04-01
177, 28, 2017-10-18, 2019-03-02
38, 30, 2019-12-28, 2020-02-16
35, 29, 2019-04-10, 2019-12-09
44, 25, 2015-03-23, 2016-01-18
93, 30, 2019-12-12, 2020-10-07
115, 29, 2015-03-23, 2016-08-01
172, 19, 2018-11-09, 2020-02-06
22, 29, 2019-02-24, 2019-04-01
160, 10, 2022-08-06, 2023-02-24
29, 30, 2022-07-02, 2022-10-11
83, 10, 2022-12-23, 2024-02-02
22, 12, 2021-10-05, 2022-11-19
160, 29, 2021-08-14, 2022-03-16
94, 28, 2017-11-01, 2018-02-08
134, 29, 2015-04-07, 2015-12-14
43, 2, 2022-04-13, 2022-08-14
68, 15, 2019-11-09, NULL
192, 25, 2022-05-13, 2023-01-03
86, 18, 2015-05-09, 2015-07-15
160, 1, 2023-03-29, NULL
98, 7, 2020-04-09, 2020-10-21
178, 22, 2018-01-12, 2019-01-04
94, 26, 2020-09-30, 2021-12-12
109, 14, 2022-12-07, 2023-06-01
89, 24, 2017-12-07, 2018-09-16
73, 9, 2015-12-08, 2017-03-20
172, 3, 2022-06-21, 2023-10-02
131, 29, 2016-04-09, 2016-04-21
196, 4, 2017-09-22, 2017-10-31
17, 5, 2021-05-31, 2022-07-16
23, 28, 2015-11-05, 2015-11-10
189, 26, 2018-10-29, 2020-01-18
19, 5, 2021-07-14, 2022-05-31
118, 21, 2018-09-17, 2019-10-25
157, 4, 2015-08-19, 2016-08-14
191, 30, 2015-11-29, 2016-03-04
24, 1, 2019-11-09, 2020-12-19
54, 2, 2023-01-15, 2023-02-25
161, 17, 2017-02-28, 2017-10-30
182, 16, 2021-10-15, 2022-10-12
74, 24, 2022-08-01, 2023-06-01
16, 15, 2017-01-27, NULL
46, 7, 2017-12-14, 2018-02-26
148, 7, 2022-11-07, 2023-01-10
20, 7, 2017-02-05, 2018-04-16
59, 6, 2019-06-05, 2020-04-26
76, 20, 2019-08-16, 2020-05-02
56, 14, 2017-10-24, 2018-12-21
62, 17, 2015-01-29, 2015-12-31
175, 9, 2018-02-26, 2019-03-20
16, 3, 2020-07-16, 2021-01-09
16, 20, 2019-10-28, 2019-12-08
184, 15, 2015-02-19, 2016-03-07
82, 19, 2019-01-20, 2020-01-13
174, 3, 2021-05-20, 2021-10-02
82, 15, 2019-01-06, 2020-01-22
95, 16, 2018-05-14, 2019-06-09
140, 24, 2017-02-18, 2017-06-15
11, 23, 2018-12-16, 2019-07-14
119, 11, 2019-07-10, 2020-03-04
119, 15, 2016-09-17, 2016-11-29
99, 14, 2015-04-11, 2016-07-02
82, 13, 2022-02-02, 2022-04-20
4, 14, 2022-06-03, 2023-09-10
152, 6, 2017-06-07, NULL
121, 5, 2018-01-14, 2018-07-06
128, 13, 2016-10-10, 2017-03-15
141, 9, 2017-07-21, 2017-10-27
186, 16, 2019-11-08, 2020-06-18
41, 16, 2022-06-20, 2022-07-21
28, 3, 2018-08-17, 2019-08-14
75, 5, 2017-08-21, 2018-05-14
56, 14, 2020-07-02, 2020-07-09
162, 6, 2018-10-18, 2019-09-06
159, 14, 2021-11-10, 2022-01-12
136, 10, 2018-10-29, 2019-11-05
177, 28, 2016-06-08, 2016-12-15
122, 3, 2015-03-14, 2015-10-29
64, 7, 2018-08-29, 2019-08-17
81, 21, 2020-05-04, 2021-06-11
88, 19, 2018-09-18, 2019-09-11
33, 11, 2022-02-04, 2022-11-25
59, 23, 2021-08-25, 2022-07-04
64, 16, 2021-04-26, 2021-12-23
81, 17, 2016-01-27, 2016-08-11
160, 11, 2015-11-30, 2016-08-27
155, 29, 2023-03-01, NULL
100, 25, 2017-03-02, 2018-04-12
183, 5, 2019-01-30, 2020-04-09
122, 8, 2017-07-03, NULL
92, 27, 2021-12-17, 2022-08-22
70, 11, 2020-06-08, 2020-11-16
138, 7, 2022-03-30, 2022-07-05
153, 20, 2016-05-08, 2016-10-07
189, 29, 2017-03-09, 2017-12-03
73, 8, 2019-03-21, 2019-10-24
3, 10, 2017-12-05, 2018-03-20
7, 1, 2022-04-23, 2023-03-19
21, 12, 2020-03-19, 2021-04-21
38, 15, 2022-01-07, 2022-07-22
153, 15, 2018-07-10, 2018-09-04
117, 9, 2017-03-21, 2018-03-18
73, 6, 2021-07-30, 2021-10-04
5, 4, 2015-08-03, 2016-10-21
123, 12, 2016-08-03, 2017-01-12
97, 18, 2015-04-15, 2016-03-02
83, 13, 2016-12-30, 2017-06-16
195, 2, 2022-03-21, 2022-08-13
194, 19, 2015-06-11, 2016-09-06
186, 23, 2023-01-02, 2023-03-11
18, 5, 2016-09-12, 2016-11-04
183, 8, 2016-01-12, 2017-02-02
92, 11, 2015-11-29, 2016-06-28
18, 16, 2019-06-29, NULL
107, 21, 2019-06-10, 2020-05-31
23, 27, 2017-04-28, 2017-12-14
196, 30, 2017-12-04, 2018-03-31
166, 22, 2021-04-03, NULL
179, 8, 2020-05-14, NULL
195, 8, 2016-09-17, 2018-01-19
129, 11, 2018-08-15, 2019-03-02
172, 13, 2015-03-20, 2015-12-07
127, 1, 2022-07-05, 2023-07-06
141, 3, 2015-06-14, 2015-09-25
54, 8, 2021-07-14, NULL
180, 3, 2021-07-10, 2022-10-05
43, 13, 2017-05-21, 2017-08-07
161, 24, 2021-12-25, 2022-05-19
96, 17, 2019-05-10, 2019-07-31
194, 20, 2017-11-15, 2018-05-06
67, 13, 2016-05-03, 2017-04-02
8, 15, 2021-10-07, 2023-02-15
132, 25, 2019-07-20, 2019-11-02
11, 13, 2016-03-13, 2017-03-29
53, 7, 2021-05-24, 2022-06-05
177, 22, 2017-05-27, 2018-08-24
78, 12, 2020-03-14, 2020-04-11
59, 19, 2017-10-30, 2018-02-19
80, 1, 2017-06-05, 2018-08-04
86, 7, 2020-08-08, 2021-12-06
185, 11, 2020-02-19, 2020-09-07
43, 30, 2020-07-06, 2021-03-09
74, 26, 2022-06-25, 2023-09-07
20, 20, 2016-03-15, NULL
8, 20, 2015-07-24, NULL
71, 30, 2015-01-01, 2015-06-06
187, 19, 2016-10-15, NULL
56, 21, 2017-02-20, 2018-07-03
96, 3, 2018-02-20, 2018-09-22
77, 25, 2015-05-24, 2016-08-27
37, 9, 2020-02-15, 2021-06-06
53, 4, 2022-02-20, 2023-03-09
8, 29, 2020-05-05, NULL
23, 24, 2017-08-19, 2018-04-10
149, 23, 2021-04-02, 2021-08-20
180, 19, 2020-05-18, 2020-06-20
40, 7, 2015-09-24, 2016-04-15
8, 2, 2020-07-30, 2021-03-09
106, 6, 2015-02-24, 2015-12-17
169, 3, 2018-02-24, 2019-02-23
123, 7, 2017-12-30, 2018-01-12
49, 8, 2022-09-25, 2023-05-13
167, 2, 2021-04-25, 2022-06-27
144, 23, 2020-06-24, 2021-08-04
191, 2, 2018-03-19, 2018-09-22
95, 15, 2020-04-19, 2021-01-23
169, 29, 2019-03-01, 2020-03-07
38, 11, 2023-03-31, 2024-02-22
45, 19, 2019-07-04, 2020-01-11
89, 25, 2018-04-12, 2018-06-27
193, 29, 2020-07-18, 2021-06-29
93, 14, 2015-12-21, 2016-10-25
36, 11, 2019-01-09, 2019-12-06
193, 18, 2022-08-18, 2022-11-11
88, 17, 2022-01-04, 2022-03-20
139, 21, 2023-05-09, 2023-07-30
147, 5, 2017-04-23, 2018-06-20
21, 27, 2019-09-13, 2020-12-07
129, 18, 2015-06-21, 2016-03-14
2, 9, 2021-03-04, 2022-02-08
190, 8, 2022-09-02, 2023-09-01
126, 4, 2018-08-26, 2019-09-05
96, 18, 2019-06-06, 2020-02-29
101, 8, 2021-06-21, 2021-12-18
177, 25, 2016-03-11, 2016-07-05
117, 5, 2022-10-13, 2024-01-15
184, 1, 2020-08-28, 2021-10-12
37, 30, 2015-10-23, 2016-10-13
62, 25, 2019-07-22, 2019-12-25
139, 21, 2016-01-31, 2017-06-02
7, 1, 2015-05-08, 2015-10-07
48, 27, 2022-08-19, NULL
116, 4, 2019-09-25, 2021-01-21
104, 1, 2022-10-29, 2023-08-31
100, 12, 2017-05-03, 2017-10-06
151, 30, 2020-05-13, 2021-04-04
11, 22, 2020-07-05, 2020-07-22
90, 1, 2017-11-13, 2018-11-07
99, 25, 2021-01-16, 2022-02-15
177, 19, 2021-12-15, 2023-03-11
176, 16, 2015-04-22, NULL
125, 25, 2015-12-22, 2016-08-22
24, 3, 2017-10-02, 2018-10-08
162, 30, 2016-01-21, 2016-09-10
87, 8, 2021-10-08, NULL
80, 18, 2022-11-23, 2024-02-04
158, 14, 2016-01-24, 2016-01-30
152, 28, 2022-07-28, NULL
130, 15, 2015-10-11, 2016-06-25
71, 23, 2021-05-03, 2021-11-18
138, 21, 2023-02-14, 2023-03-11
31, 23, 2020-10-17, 2021-06-26
116, 10, 2016-10-28, 2016-11-18
85, 14, 2016-03-25, 2017-03-12
20, 7, 2020-05-28, 2021-02-01
100, 25, 2023-05-08, 2024-06-25
46, 25, 2019-03-24, 2019-04-16
58, 11, 2022-08-29, 2023-06-24
59, 23, 2019-12-27, 2021-02-13
30, 4, 2016-11-04, 2017-01-15
155, 19, 2015-04-07, 2015-11-18
179, 14, 2015-03-26, 2016-03-23
178, 12, 2022-02-13, 2022-11-19
122, 2, 2018-02-16, 2018-09-28
109, 3, 2015-09-24, 2015-11-08
171, 12, 2020-04-28, 2020-11-20
63, 30, 2016-07-17, NULL
23, 19, 2017-02-04, 2018-01-11
169, 18, 2019-03-10, 2019-12-21
18, 26, 2022-05-12, 2022-08-15
30, 18, 2015-06-12, 2015-10-09
77, 5, 2023-05-17, 2024-05-11
96, 2, 2020-09-20, NULL
135, 22, 2017-12-25, 2018-10-21
78, 29, 2016-07-15, 2016-12-26
123, 26, 2017-05-24, 2017-08-29
123, 16, 2017-05-27, 2017-07-17
142, 21, 2022-01-12, 2022-10-17
19, 5, 2022-06-25, 2022-08-30
38, 28, 2015-10-06, 2016-06-07
19, 19, 2016-11-05, 2017-03-12
106, 27, 2022-01-06, 2022-07-11
68, 14, 2015-09-02, 2016-09-22
83, 25, 2019-06-05, 2019-06-20
186, 30, 2019-03-11, 2019-09-28
58, 24, 2016-06-05, 2017-02-06
131, 29, 2019-07-24, 2020-06-19
163, 6, 2017-09-15, 2018-07-19
128, 25, 2015-11-04, 2016-06-13
107, 3, 2021-04-19, 2021-06-02
199, 5, 2022-03-12, 2022-04-02
101, 9, 2020-03-17, 2021-02-13
88, 10, 2021-01-01, 2021-11-07
79, 28, 2020-04-08, 2020-12-26
194, 28, 2022-09-20, 2023-07-19
175, 20, 2021-09-20, 2022-08-25
36, 16, 2018-10-12, 2018-11-28
88, 18, 2020-10-18, 2021-08-30
65, 21, 2018-01-03, 2019-04-27
74, 20, 2020-10-04, 2021-01-29
83, 30, 2017-09-07, 2018-06-24
79, 7, 2018-10-04, 2019-06-27
72, 9, 2021-09-14, 2022-04-20
49, 25, 2021-11-16, 2023-02-15
198, 23, 2018-04-23, 2018-07-30
93, 23, 2021-02-01, 2021-11-12
119, 19, 2020-10-31, 2021-01-28
186, 29, 2018-04-08, 2019-03-01
154, 26, 2022-02-07, 2023-04-09
166, 26, 2020-07-28, 2021-02-05
124, 23, 2018-01-13, 2019-05-06
138, 11, 2016-08-22, 2016-12-31
65, 4, 2019-03-23, 2020-05-13
101, 1, 2015-09-30, 2016-01-05
66, 30, 2020-07-20, 2021-03-10
141, 19, 2018-02-08, 2018-10-28
51, 9, 2015-07-28, 2016-03-03
126, 20, 2016-03-18, 2016-11-17
81, 4, 2016-07-26, 2016-10-27
195, 26, 2015-08-12, 2015-09-03
72, 4, 2021-02-24, 2021-11-26
25, 30, 2023-05-02, 2024-04-18
11, 29, 2022-05-28, NULL
29, 11, 2022-01-01, 2023-01-05
111, 8, 2017-08-02, 2017-11-23
147, 25, 2017-12-28, 2019-04-18
61, 5, 2015-04-05, 2016-01-14
196, 8, 2016-12-04, 2018-01-21
99, 7, 2021-01-27, NULL
42, 3, 2021-05-28, 2022-06-12
70, 26, 2020-06-14, 2020-08-17
105, 8, 2017-09-18, 2018-05-12
45, 30, 2017-06-21, 2017-11-12
62, 22, 2018-06-17, 2019-01-26
154, 28, 2019-05-03, 2019-12-18
26, 28, 2015-12-02, 2016-06-29
114, 5, 2023-04-16, 2024-07-14
158, 25, 2019-04-07, 2019-04-19
70, 7, 2022-07-20, 2023-03-29
135, 11, 2018-08-12, 2018-08-23
158, 13, 2019-12-17, 2020-10-23
37, 23, 2015-11-13, 2016-09-16
175, 13, 2016-11-20, 2017-12-29
56, 11, 2018-12-17, 2019-07-13
184, 10, 2017-08-03, 2018-02-14
121, 1, 2022-09-12, 2024-01-04
166, 23, 2015-09-22, 2016-05-11
6, 13, 2021-05-30, 2021-11-23
6, 16, 2019-11-23, 2020-11-28
109, 3, 2019-11-27, 2020-04-06
69, 12, 2017-11-30, 2018-08-03
57, 28, 2021-07-26, 2022-06-22
136, 26, 2017-03-12, NULL
98, 12, 2015-07-16, 2016-08-09
182, 30, 2016-10-12, 2016-11-29
142, 2, 2017-10-22, 2017-12-02
66, 15, 2016-09-02, 2017-01-31
112, 9, 2017-01-31, 2017-05-29
43, 17, 2015-10-01, 2016-01-28
159, 2, 2021-06-03, 2022-05-05
190, 6, 2018-03-26, 2019-01-01
109, 29, 2016-11-18, NULL
51, 20, 2022-12-28, NULL
26, 9, 2017-01-02, 2017-10-03
119, 18, 2019-02-20, 2020-02-26
137, 30, 2017-02-04, 2017-06-10
84, 28, 2016-12-04, 2018-01-01
6, 17, 2020-08-28, NULL
35, 6, 2015-07-18, 2016-03-15
34, 8, 2021-10-30, 2023-01-01
72, 15, 2017-10-03, 2018-05-24
29, 23, 2017-10-13, 2018-01-04
194, 2, 2015-10-02, 2016-04-13
74, 15, 2020-12-06, 2022-01-20
194, 13, 2021-03-04, 2021-12-07
135, 15, 2022-04-05, 2023-08-01
156, 19, 2023-01-21, 2024-03-25
193, 9, 2020-11-14, 2022-03-09
129, 28, 2020-08-08, 2020-10-12
53, 3, 2021-09-22, 2022-03-30
30, 20, 2019-08-17, 2020-02-29
96, 1, 2018-07-12, 2019-03-19
5, 7, 2019-11-19, 2020-12-20
38, 15, 2021-08-15, 2022-09-24
36, 21, 2018-05-21, 2018-12-10
5, 29, 2017-07-19, 2018-10-25
125, 13, 2020-03-25, 2021-03-25
53, 15, 2016-06-18, 2017-01-17
63, 5, 2022-03-06, 2023-06-22
96, 2, 2018-12-06, 2019-08-02
168, 28, 2019-11-11, 2019-12-21
91, 27, 2020-09-30, 2021-07-10
123, 3, 2018-12-14, 2019-06-02
130, 6, 2015-02-15, 2015-04-08
183, 18, 2018-01-09, NULL
56, 21, 2020-11-04, NULL
104, 11, 2021-11-15, 2022-07-09
84, 10, 2019-02-16, 2019-03-15
150, 4, 2019-12-01, 2020-12-24
196, 17, 2015-05-29, 2016-05-05
187, 24, 2021-05-08, NULL
40, 30, 2019-03-28, 2019-09-14
113, 24, 2023-02-07, 2023-12-30
37, 25, 2017-03-15, 2017-05-02
71, 13, 2017-06-21, NULL
4, 5, 2017-03-07, 2017-10-08
107, 26, 2016-09-13, 2017-04-20
66, 30, 2017-05-12, 2017-05-13
42, 28, 2015-06-03, 2015-10-17
17, 8, 2020-04-02, 2021-07-15
173, 16, 2016-04-12, 2016-05-23
88, 20, 2023-03-01, 2023-09-08
67, 19, 2021-04-06, 2022-01-12
190, 11, 2022-01-30, 2023-01-06
40, 22, 2022-08-25, 2023-10-27
134, 22, 2018-02-16, 2019-04-05
63, 8, 2015-04-02, 2015-11-11
85, 17, 2018-05-16, 2019-01-27
104, 2, 2021-08-20, 2022-01-21
66, 4, 2016-08-29, 2017-06-10
57, 29, 2017-10-15, 2018-06-10
26, 23, 2021-01-29, 2021-10-15
191, 13, 2019-09-14, 2020-07-01
21, 8, 2016-10-27, 2017-09-12
170, 3, 2018-07-09, 2019-10-27
112, 13, 2019-11-06, 2020-01-24
8, 11, 2019-02-26, 2019-04-28
125, 29, 2020-07-07, 2021-10-26
151, 7, 2019-07-19, 2020-02-25
74, 8, 2021-11-05, 2022-12-22
41, 20, 2018-09-01, 2019-07-02
22, 4, 2015-12-03, 2016-01-15
3, 5, 2021-01-22, 2021-08-30
24, 30, 2022-10-27, 2023-09-24
14, 1, 2020-04-14, NULL
75, 27, 2019-02-11, 2020-01-25
180, 12, 2022-06-21, 2023-04-10
43, 29, 2018-06-22, 2018-12-09
150, 3, 2015-06-11, NULL
50, 26, 2016-11-27, 2018-03-02
126, 4, 2017-12-30, 2018-10-30
135, 3, 2021-11-14, 2022-04-09
119, 20, 2017-11-30, 2018-02-19
180, 17, 2016-01-29, 2016-10-10
177, 10, 2015-05-12, 2015-11-30
171, 6, 2022-10-17, 2023-06-17
92, 17, 2018-06-09, 2018-11-07
103, 14, 2017-08-21, 2018-10-02
80, 22, 2018-08-30, 2018-12-16
39, 23, 2016-09-27, NULL
151, 29, 2016-04-27, 2016-07-12
115, 5, 2016-09-03, NULL
198, 11, 2022-09-17, 2023-02-28
184, 16, 2019-11-19, 2020-06-16
165, 22, 2022-07-14, 2023-04-23
78, 30, 2022-12-14, 2023-04-01
168, 2, 2019-01-31, 2019-04-22
89, 3, 2015-07-20, 2015-08-06
65, 13, 2017-02-03, 2018-03-27
169, 13, 2022-12-14, 2024-02-29
35, 27, 2018-09-01, 2019-09-18
109, 22, 2018-07-13, 2019-11-16
146, 28, 2022-11-06, NULL
43, 9, 2019-08-31, 2019-10-18
86, 5, 2015-06-22, 2016-09-17
132, 20, 2020-07-21, 2021-11-24
52, 24, 2017-01-09, NULL
3, 21, 2019-01-17, 2020-01-17
158, 12, 2018-10-13, 2018-10-15
198, 27, 2020-08-14, 2020-11-26
86, 22, 2022-05-21, 2023-08-04
130, 9, 2020-12-14, 2021-07-03
152, 20, 2021-11-12, 2022-02-21
188, 26, 2015-06-11, 2016-01-30
152, 18, 2018-04-03, 2019-01-04
117, 2, 2018-03-11, NULL
151, 21, 2015-09-15, 2016-05-15
107, 30, 2020-03-13, 2021-06-25
147, 8, 2018-07-14, 2019-09-15
116, 9, 2018-05-14, 2019-08-14
10, 27, 2017-07-28, 2018-07-06
66, 13, 2017-12-22, 2017-12-25
11, 8, 2020-01-15, 2020-05-17
111, 2, 2015-11-08, 2016-12-23
138, 27, 2021-02-16, 2022-06-13
129, 28, 2023-03-21, 2024-05-01
79, 25, 2021-09-24, NULL
149, 7, 2020-12-27, 2021-12-01
200, 4, 2017-08-19, 2018-12-06
144, 24, 2018-09-07, 2018-12-07
52, 1, 2022-09-07, NULL
166, 8, 2020-05-19, 2020-05-30
192, 24, 2017-11-23, 2018-02-18
172, 9, 2019-08-30, 2019-11-21
53, 24, 2016-11-02, 2017-05-07
74, 10, 2021-01-30, 2022-01-20
18, 3, 2016-09-29, 2017-12-21
1, 8, 2015-09-28, 2016-10-31
195, 9, 2017-01-03, 2017-03-03
87, 4, 2020-08-11, 2021-09-08
137, 15, 2020-09-23, 2020-11-25
158, 9, 2015-12-08, 2016-06-08
91, 6, 2019-05-08, 2020-06-24
65, 24, 2015-03-16, 2016-06-25
197, 3, 2015-09-17, 2015-12-10
42, 17, 2022-09-25, 2023-06-26
194, 21, 2018-12-10, 2018-12-26
100, 26, 2019-11-07, 2019-12-31
199, 26, 2019-07-07, 2019-10-24
159, 21, 2020-06-03, 2021-07-05
179, 3, 2023-05-09, 2023-09-03
200, 16, 2021-04-02, 2022-05-02
83, 21, 2019-02-19, 2019-06-01
10, 15, 2017-02-09, 2017-02-11
5, 22, 2019-03-06, 2020-02-02
192, 27, 2015-01-31, 2016-06-11
119, 3, 2016-07-03, 2017-09-08
134, 18, 2016-04-22, 2017-02-20
127, 18, 2021-03-09, 2022-03-16
31, 20, 2015-05-14, 2016-06-20
82, 8, 2018-07-02, 2019-04-03
76, 2, 2016-03-12, 2016-04-10
171, 5, 2022-10-21, 2023-03-03
40, 9, 2018-10-24, 2020-01-03
20, 17, 2019-01-30, 2019-03-10
190, 10, 2019-07-25, NULL
73, 11, 2017-01-26, 2018-01-26
36, 30, 2020-11-20, 2021-09-25
26, 12, 2016-04-09, 2016-05-28
197, 11, 2018-07-27, 2019-10-25
148, 7, 2021-07-12, NULL
13, 9, 2018-06-29, 2019-09-03
194, 18, 2015-11-23, 2017-01-12
148, 28, 2022-09-29, 2023-07-06
142, 22, 2018-05-03, 2018-06-24
193, 30, 2015-06-16, 2015-11-23
108, 3, 2022-05-18, 2022-11-05
14, 5, 2015-10-09, 2015-11-27
151, 1, 2016-03-13, 2017-06-13
121, 26, 2019-01-19, 2019-08-15
68, 6, 2021-08-17, 2022-12-12
64, 3, 2018-09-30, 2018-12-26
146, 23, 2016-03-01, 2017-01-18
121, 7, 2023-03-04, 2024-03-01
189, 27, 2022-08-27, 2023-05-15
105, 1, 2022-08-23, 2023-05-18
148, 26, 2023-03-09, 2024-04-10
127, 18, 2017-09-01, 2017-10-02
157, 22, 2019-05-11, 2019-08-18
75, 12, 2016-07-11, 2017-02-04
106, 30, 2021-06-26, 2021-11-21
158, 28, 2016-05-25, 2017-05-22
166, 20, 2020-07-31, 2020-08-01
104, 19, 2017-02-22, 2018-03-12
33, 19, 2017-01-25, 2018-03-18
31, 22, 2017-10-16, 2017-12-23
60, 8, 2023-05-10, 2023-06-03
176, 13, 2016-06-28, 2017-11-05
29, 19, 2015-01-12, 2015-12-12
29, 27, 2022-10-22, 2022-10-30
88, 7, 2020-01-06, 2020-03-20
166, 26, 2016-05-19, 2017-08-07
106, 13, 2022-05-25, 2023-02-15
114, 22, 2017-04-05, 2018-06-19
53, 13, 2018-12-17, 2019-03-24
170, 8, 2020-06-29, 2021-03-07
112, 2, 2017-10-29, 2017-10-31
41, 2, 2015-09-02, 2016-09-20
75, 7, 2019-08-21, 2019-10-17
37, 10, 2018-02-18, 2018-05-20
4, 16, 2020-12-09, 2021-01-12
90, 10, 2022-03-23, 2022-07-16
177, 28, 2018-02-02, 2019-04-08
100, 9, 2016-10-19, 2017-06-22
35, 1, 2017-08-18, 2018-07-15
57, 18, 2020-09-18, 2021-08-13
29, 9, 2023-02-02, 2023-08-11
177, 4, 2018-01-18, 2019-04-05
80, 24, 2019-07-12, NULL
28, 8, 2018-03-04, 2018-07-12
194, 22, 2021-03-27, 2022-06-09
136, 30, 2017-01-19, 2017-12-07
136, 1, 2016-09-02, NULL
197, 23, 2021-03-18, 2021-10-19
1, 16, 2017-03-03, 2017-06-07
79, 24, 2019-10-07, 2020-02-13
70, 19, 2017-03-28, 2018-02-13
155, 19, 2021-04-29, 2021-10-29
121, 20, 2017-03-14, 2018-06-13
12, 28, 2018-10-08, 2019-04-09
62, 18, 2018-09-27, 2019-06-07
144, 1, 2022-09-26, 2022-11-05
36, 8, 2019-08-10, NULL
120, 14, 2020-12-31, NULL
175, 18, 2019-12-13, 2020-12-15
189, 7, 2017-06-13, 2017-12-20
66, 1, 2021-08-03, 2022-03-01
72, 21, 2021-08-08, 2022-11-07
54, 3, 2018-10-27, 2020-02-12
31, 3, 2017-10-22, 2018-12-02
192, 21, 2017-09-14, 2017-10-07
71, 18, 2016-11-15, 2017-10-18
187, 1, 2020-06-28, 2021-08-21
106, 29, 2018-09-16, 2018-11-07
150, 8, 2021-06-15, NULL
179, 12, 2019-01-01, 2020-01-22
179, 6, 2015-04-21, 2016-05-04
161, 19, 2015-03-29, 2016-03-05
45, 27, 2016-10-04, 2017-02-01
188, 6, 2017-03-13, 2018-05-11
34, 10, 2020-03-02, 2020-04-03
58, 20, 2016-07-04, 2016-07-21
186, 7, 2019-02-10, 2019-12-29
195, 10, 2022-09-13, 2023-04-23
17, 27, 2016-10-13, 2017-06-13
44, 12, 2015-05-24, 2016-02-21
108, 4, 2015-12-14, 2017-01-09
19, 5, 2019-08-28, 2019-10-23
180, 27, 2016-11-11, 2017-03-28
183, 18, 2022-08-05, 2023-05-04
152, 29, 2021-07-26, 2022-01-11
41, 27, 2021-08-31, 2022-05-31
56, 15, 2019-10-07, 2020-01-04
114, 9, 2018-07-17, 2018-11-28
188, 26, 2015-03-24, 2015-07-03
97, 25, 2021-01-02, 2021-08-29
149, 4, 2022-10-15, 2022-12-19
59, 24, 2022-11-08, 2023-08-09
29, 18, 2020-05-17, 2020-12-06
149, 23, 2023-04-10, 2024-06-02
133, 6, 2021-01-16, 2022-04-10
33, 8, 2015-07-27, 2016-04-13
140, 29, 2015-10-31, 2016-03-03
22, 11, 2020-11-20, 2021-08-23
67, 11, 2021-02-26, 2021-05-07
12, 14, 2020-07-02, 2021-09-11
36, 26, 2017-06-22, 2018-06-15
133, 5, 2022-01-03, NULL
185, 21, 2021-02-17, 2021-03-31
83, 15, 2016-11-05, 2017-10-20
87, 1, 2015-05-16, NULL
7, 25, 2022-06-16, NULL
186, 1, 2015-12-09, 2016-05-23
191, 26, 2022-02-22, 2022-12-19
177, 7, 2020-05-23, 2021-09-23
113, 26, 2021-01-16, 2021-12-14
162, 24, 2021-10-13, 2021-10-27
91, 11, 2019-04-02, 2020-03-12
130, 21, 2018-04-02, 2019-04-23
41, 3, 2021-02-13, 2022-04-06
172, 19, 2021-01-20, 2021-09-22
134, 30, 2015-11-10, 2016-01-27
196, 10, 2020-08-15, 2021-06-30
81, 13, 2020-04-04, 2020-04-25
120, 1, 2015-06-30, NULL
170, 9, 2017-10-03, 2018-04-15
88, 3, 2019-01-20, 2020-01-26
136, 5, 2019-07-18, 2020-01-28
61, 14, 2016-09-03, 2017-10-17
59, 11, 2019-02-22, NULL
80, 27, 2016-11-28, 2018-01-04
187, 2, 2021-03-13, NULL
121, 2, 2019-07-24, 2019-11-08
155, 28, 2021-11-20, 2022-09-02
91, 26, 2015-03-11, 2016-04-10
163, 28, 2020-11-23, 2021-02-26
16, 9, 2015-07-12, 2016-10-30
101, 9, 2020-12-05, 2021-02-07
136, 24, 2015-01-21, 2015-06-04
67, 28, 2022-03-21, 2022-06-20
122, 16, 2017-10-16, 2018-07-08
184, 25, 2017-02-07, 2017-11-05
103, 9, 2017-09-19, 2017-12-08
37, 23, 2019-06-27, 2020-05-09
186, 6, 2020-11-06, 2021-08-26
171, 24, 2018-06-13, 2019-01-08
6, 8, 2019-09-16, 2020-10-08
95, 24, 2023-02-18, 2024-04-26
55, 4, 2018-06-22, 2019-10-27
22, 15, 2015-06-17, 2016-08-11
162, 13, 2016-10-03, 2017-04-03
96, 25, 2018-04-05, 2019-06-23
48, 13, 2017-07-27, 2018-08-01
88, 18, 2022-08-30, 2022-12-04
187, 1, 2022-07-01, 2022-08-14
79, 14, 2018-02-20, 2019-05-08
148, 27, 2020-12-12, 2021-08-28
6, 25, 2017-07-14, 2018-07-24
62, 18, 2022-10-27, 2023-07-11
71, 11, 2023-02-19, 2024-07-01
157, 27, 2022-10-26, 2022-11-27
88, 2, 2018-04-01, 2019-03-19
75, 8, 2017-04-18, 2018-08-01
196, 27, 2018-12-25, 2019-04-04
66, 19, 2018-07-14, 2019-10-10
102, 24, 2017-06-27, 2018-08-15
27, 3, 2016-01-23, 2017-01-22
135, 15, 2023-02-02, 2024-04-27
140, 2, 2021-10-20, 2023-03-04
152, 3, 2022-01-28, 2023-01-11
56, 5, 2019-07-17, 2020-06-11
58, 2, 2019-07-24, NULL
20, 3, 2023-05-31, 2024-04-09
128, 25, 2018-09-03, 2019-03-22
129, 28, 2019-07-26, 2020-08-28
135, 29, 2015-02-04, 2015-02-10
54, 27, 2015-04-19, NULL
28, 11, 2019-08-27, 2019-10-24
153, 17, 2015-02-23, 2015-06-29
86, 16, 2022-02-21, 2023-02-16
187, 10, 2021-09-07, 2021-11-08
107, 30, 2015-01-13, 2016-04-09
55, 13, 2019-02-15, 2019-12-25
35, 29, 2015-08-26, 2015-10-05
19, 26, 2016-05-19, 2017-08-08
198, 19, 2018-03-20, 2018-05-15
58, 8, 2019-06-15, 2020-03-13
7, 19, 2016-07-24, 2017-08-16
50, 6, 2023-02-09, 2023-05-01
156, 20, 2020-09-02, NULL
116, 9, 2018-10-04, 2019-03-26
24, 9, 2015-05-30, 2016-05-21
188, 10, 2016-06-16, 2017-03-10
192, 2, 2019-02-11, NULL
87, 8, 2020-07-09, 2021-11-01
112, 26, 2023-05-05, 2023-05-29
25, 4, 2023-05-16, 2023-07-21
5, 2, 2017-03-01, 2018-05-23
134, 29, 2017-04-12, 2017-10-14
156, 3, 2015-04-22, 2015-11-06
117, 3, 2018-08-05, 2019-11-30
26, 6, 2017-06-14, 2017-10-23
92, 2, 2019-10-27, 2020-07-14
112, 19, 2016-03-21, 2016-11-25
125, 14, 2021-04-18, 2022-03-14
160, 7, 2020-11-18, 2022-01-18
192, 2, 2016-04-19, 2016-08-21
142, 1, 2020-12-01, 2021-07-19
88, 10, 2017-08-30, 2018-05-02
141, 24, 2020-12-05, 2021-02-13
55, 8, 2022-03-27, 2022-10-05
32, 2, 2016-02-24, 2017-01-31
177, 23, 2015-03-15, 2016-01-20
130, 12, 2021-05-01, 2022-02-23
75, 10, 2021-06-09, 2021-09-11
183, 15, 2017-11-11, 2018-09-06
104, 25, 2021-09-14, 2022-09-11
161, 14, 2022-01-01, 2022-10-22
200, 22, 2018-04-29, 2019-06-29
155, 25, 2021-09-24, 2022-10-11
174, 25, 2020-02-12, 2020-03-29
76, 5, 2021-01-01, 2022-02-07
99, 21, 2021-05-18, 2021-09-23
145, 4, 2018-04-20, 2018-05-01
80, 19, 2021-12-09, 2023-01-19
50, 6, 2017-02-18, 2017-04-15
200, 26, 2017-07-02, 2017-11-30
199, 14, 2019-07-14, 2020-04-28
15, 14, 2021-12-23, NULL
143, 16, 2016-09-26, 2017-04-18
118, 25, 2019-09-07, 2021-01-17
165, 15, 2016-12-13, 2018-01-01
144, 24, 2017-07-23, 2018-04-16
84, 22, 2022-06-06, 2023-04-11
167, 8, 2020-10-31, 2021-01-10
144, 25, 2015-03-13, 2016-05-15
73, 27, 2015-01-13, 2016-04-17
105, 29, 2022-06-11, 2022-08-11
178, 19, 2021-11-03, 2022-06-14
141, 26, 2016-08-26, 2017-03-22
92, 18, 2022-08-03, 2022-10-18
69, 3, 2021-03-05, 2021-09-17
89, 14, 2022-01-25, 2022-03-04
56, 1, 2021-04-20, 2021-12-23
26, 22, 2022-09-09, 2023-12-05
49, 26, 2020-12-04, 2021-05-14
193, 4, 2017-10-28, 2019-01-03
69, 13, 2021-01-26, 2021-04-13
198, 10, 2020-09-15, 2021-02-02
11, 28, 2015-05-01, 2016-07-01
123, 25, 2017-07-05, NULL
132, 14, 2021-09-25, 2022-04-14
100, 3, 2015-08-14, 2015-10-13
196, 13, 2020-08-25, NULL
172, 7, 2021-11-11, 2022-05-02
7, 2, 2015-09-29, 2016-04-09
157, 21, 2018-02-17, 2018-03-31
156, 3, 2023-04-10, NULL
105, 25, 2016-12-26, 2018-03-13
51, 28, 2021-07-13, 2022-11-12
106, 21, 2016-08-11, 2016-09-06
57, 21, 2018-02-20, NULL
127, 15, 2019-12-19, 2020-10-21
42, 2, 2023-01-04, 2024-05-01
36, 24, 2019-07-10, 2020-08-04
172, 5, 2021-09-08, 2021-11-18
143, 26, 2016-01-13, 2017-01-29
186, 21, 2020-04-26, 2021-08-12
13, 6, 2021-05-04, 2022-04-28
18, 25, 2017-12-15, 2017-12-27
135, 22, 2020-12-25, NULL
50, 7, 2017-04-10, 2017-11-29
34, 30, 2018-07-10, 2019-01-10
44, 7, 2018-11-13, 2020-02-25
28, 15, 2021-02-09, NULL
3, 7, 2016-11-03, 2017-10-17
155, 6, 2015-01-02, 2015-07-16
193, 14, 2017-09-01, 2018-10-29
172, 11, 2016-06-26, 2017-02-21
147, 12, 2019-03-21, 2019-05-23
115, 3, 2022-06-28, 2023-04-04
68, 19, 2015-07-21, 2016-07-27
149, 11, 2015-07-15, 2015-09-26
76, 17, 2015-06-26, 2016-11-06
111, 9, 2018-03-12, 2018-04-09
53, 22, 2017-10-21, 2018-12-21
121, 18, 2016-03-19, 2017-07-07
119, 24, 2020-08-08, 2021-07-16
48, 3, 2015-02-27, 2016-04-29
24, 29, 2020-07-06, 2021-10-07
138, 27, 2017-01-17, 2017-03-11
67, 17, 2019-09-16, 2019-12-13
88, 24, 2020-07-05, 2021-08-11
156, 15, 2017-08-15, 2018-09-08
60, 28, 2021-01-18, 2021-05-23
132, 6, 2021-02-04, 2022-01-19
105, 1, 2018-10-18, 2019-02-13
116, 24, 2015-04-04, 2015-12-13
151, 18, 2023-01-24, 2023-12-16
175, 30, 2016-05-02, 2016-12-21
16, 13, 2020-07-26, 2020-11-24
133, 25, 2016-08-23, 2017-11-07
94, 25, 2015-01-10, 2015-07-22
22, 22, 2016-12-01, 2017-03-04
90, 11, 2022-07-23, 2022-10-13
101, 22, 2022-05-25, NULL
86, 18, 2020-01-07, 2021-05-01
68, 13, 2021-05-21, 2021-08-06
134, 21, 2016-12-14, 2017-01-21
36, 11, 2021-05-14, 2021-12-04
194, 20, 2015-06-11, 2016-03-23
198, 22, 2018-01-04, 2018-05-05
156, 18, 2018-03-28, 2019-05-04
5, 6, 2016-06-03, 2017-09-03
85, 26, 2015-05-19, 2016-09-18
187, 8, 2022-06-05, 2023-08-10
185, 20, 2023-01-14, 2024-01-04
75, 21, 2016-06-16, 2016-11-16
87, 28, 2023-04-01, 2024-02-08
162, 3, 2022-04-05, 2022-05-19
116, 21, 2021-02-13, 2021-10-31
193, 30, 2015-05-27, 2016-05-17
24, 12, 2017-01-03, 2017-05-04
103, 15, 2019-05-19, 2020-01-19
197, 22, 2017-02-03, 2017-02-17
116, 9, 2019-04-08, NULL
158, 3, 2023-01-25, 2023-12-13
119, 16, 2021-11-05, 2022-08-05
139, 5, 2021-12-29, 2022-10-20
130, 16, 2023-01-22, 2024-03-30
34, 11, 2020-10-15, 2021-08-07
192, 2, 2022-03-19, 2022-12-17
135, 1, 2019-06-21, 2020-05-16
161, 26, 2017-08-30, NULL
69, 29, 2015-05-03, 2016-04-07
93, 25, 2019-05-18, 2019-11-30
85, 22, 2020-02-14, NULL
173, 4, 2016-11-18, 2017-04-11
46, 25, 2023-05-16, 2023-11-08
69, 9, 2017-01-17, 2018-05-11
118, 19, 2019-06-03, 2019-09-12
157, 10, 2017-01-30, 2017-12-23
35, 22, 2020-12-21, 2022-01-04
69, 26, 2019-05-23, 2020-07-22
50, 18, 2021-06-03, 2022-09-25
104, 6, 2017-12-03, 2018-01-13
84, 6, 2020-12-23, 2022-01-17
124, 6, 2018-11-07, 2019-05-26
148, 6, 2019-07-12, 2020-11-08
178, 8, 2018-11-07, 2019-08-06
176, 12, 2016-02-23, 2016-06-17
130, 4, 2021-04-12, 2022-04-11
94, 1, 2022-03-30, 2022-12-06
99, 28, 2021-04-07, NULL
83, 25, 2020-06-20, 2021-07-21
67, 8, 2015-02-01, 2015-05-12
160, 4, 2022-07-29, 2023-10-30
148, 3, 2016-04-08, 2017-07-20
124, 6, 2015-07-12, 2015-10-22
181, 11, 2021-07-11, 2021-11-09
10, 3, 2019-01-31, 2019-05-19
23, 11, 2018-04-17, 2018-12-06
84, 7, 2016-03-15, 2016-07-04
94, 20, 2017-05-28, 2018-07-21
187, 28, 2020-11-18, 2021-01-07
110, 15, 2018-07-23, NULL
159, 9, 2016-09-05, 2017-08-28
28, 10, 2015-12-23, 2016-01-11
46, 15, 2019-04-18, 2020-02-28
32, 23, 2021-08-20, 2022-05-16
16, 20, 2023-03-20, 2024-05-21
123, 1, 2018-01-17, 2018-07-21
132, 17, 2021-04-03, 2022-06-16
103, 6, 2016-07-14, 2017-11-05
199, 14, 2019-09-01, 2019-10-01
198, 19, 2020-09-05, 2021-04-06
116, 18, 2019-12-17, 2020-05-09
43, 5, 2020-07-11, 2021-07-08
87, 24, 2022-07-04, 2022-11-25
87, 24, 2021-08-06, 2022-03-11
82, 26, 2022-12-29, 2024-03-04
46, 17, 2016-06-11, 2016-11-14
31, 3, 2022-10-10, 2023-05-18
7, 5, 2015-01-26, NULL
40, 26, 2018-06-10, 2018-12-18
151, 21, 2017-08-08, 2017-09-15
34, 21, 2016-04-19, 2017-06-03
82, 3, 2017-05-03, 2017-05-06
124, 2, 2020-11-07, 2021-02-20
109, 18, 2023-04-12, 2023-07-15
73, 10, 2018-03-10, 2019-05-20
158, 13, 2019-04-30, 2020-02-25
184, 16, 2016-08-13, 2017-04-26
177, 30, 2017-06-28, 2018-01-31
164, 26, 2019-12-12, 2020-12-15
165, 14, 2016-09-05, NULL
94, 28, 2020-10-11, 2021-10-25
95, 10, 2017-05-06, 2018-09-05
135, 7, 2016-12-09, 2017-12-07
28, 24, 2016-07-01, 2016-10-07
33, 7, 2021-10-20, 2022-01-02
166, 1, 2022-01-11, 2022-06-17
16, 13, 2023-04-13, 2023-04-18
134, 8, 2019-08-29, 2020-01-11
53, 23, 2021-03-14, 2021-11-07
137, 6, 2020-04-15, 2020-11-08
23, 22, 2020-02-11, 2020-05-12
90, 16, 2020-03-16, 2020-08-28
93, 18, 2022-01-15, 2022-06-01
98, 5, 2021-05-28, NULL
37, 20, 2016-01-05, 2016-09-23
172, 24, 2020-02-01, 2020-08-15
142, 8, 2023-03-08, 2023-04-30
141, 28, 2017-01-14, 2018-01-17
31, 21, 2020-04-04, NULL
176, 7, 2017-03-23, 2017-11-05
187, 7, 2021-05-01, 2022-04-02
48, 27, 2015-04-30, 2015-10-14
40, 19, 2021-05-10, 2022-08-19
190, 14, 2016-12-02, 2018-04-06
110, 26, 2018-09-01, 2019-08-04
20, 21, 2018-05-26, 2018-09-24
37, 8, 2016-11-13, 2017-04-29
180, 8, 2021-06-23, 2022-09-05
53, 11, 2021-03-27, 2022-07-22
107, 4, 2020-06-26, 2021-07-03
189, 24, 2020-07-12, 2020-11-02
101, 10, 2017-10-09, NULL
86, 9, 2017-11-05, 2018-08-28
199, 16, 2021-11-08, 2022-11-10
47, 29, 2020-01-05, 2020-11-10
150, 15, 2015-01-12, 2015-04-18
113, 3, 2016-10-25, 2016-11-23
171, 29, 2021-09-06, 2022-05-04
128, 24, 2016-04-05, 2016-07-24
84, 5, 2021-07-01, 2022-11-01
133, 8, 2016-06-19, NULL
173, 25, 2016-02-08, 2016-04-17
102, 24, 2023-02-22, NULL
49, 6, 2015-06-04, NULL
195, 18, 2020-06-25, 2021-05-02
176, 29, 2020-03-22, 2020-12-13
146, 15, 2018-12-01, 2019-11-17
190, 24, 2022-11-27, 2024-02-20
132, 12, 2017-01-26, 2017-05-28
101, 30, 2015-09-07, 2016-10-20
193, 26, 2015-06-15, NULL
78, 8, 2019-05-08, 2020-04-03
147, 28, 2021-06-08, 2021-11-20
18, 12, 2016-10-29, 2018-03-02
187, 19, 2016-01-19, 2016-01-31
165, 19, 2016-11-16, 2017-12-20
151, 24, 2018-11-27, NULL
78, 7, 2020-05-11, 2020-09-30
189, 17, 2017-02-28, 2017-03-30
51, 30, 2015-01-21, 2015-11-13
121, 3, 2017-05-11, 2018-04-28
24, 20, 2016-04-16, 2016-06-30
163, 5, 2023-03-17, 2023-06-03
41, 4, 2022-09-14, 2024-01-01
118, 14, 2020-03-26, 2021-04-16
14, 4, 2021-10-17, 2022-11-16
23, 4, 2016-04-06, 2016-10-19
34, 30, 2017-01-10, 2017-02-01
185, 2, 2020-01-03, 2020-03-13
170, 24, 2020-12-07, 2022-01-01
64, 7, 2021-12-26, 2023-01-13
10, 10, 2021-05-31, 2021-09-07
87, 7, 2021-01-05, 2021-01-12
117, 21, 2022-06-17, 2023-08-07
134, 4, 2016-09-04, 2017-10-01
46, 4, 2016-01-05, NULL
143, 22, 2019-06-06, 2020-04-22
87, 28, 2015-02-05, 2015-11-28
35, 5, 2021-09-08, 2022-02-02
5, 27, 2021-08-19, 2021-11-27
94, 12, 2023-02-03, 2023-08-17
17, 26, 2023-04-28, 2024-05-09
55, 23, 2022-06-24, 2023-04-12
33, 25, 2022-10-15, 2023-08-10
5, 25, 2016-02-03, 2016-05-31
31, 5, 2018-02-02, 2018-05-11
92, 18, 2018-08-30, 2019-06-03
79, 25, 2016-06-17, 2016-10-04
67, 3, 2023-04-30, 2024-06-02
37, 16, 2015-08-09, 2016-03-13
158, 6, 2020-05-17, 2020-09-13
72, 2, 2016-11-12, 2017-09-15
114, 24, 2023-02-03, 2024-06-11
110, 28, 2021-08-16, 2021-08-28
34, 5, 2018-02-26, 2018-11-25
28, 11, 2018-08-01, 2018-12-13
41, 27, 2022-09-04, 2023-07-25
57, 23, 2022-12-19, 2024-03-07
64, 2, 2016-05-25, 2016-06-03
104, 16, 2021-04-30, 2022-08-12
116, 12, 2019-09-30, 2020-12-31
160, 3, 2019-02-28, 2019-10-13
200, 12, 2019-03-04, 2019-07-28
45, 8, 2017-10-26, 2018-06-29
36, 27, 2017-10-25, 2018-06-19
29, 2, 2021-03-23, 2021-04-23
132, 4, 2015-06-08, NULL
189, 26, 2019-08-17, 2020-05-27
116, 13, 2018-02-05, 2019-03-03
126, 6, 2019-10-02, NULL
4, 17, 2016-02-04, 2017-03-26
94, 15, 2016-03-15, 2016-05-30
185, 4, 2018-11-04, NULL
22, 7, 2020-09-13, 2020-10-05
27, 8, 2015-08-09, 2016-04-02
86, 3, 2015-07-15, 2016-09-04
93, 17, 2018-02-02, 2018-10-12
103, 6, 2016-04-12, 2017-04-08
5, 19, 2019-11-18, 2020-02-20
136, 22, 2018-12-26, 2019-08-12
110, 20, 2017-11-05, NULL
31, 18, 2015-01-23, 2015-07-13
172, 26, 2017-03-31, 2018-02-05
113, 30, 2017-11-07, 2019-01-11
101, 14, 2016-09-01, 2016-10-12
17, 17, 2017-09-12, 2018-11-12
122, 1, 2015-05-12, 2015-06-11
104, 14, 2019-10-10, 2019-12-01
85, 21, 2021-08-10, 2021-08-23
30, 2, 2020-01-05, 2020-11-02
120, 4, 2017-10-30, NULL
168, 9, 2021-07-26, 2021-11-24
142, 3, 2023-01-07, 2023-10-23
182, 21, 2022-10-23, 2023-03-11
81, 8, 2022-06-27, NULL
45, 2, 2017-11-12, 2018-09-21
10, 26, 2021-08-12, 2022-01-12
154, 27, 2020-07-28, 2021-11-16
156, 17, 2020-07-11, 2021-06-04
17, 7, 2020-03-12, 2021-01-09
31, 27, 2019-08-26, 2020-03-09
192, 10, 2016-02-23, 2016-09-21
26, 5, 2017-06-04, 2018-02-08
13, 16, 2020-05-19, 2021-03-08
60, 27, 2016-12-14, 2018-01-09
47, 7, 2023-04-07, 2024-03-25
172, 19, 2021-09-03, 2022-01-30
30, 20, 2020-01-02, NULL
183, 27, 2017-12-17, 2018-03-12
170, 5, 2015-04-18, 2015-08-06
132, 15, 2021-01-23, 2022-04-01
23, 14, 2015-08-13, 2016-10-17
171, 22, 2015-04-23, 2016-03-11
161, 9, 2016-01-25, 2017-04-05
140, 26, 2015-12-09, 2016-04-08
180, 25, 2021-11-24, 2022-09-13
130, 29, 2021-07-22, 2022-03-09
29, 3, 2019-12-26, NULL
138, 17, 2022-01-07, 2022-11-04
170, 17, 2015-05-06, 2016-06-27
19, 18, 2019-06-23, 2020-09-23
137, 5, 2016-10-20, 2017-11-13
92, 17, 2020-10-02, 2021-10-15
147, 15, 2020-09-07, 2021-03-18
3, 18, 2016-12-07, 2017-01-08
67, 18, 2015-07-11, 2016-02-11
122, 22, 2016-01-19, 2017-03-19
49, 13, 2021-04-26, 2021-06-09
104, 3, 2022-04-08, 2023-03-17
41, 17, 2020-08-08, 2021-07-20
70, 26, 2016-11-08, 2017-09-12
144, 29, 2020-08-29, 2020-11-15
193, 13, 2021-06-27, 2022-10-23
123, 22, 2022-02-15, 2022-03-13
151, 12, 2017-07-28, 2018-07-29
23, 26, 2021-07-07, 2022-02-09
110, 2, 2020-07-17, 2021-10-21
64, 6, 2020-06-19, 2020-11-12
177, 18, 2021-04-05, 2021-07-29
97, 12, 2016-03-14, 2017-04-17
149, 26, 2022-05-21, 2023-04-30
47, 10, 2022-03-06, 2022-03-30
108, 23, 2022-03-05, 2022-07-28
97, 13, 2021-02-17, 2021-06-25
157, 14, 2015-04-15, 2015-08-30
80, 5, 2015-09-23, NULL
144, 11, 2016-02-23, 2016-09-08
92, 19, 2017-09-22, 2018-11-19
71, 18, 2021-02-17, NULL
147, 26, 2017-06-28, 2017-11-12
137, 23, 2020-08-17, 2020-12-12
112, 5, 2017-11-24, 2018-06-15
193, 17, 2019-12-29, 2020-11-02
109, 1, 2021-12-27, NULL
77, 3, 2017-05-28, 2018-07-27
194, 24, 2017-10-13, 2018-04-15
154, 21, 2016-10-30, 2017-12-25
183, 14, 2016-03-18, 2016-07-16
185, 14, 2015-01-02, 2015-06-26
64, 2, 2017-11-08, 2018-04-22
25, 13, 2018-09-23, 2019-10-28
6, 30, 2016-11-09, 2017-05-13
72, 25, 2018-05-22, 2019-01-31
32, 20, 2016-02-03, 2016-09-10
9, 28, 2017-03-02, 2018-02-22
8, 26, 2021-05-12, 2021-12-12
17, 16, 2023-04-21, 2023-12-25
192, 3, 2020-10-13, 2020-12-17
153, 18, 2021-06-05, 2022-06-26
11, 18, 2021-01-25, 2022-05-30
1, 28, 2019-06-30, 2020-02-22
38, 4, 2018-01-17, 2018-02-27
106, 17, 2016-03-04, 2017-04-12
84, 20, 2017-01-26, 2018-05-12
97, 9, 2021-02-14, 2021-09-19
138, 20, 2017-10-16, 2018-10-09
102, 23, 2021-12-08, 2022-09-16
130, 13, 2021-05-12, 2021-10-19
24, 11, 2018-10-25, 2019-08-23
81, 26, 2022-05-26, 2022-06-21
158, 5, 2023-02-06, 2023-12-10
15, 28, 2022-09-16, 2023-10-21
93, 8, 2022-10-25, 2024-02-13
178, 2, 2018-12-09, NULL
21, 14, 2022-08-28, NULL
153, 18, 2021-03-24, 2022-05-12
108, 11, 2017-10-15, 2018-05-14
166, 5, 2016-02-14, 2016-11-04
84, 12, 2021-09-21, 2021-10-20
2, 2, 2015-04-12, 2016-02-11
147, 10, 2016-07-10, 2016-12-10
149, 9, 2017-01-02, 2017-01-27
97, 13, 2022-08-27, 2023-11-13
190, 28, 2021-03-30, 2022-02-08
128, 14, 2015-07-24, 2016-01-08
68, 6, 2015-02-28, 2016-04-23
80, 11, 2019-10-02, 2020-12-18
194, 15, 2018-10-24, 2019-07-27
147, 15, 2018-06-17, 2019-07-16
57, 7, 2020-09-05, 2021-10-23
109, 5, 2017-09-20, 2018-12-03
67, 26, 2019-07-15, 2020-10-06
34, 28, 2022-02-07, 2022-05-13
87, 23, 2018-03-30, 2018-04-27
162, 11, 2021-10-08, 2022-08-16
14, 1, 2022-10-16, 2024-02-06
42, 28, 2017-02-03, 2017-04-05
76, 6, 2020-01-26, 2020-09-02
123, 23, 2022-05-13, 2023-01-11
35, 25, 2018-07-18, NULL
8, 4, 2015-11-20, 2016-02-19
26, 3, 2019-03-06, 2020-06-15
129, 27, 2017-10-25, 2018-07-26
164, 13, 2015-09-03, 2015-09-07
138, 1, 2016-03-19, 2016-11-17
102, 16, 2022-12-22, 2023-09-02
33, 7, 2015-11-21, 2016-02-18
92, 15, 2015-02-25, 2016-06-16
115, 5, 2023-01-21, 2023-08-19
43, 21, 2019-10-07, 2019-11-15
29, 30, 2016-11-05, 2016-12-03
65, 8, 2023-04-01, 2024-04-24
88, 8, 2019-10-28, 2020-04-23
187, 13, 2020-12-20, 2021-01-14
90, 27, 2022-02-16, 2022-05-14
68, 17, 2016-12-17, 2017-05-25
172, 18, 2022-10-16, 2023-11-05
84, 29, 2017-11-03, 2018-05-08
69, 2, 2015-05-09, 2016-04-20
66, 10, 2022-04-27, 2022-11-02
120, 11, 2023-04-19, 2023-07-03
20, 4, 2016-07-27, 2017-11-23
183, 15, 2018-03-15, 2019-04-14
196, 24, 2023-03-14, 2023-11-21
159, 24, 2015-12-14, 2016-08-01
199, 13, 2017-04-24, 2017-08-27
166, 21, 2022-08-11, 2023-08-27
44, 1, 2017-02-23, 2018-05-14
138, 13, 2022-09-07, 2022-12-03
122, 12, 2023-01-04, 2023-01-11
16, 26, 2015-10-03, 2016-08-09
64, 27, 2015-06-20, 2015-10-29
163, 7, 2015-05-16, 2015-11-30
59, 11, 2023-01-24, 2023-10-31
38, 9, 2021-12-31, 2023-04-03
59, 29, 2018-06-05, NULL
180, 26, 2022-02-11, 2023-02-26
18, 23, 2019-06-12, 2020-01-24
74, 17, 2015-10-02, 2016-12-07
45, 9, 2017-11-06, 2018-03-17
93, 9, 2017-12-08, NULL
137, 7, 2020-12-31, 2022-03-27
17, 16, 2021-10-04, 2022-08-18
181, 26, 2021-03-12, NULL
176, 21, 2023-02-21, 2024-01-30
165, 20, 2016-05-20, 2016-08-04
129, 17, 2022-05-31, 2022-10-09
189, 13, 2021-12-23, 2022-10-10
151, 17, 2020-10-08, 2021-11-10
196, 23, 2021-09-18, 2021-10-20
81, 16, 2021-06-28, 2022-06-23
123, 4, 2018-01-28, 2019-04-03
36, 9, 2019-03-24, NULL
23, 28, 2023-03-05, 2024-01-06
98, 23, 2017-10-31, 2018-01-29
53, 27, 2021-03-30, 2022-02-26
116, 6, 2020-11-05, 2021-03-06
27, 5, 2016-04-06, 2017-03-03
128, 1, 2019-05-25, 2020-09-08
146, 7, 2016-12-07, 2017-08-29
13, 23, 2021-06-25, 2022-04-07
43, 5, 2016-05-11, 2016-06-03
4, 6, 2017-07-31, 2017-10-29
5, 3, 2022-10-04, 2023-06-29
112, 13, 2016-04-14, 2016-05-08
131, 27, 2022-01-30, 2022-12-02
143, 30, 2022-08-03, 2023-04-07
32, 1, 2021-02-21, 2021-04-05
49, 12, 2019-04-21, 2020-06-02
16, 30, 2023-02-15, 2023-06-16
75, 30, 2018-07-31, 2019-06-29
22, 19, 2020-09-21, NULL
124, 9, 2019-09-21, 2020-10-26
141, 21, 2016-07-20, 2016-10-28
105, 28, 2021-08-08, 2022-01-17
26, 2, 2015-01-15, 2015-04-27
5, 15, 2019-07-14, 2020-10-25
95, 27, 2018-02-16, 2019-06-15
191, 19, 2019-04-03, 2019-11-14
85, 1, 2022-09-23, 2022-10-17
172, 13, 2019-09-25, 2020-02-10
4, 29, 2022-04-05, 2022-10-24
77, 28, 2015-12-21, 2016-12-18
58, 10, 2015-01-07, 2016-02-25
83, 4, 2019-06-22, 2020-05-02
152, 9, 2021-12-08, NULL
158, 1, 2019-02-13, 2020-03-15
50, 14, 2019-09-16, 2020-06-23
142, 5, 2019-03-28, 2019-12-27
145, 20, 2019-07-18, 2019-10-08
118, 26, 2015-03-05, 2015-12-01
