149, 28, 2017-03-08, 2018-06-17
92, 15, 2015-07-18, 2016-06-22
155, 8, 2018-03-27, 2018-12-01
55, 11, 2019-11-29, 2020-01-05
42, 3, 2019-12-29, 2021-01-27
50, 16, 2018-08-28, 2018-12-29
104, 14, 2017-05-03, 2017-06-05
78, 7, 2016-03-29, 2017-02-26
175, 11, 2022-06-15, 2023-08-29
102, 26, 2019-04-03, 2019-07-30
104, 24, 2022-07-02, NULL
119, 7, 2020-12-31, 2021-02-18
6, 12, 2022-11-26, NULL
145, 27, 2016-09-20, 2016-10-08
72, 3, 2016-09-09, 2017-04-05
187, 27, 2019-01-25, 2020-04-28
122, 6, 2020-08-03, 2021-10-10
80, 28, 2017-01-12, 2018-01-01
2, 3, 2015-09-28, 2015-10-15
137, 23, 2019-12-17, 2021-02-19
174, 23, 2021-11-03, 2022-12-05
118, 26, 2022-02-24, 2022-05-07
52, 24, 2021-02-19, 2021-10-06
36, 3, 2016-09-06, 2017-12-03
97, 3, 2015-09-02, 2016-06-09
90, 15, 2015-08-24, 2015-12-01
84, 3, 2018-02-21, 2019-06-16
120, 7, 2019-10-07, 2019-12-04
82, 8, 2016-01-27, 2016-06-19
46, 1, 2015-02-27, 2016-01-18
157, 15, 2022-05-10, NULL
87, 8, 2018-01-24, 2018-09-23
142, 19, 2021-01-01, 2021-06-12
35, 10, 2018-11-16, 2019-10-30
104, 13, 2022-02-27, 2022-03-27
133, 3, 2017-06-04, 2017-08-19
38, 11, 2016-05-12, NULL
171, 7, 2022-08-03, 2023-07-13
94, 17, 2022-06-08, 2023-04-25
33, 15, 2021-02-13, 2021-11-25
174, 10, 2023-03-29, 2023-08-07
112, 7, 2020-02-07, 2021-06-20
11, 8, 2015-07-23, 2016-05-15
190, 29, 2019-12-03, 2020-07-15
69, 18, 2022-12-19, 2023-04-03
198, 29, 2020-03-20, 2021-08-02
15, 1, 2019-08-14, 2020-12-01
71, 25, 2021-11-29, 2023-04-02
192, 26, 2022-02-17, NULL
69, 20, 2022-02-27, 2022-05-01
160, 26, 2020-01-17, 2020-07-09
19, 5, 2020-04-07, 2021-04-08
28, 9, 2015-01-27, 2015-05-30
165, 26, 2020-12-17, 2021-02-05
188, 7, 2022-04-21, 2022-07-11
151, 26, 2022-06-15, 2023-06-29
115, 5, 2015-06-04, 2015-09-09
184, 26, 2022-08-31, 2023-05-20
27, 19, 2020-11-30, NULL
131, 29, 2016-06-08, 2017-03-31
33, 4, 2016-03-28, 2016-04-18
147, 23, 2021-11-16, 2022-09-21
71, 13, 2016-07-02, NULL
74, 22, 2020-12-13, 2021-01-14
77, 10, 2017-08-21, 2017-11-14
100, 21, 2021-04-06, 2021-10-18
182, 25, 2022-12-11, 2024-04-04
179, 2, 2017-09-10, 2018-02-14
62, 16, 2017-09-23, 2018-01-04
154, 6, 2020-07-22, 2021-03-04
50, 29, 2018-01-26, NULL
49, 11, 2015-06-07, 2015-09-30
68, 2, 2019-03-17, 2019-05-22
170, 24, 2022-03-22, 2023-07-21
95, 25, 2020-02-20, 2021-01-01
68, 28, 2015-08-16, 2016-04-05
24, 6, 2022-06-01, 2022-06-12
12, 28, 2019-04-24, 2019-05-17
60, 1, 2019-04-06, 2019-06-10
101, 27, 2016-03-03, 2017-06-16
108, 23, 2022-05-31, 2023-07-13
113, 9, 2019-02-20, 2020-07-02
55, 22, 2021-09-07, 2022-01-31
36, 25, 2016-11-03, 2017-07-26
77, 30, 2017-08-04, 2018-03-08
135, 2, 2015-08-09, 2016-05-07
182, 1, 2022-10-23, 2023-07-01
161, 12, 2021-12-27, 2022-05-24
123, 8, 2016-07-12, 2017-08-11
17, 13, 2016-02-19, 2017-01-03
25, 18, 2015-09-08, 2016-12-05
70, 27, 2018-11-17, 2020-01-17
196, 3, 2021-03-22, 2022-04-28
194, 28, 2023-01-04, 2023-10-07
107, 24, 2019-09-11, 2020-10-06
178, 2, 2019-03-16, 2020-03-30
27, 1, 2016-11-28, 2017-04-08
41, 17, 2016-06-01, 2017-03-16
136, 19, 2021-07-11, 2022-10-04
64, 18, 2021-04-25, 2022-05-05
50, 5, 2015-07-29, 2016-05-11
122, 4, 2021-10-18, 2022-01-02
79, 6, 2016-07-29, 2016-11-02
109, 16, 2015-09-01, 2015-11-28
20, 19, 2017-10-24, 2018-01-24
2, 11, 2015-06-03, 2015-08-22
163, 6, 2023-01-28, 2024-04-15
63, 21, 2017-03-23, 2017-09-04
149, 11, 2018-12-06, 2020-04-01
179, 13, 2018-07-31, 2018-11-24
76, 10, 2020-10-15, 2022-02-08
41, 22, 2016-08-19, 2017-08-20
97, 4, 2020-12-01, 2021-07-13
200, 28, 2017-01-09, 2017-05-18
127, 30, 2021-06-24, 2021-10-10
21, 14, 2022-08-20, 2023-10-05
200, 1, 2018-05-26, 2018-08-24
129, 20, 2023-05-20, NULL
182, 20, 2018-12-21, 2019-11-01
46, 7, 2021-03-27, 2022-06-11
79, 26, 2015-01-02, 2015-04-01
99, 12, 2023-01-15, 2023-10-01
165, 28, 2022-10-24, 2023-07-22
39, 8, 2019-01-25, NULL
120, 25, 2022-02-16, 2023-01-25
113, 11, 2015-10-11, 2016-05-14
91, 23, 2015-06-09, 2016-05-31
125, 2, 2015-10-24, 2016-04-29
84, 3, 2015-08-27, 2015-10-08
120, 13, 2018-05-13, 2018-09-05
56, 6, 2021-01-06, 2021-04-20
35, 17, 2020-10-09, 2021-03-05
149, 4, 2022-12-20, 2023-03-04
158, 1, 2017-01-21, 2017-11-30
81, 20, 2018-03-03, 2018-09-11
192, 5, 2019-08-31, 2020-08-09
58, 14, 2015-09-09, 2015-09-22
51, 8, 2018-09-16, 2019-10-22
175, 29, 2018-06-20, 2018-08-01
70, 5, 2018-11-20, 2018-11-30
62, 23, 2015-05-19, NULL
162, 19, 2019-06-22, 2019-08-04
195, 4, 2019-06-30, 2020-08-26
100, 23, 2018-10-06, 2019-10-14
148, 4, 2017-11-27, 2018-05-04
198, 24, 2015-10-31, 2016-06-02
6, 8, 2020-06-24, 2020-09-14
134, 26, 2016-10-21, 2018-01-31
73, 7, 2023-05-27, 2023-12-08
119, 3, 2016-10-18, 2018-01-03
175, 30, 2016-10-06, 2016-11-20
176, 21, 2021-11-29, 2022-12-15
72, 2, 2023-02-04, 2024-01-31
156, 24, 2022-04-21, 2022-05-20
172, 6, 2019-09-24, 2020-08-29
12, 29, 2021-02-15, 2021-05-31
124, 3, 2023-03-08, 2023-09-24
46, 13, 2020-11-25, 2021-10-05
129, 28, 2015-11-17, 2016-12-13
8, 14, 2016-09-02, 2017-06-04
171, 22, 2022-05-27, 2023-08-07
192, 9, 2020-11-24, 2021-09-09
182, 4, 2017-01-15, 2017-03-11
47, 7, 2022-11-19, NULL
186, 21, 2021-10-08, NULL
80, 7, 2018-09-28, 2019-01-28
32, 2, 2022-01-23, 2022-05-13
164, 8, 2020-07-17, 2021-09-25
29, 27, 2022-11-01, 2024-01-11
17, 8, 2018-07-27, 2018-12-25
156, 26, 2019-12-27, 2021-03-12
71, 20, 2015-11-01, NULL
10, 4, 2022-12-22, NULL
36, 21, 2023-01-12, 2024-01-10
102, 30, 2018-03-13, NULL
198, 2, 2023-01-11, 2023-03-18
29, 16, 2019-11-24, 2020-10-18
29, 25, 2020-06-25, 2020-12-11
184, 11, 2019-12-06, 2020-09-27
61, 11, 2021-05-15, 2021-07-30
114, 14, 2023-04-24, 2023-08-31
141, 21, 2017-07-24, 2017-11-02
10, 6, 2020-01-01, 2020-09-03
140, 10, 2016-04-04, 2017-05-25
72, 12, 2018-02-07, 2018-06-17
106, 11, 2017-04-25, 2018-02-25
5, 17, 2017-01-08, 2017-06-21
105, 25, 2021-09-01, 2022-05-29
151, 17, 2020-07-12, 2020-10-12
86, 9, 2017-08-29, 2018-09-26
6, 27, 2022-11-12, 2023-05-19
109, 17, 2022-12-22, 2023-02-16
46, 15, 2015-02-06, 2016-02-16
171, 26, 2021-01-09, 2021-07-31
176, 25, 2018-03-15, 2019-07-11
141, 4, 2018-03-27, 2019-03-29
142, 24, 2015-01-17, 2015-04-20
21, 8, 2015-03-11, 2015-09-13
68, 26, 2022-09-18, 2024-01-31
18, 8, 2020-07-01, 2021-08-07
161, 14, 2016-08-31, 2016-12-10
71, 18, 2021-06-27, 2022-01-23
164, 29, 2022-10-22, 2023-09-04
177, 6, 2019-08-09, 2020-12-13
30, 8, 2019-02-10, 2020-04-29
120, 26, 2016-01-20, 2016-02-03
123, 11, 2019-02-22, 2020-02-15
149, 16, 2023-01-20, 2023-04-22
34, 23, 2022-07-07, 2023-05-07
79, 5, 2021-11-18, 2023-01-02
144, 30, 2022-04-25, 2023-07-10
140, 14, 2023-05-18, 2024-06-12
65, 10, 2020-10-28, 2022-01-04
12, 16, 2015-09-08, 2016-01-06
159, 24, 2017-07-16, 2018-08-05
117, 9, 2018-01-02, 2018-06-16
182, 18, 2020-03-17, NULL
94, 18, 2021-05-12, 2021-11-21
40, 14, 2018-03-11, 2018-09-15
132, 21, 2019-05-31, 2020-02-09
131, 25, 2021-11-28, 2022-11-30
104, 3, 2022-11-20, NULL
25, 8, 2020-05-22, 2020-09-13
51, 2, 2015-01-31, 2016-02-16
15, 8, 2022-01-29, 2022-06-19
65, 29, 2021-08-09, 2021-12-18
113, 3, 2019-01-14, 2019-02-01
137, 25, 2015-07-10, 2016-03-19
164, 3, 2019-08-23, 2020-04-25
195, 28, 2016-07-06, 2017-05-22
192, 7, 2021-11-06, 2022-02-02
41, 18, 2018-06-10, 2019-02-22
51, 27, 2018-04-29, 2018-11-30
45, 3, 2019-08-09, 2019-12-01
156, 21, 2016-09-07, 2017-05-11
95, 11, 2018-05-07, 2019-02-13
165, 24, 2018-02-18, 2018-08-14
125, 17, 2017-12-03, 2018-08-18
194, 18, 2020-06-04, 2020-09-11
106, 21, 2015-10-16, 2016-06-01
95, 27, 2023-05-31, 2024-04-16
104, 8, 2018-02-23, 2018-03-09
5, 20, 2018-10-24, 2019-02-05
127, 20, 2023-04-21, 2024-02-10
57, 17, 2021-08-26, NULL
75, 17, 2018-12-24, 2019-08-26
194, 27, 2017-02-07, 2018-01-10
45, 5, 2015-07-15, 2016-01-18
129, 12, 2018-09-03, 2019-03-08
25, 5, 2019-01-21, 2019-12-14
33, 8, 2020-09-27, 2021-10-02
111, 1, 2022-09-14, 2024-01-05
124, 1, 2018-03-06, 2019-07-12
98, 26, 2020-11-04, 2021-08-03
157, 14, 2020-01-21, 2020-05-05
117, 30, 2022-11-05, 2024-02-13
192, 4, 2016-01-23, 2016-11-11
179, 24, 2019-01-17, NULL
157, 11, 2016-03-05, 2016-10-20
153, 26, 2023-01-05, 2024-03-01
178, 24, 2015-07-07, 2015-07-23
24, 24, 2023-01-28, 2024-02-28
105, 27, 2022-06-12, 2023-07-07
187, 3, 2017-07-20, 2017-08-30
31, 12, 2017-10-04, 2018-05-05
26, 4, 2018-10-02, 2019-07-11
88, 24, 2019-08-28, NULL
197, 28, 2015-05-29, 2016-07-07
181, 1, 2020-09-30, 2021-10-03
111, 21, 2015-02-17, 2016-06-30
177, 8, 2018-03-24, 2018-08-19
189, 4, 2021-12-28, 2022-04-25
157, 13, 2019-05-10, 2019-05-17
64, 5, 2017-03-14, 2017-04-29
116, 1, 2020-08-30, 2021-03-16
29, 22, 2022-07-22, 2022-12-01
100, 22, 2015-12-20, 2016-08-18
90, 15, 2017-12-22, 2019-04-06
177, 24, 2020-09-15, 2021-02-12
131, 25, 2020-06-01, 2020-07-03
22, 14, 2016-08-10, NULL
76, 9, 2021-01-13, 2021-11-21
50, 13, 2021-02-15, 2022-03-21
84, 17, 2021-08-03, 2021-08-07
161, 30, 2021-03-20, 2021-10-23
59, 11, 2018-08-07, 2018-08-17
178, 10, 2020-03-19, 2021-03-02
182, 5, 2016-05-08, 2016-10-19
101, 10, 2021-04-08, 2022-02-16
119, 1, 2020-05-22, 2020-07-18
136, 3, 2015-03-09, 2015-04-04
64, 12, 2015-03-14, 2015-06-17
185, 28, 2016-04-13, 2017-03-25
151, 7, 2019-12-18, 2021-04-16
25, 23, 2015-06-30, 2015-11-09
32, 28, 2017-09-04, 2018-11-04
133, 10, 2021-12-10, 2022-12-12
105, 29, 2022-10-26, 2023-10-27
14, 5, 2018-03-02, 2019-06-09
87, 13, 2015-07-23, 2016-10-12
42, 27, 2019-08-19, 2020-02-09
129, 30, 2021-01-29, 2021-06-21
188, 30, 2020-01-06, 2020-09-24
179, 11, 2016-08-17, NULL
25, 8, 2019-12-06, 2021-01-25
128, 24, 2020-12-13, 2022-04-11
133, 12, 2023-03-16, 2023-09-15
128, 26, 2022-07-29, 2023-12-09
148, 12, 2022-06-10, 2022-10-09
103, 16, 2015-06-05, 2016-02-12
46, 11, 2020-12-10, 2021-07-19
95, 30, 2015-10-26, 2015-12-05
43, 1, 2021-04-19, 2022-07-04
198, 22, 2021-06-20, 2022-01-13
23, 24, 2018-01-11, 2018-03-31
121, 8, 2015-10-24, 2016-02-03
156, 16, 2023-01-26, 2024-03-18
17, 11, 2015-06-11, 2015-12-13
134, 16, 2022-12-24, 2023-11-28
112, 18, 2015-10-18, 2016-06-25
90, 24, 2016-11-17, 2018-02-16
186, 4, 2019-06-15, NULL
115, 24, 2017-02-06, 2017-05-17
2, 7, 2020-02-21, 2020-12-21
71, 22, 2015-09-08, 2016-11-07
137, 14, 2018-10-24, 2018-11-01
132, 25, 2016-01-12, NULL
95, 11, 2021-03-16, 2021-06-02
132, 17, 2023-02-14, 2024-03-30
153, 30, 2018-03-08, 2018-08-28
171, 12, 2021-01-28, 2021-01-30
31, 23, 2018-11-19, 2020-03-27
111, 28, 2021-12-08, 2023-01-08
80, 5, 2017-07-05, 2017-11-17
174, 20, 2016-02-12, NULL
200, 24, 2020-02-06, 2020-08-17
43, 30, 2018-03-31, 2019-08-05
100, 30, 2015-07-13, 2016-01-19
10, 18, 2016-09-27, 2017-08-20
144, 14, 2016-03-17, 2017-04-13
7, 18, 2022-05-09, 2022-09-30
62, 9, 2020-06-04, 2021-08-16
127, 9, 2021-07-10, 2021-07-30
147, 9, 2023-05-29, 2023-09-04
106, 3, 2021-03-10, 2022-04-26
10, 17, 2018-09-19, 2019-01-08
141, 25, 2017-08-06, 2018-11-26
75, 20, 2020-08-19, 2020-09-17
45, 22, 2015-03-10, 2015-09-23
179, 28, 2019-05-10, NULL
173, 7, 2017-09-04, 2017-10-26
78, 15, 2018-09-15, 2019-01-08
90, 15, 2019-10-29, 2021-01-09
188, 24, 2018-11-14, NULL
141, 6, 2023-05-08, 2023-12-02
30, 16, 2018-11-04, 2020-02-03
158, 11, 2017-08-16, 2018-11-30
71, 7, 2016-10-21, NULL
82, 11, 2016-04-21, 2016-11-11
105, 26, 2017-09-08, 2018-08-25
81, 23, 2016-08-16, 2017-06-20
178, 23, 2020-08-07, 2020-12-25
108, 17, 2018-08-31, 2019-01-29
6, 10, 2017-09-22, 2018-06-15
27, 21, 2020-09-16, 2020-12-16
148, 9, 2017-12-11, 2018-10-05
84, 28, 2022-06-10, NULL
193, 4, 2015-10-31, 2017-02-17
158, 19, 2017-01-26, 2018-05-11
187, 2, 2020-06-21, 2021-03-16
142, 10, 2017-08-31, NULL
47, 14, 2022-09-12, 2022-11-13
98, 7, 2015-02-21, 2016-02-10
89, 4, 2020-09-01, 2021-08-19
177, 21, 2020-08-01, 2020-08-26
152, 28, 2022-04-24, 2023-06-03
134, 25, 2021-12-06, 2022-07-17
107, 7, 2020-03-15, 2020-11-11
182, 12, 2019-11-17, 2020-11-03
75, 4, 2019-03-29, 2019-09-24
125, 29, 2016-08-22, 2017-06-07
115, 28, 2017-02-22, 2018-06-26
151, 3, 2018-08-07, 2019-07-21
12, 13, 2021-07-18, 2022-07-08
26, 6, 2022-09-20, 2023-10-26
151, 8, 2018-06-05, 2018-12-19
39, 14, 2017-04-29, 2017-11-09
112, 6, 2018-01-16, 2019-04-17
72, 4, 2019-07-19, 2020-07-24
151, 19, 2019-12-04, NULL
165, 9, 2023-04-11, 2023-11-18
55, 5, 2016-12-25, 2018-04-27
180, 3, 2015-09-27, 2016-08-12
29, 24, 2022-04-06, 2022-09-10
141, 13, 2016-07-03, 2017-06-05
171, 17, 2015-01-10, 2015-05-25
96, 24, 2021-08-20, 2021-12-21
104, 25, 2022-06-22, 2022-12-15
76, 6, 2020-04-01, 2020-06-13
104, 10, 2015-10-25, 2015-11-22
134, 26, 2020-07-23, 2021-06-18
61, 24, 2018-10-05, 2019-07-09
147, 12, 2022-03-22, 2023-03-07
187, 12, 2018-03-09, 2018-04-14
95, 3, 2020-06-02, 2020-06-18
9, 19, 2019-03-13, 2019-09-12
49, 10, 2019-11-05, 2021-03-03
54, 28, 2023-05-16, 2023-09-12
53, 15, 2015-03-07, 2015-07-12
67, 4, 2018-11-29, 2020-03-31
101, 15, 2016-10-08, 2016-12-20
97, 3, 2019-06-21, 2020-08-15
52, 9, 2017-09-27, 2017-10-15
104, 28, 2016-06-22, 2017-08-03
147, 27, 2020-03-23, NULL
21, 13, 2019-01-08, 2019-01-19
124, 23, 2018-03-03, 2018-09-12
179, 18, 2022-10-21, 2023-01-08
52, 2, 2015-03-14, 2016-04-08
140, 4, 2022-04-17, 2023-03-27
30, 5, 2018-05-14, 2019-08-20
26, 5, 2023-04-09, 2024-03-10
122, 29, 2019-05-29, 2020-01-10
40, 23, 2022-07-28, 2023-02-25
49, 20, 2023-01-28, 2024-03-26
140, 26, 2020-05-30, 2020-12-12
182, 14, 2022-07-05, NULL
55, 6, 2022-08-10, 2022-12-07
37, 14, 2019-01-01, 2019-02-11
32, 30, 2015-01-16, NULL
143, 16, 2018-12-20, 2020-04-26
39, 28, 2016-04-20, 2016-06-28
199, 14, 2022-01-04, 2023-02-02
141, 14, 2023-03-23, 2024-02-12
1, 18, 2020-03-03, NULL
33, 14, 2017-12-31, 2018-10-22
176, 21, 2022-04-02, 2023-06-21
77, 13, 2015-05-31, 2015-08-20
109, 28, 2019-10-29, 2020-04-28
157, 21, 2020-07-13, 2021-02-17
140, 7, 2019-01-23, 2020-04-21
8, 9, 2021-09-30, 2021-11-15
147, 6, 2016-01-20, 2016-04-27
94, 18, 2017-04-15, 2018-06-12
68, 1, 2022-10-05, 2022-11-27
153, 25, 2018-09-01, 2019-10-06
156, 13, 2017-08-24, 2018-12-02
24, 11, 2015-05-01, 2016-05-01
188, 25, 2022-10-14, 2023-03-10
153, 3, 2021-01-21, 2021-11-18
59, 9, 2021-09-08, 2022-08-09
170, 30, 2017-10-20, 2019-02-25
171, 3, 2021-07-09, 2022-03-07
55, 29, 2019-03-27, 2019-11-02
45, 16, 2017-05-07, NULL
91, 5, 2015-11-22, 2016-10-22
116, 27, 2017-06-14, 2017-12-08
142, 23, 2017-01-11, 2018-04-24
22, 29, 2019-10-12, 2020-04-02
85, 27, 2017-10-10, 2018-02-17
3, 8, 2017-05-20, 2018-08-21
56, 27, 2016-01-14, 2016-10-29
171, 7, 2020-07-23, NULL
174, 13, 2019-05-02, 2020-02-17
64, 5, 2017-08-31, 2017-09-28
43, 21, 2016-03-08, 2017-02-04
170, 24, 2020-06-29, 2021-07-25
127, 25, 2015-09-02, 2016-09-18
7, 13, 2019-07-19, 2020-11-25
112, 25, 2015-06-24, 2016-04-23
21, 13, 2022-02-14, 2022-09-16
107, 21, 2018-07-27, NULL
178, 1, 2019-11-24, 2020-05-15
12, 10, 2016-08-12, 2016-11-27
190, 5, 2019-03-19, 2019-06-27
96, 2, 2022-08-24, 2023-10-04
94, 26, 2020-06-18, 2020-08-29
62, 9, 2020-03-23, 2020-08-30
79, 15, 2018-04-06, 2018-04-17
200, 4, 2017-01-17, 2018-01-24
116, 30, 2018-10-18, 2019-03-07
199, 18, 2015-07-06, 2015-11-29
117, 13, 2019-10-21, 2020-07-11
60, 30, 2016-09-12, 2017-09-16
155, 28, 2016-12-15, 2017-09-22
197, 1, 2022-06-16, 2023-08-20
79, 9, 2023-04-21, 2024-06-19
38, 9, 2023-01-05, 2024-05-02
199, 16, 2023-03-28, 2024-05-31
86, 8, 2020-05-01, 2020-12-12
140, 2, 2020-07-05, 2021-02-28
3, 30, 2017-02-19, 2018-05-16
86, 1, 2017-08-13, NULL
156, 6, 2022-11-26, NULL
45, 21, 2023-05-14, 2024-05-01
77, 28, 2020-12-30, 2021-07-23
77, 29, 2019-10-05, 2020-08-12
102, 1, 2017-08-17, 2018-08-14
10, 19, 2023-03-17, 2023-11-07
190, 22, 2017-05-17, 2017-06-16
61, 16, 2019-07-29, 2020-12-04
100, 15, 2022-06-27, 2023-03-20
46, 22, 2016-03-01, 2016-06-26
9, 28, 2022-05-31, 2022-12-01
89, 19, 2016-11-17, 2018-03-01
79, 8, 2020-06-26, 2021-04-08
152, 25, 2023-04-25, 2024-07-03
137, 11, 2023-01-06, NULL
29, 27, 2016-05-11, 2017-01-10
107, 19, 2022-03-19, 2023-06-01
174, 7, 2018-09-13, 2019-09-30
182, 6, 2017-07-16, 2018-09-17
12, 8, 2015-09-01, 2016-08-26
101, 17, 2019-09-05, 2020-06-18
13, 21, 2018-01-14, 2018-05-02
58, 16, 2021-04-09, 2022-08-16
9, 16, 2019-08-02, 2020-12-11
92, 21, 2021-02-03, 2021-09-14
185, 14, 2016-08-28, 2017-09-22
122, 29, 2021-10-07, 2022-05-16
128, 25, 2022-12-19, 2023-07-07
78, 6, 2021-11-18, 2022-03-30
136, 5, 2017-03-08, NULL
185, 28, 2015-05-03, 2016-04-28
62, 27, 2022-10-01, 2023-02-16
33, 11, 2019-10-24, NULL
64, 3, 2017-11-22, 2019-01-26
7, 7, 2016-10-08, 2017-05-22
19, 14, 2022-02-24, NULL
89, 13, 2015-12-17, NULL
139, 25, 2021-10-24, 2023-02-16
169, 10, 2021-12-13, 2022-04-29
118, 17, 2022-09-28, 2023-02-20
143, 23, 2016-12-18, 2017-10-15
24, 7, 2021-09-01, 2022-05-10
176, 12, 2018-05-26, 2019-07-07
170, 19, 2021-07-30, 2021-10-27
62, 8, 2023-02-18, 2023-04-17
24, 19, 2022-03-13, 2022-08-09
20, 2, 2023-03-26, 2023-04-09
99, 5, 2022-10-05, 2024-02-16
28, 11, 2021-05-13, 2022-09-10
185, 8, 2018-09-03, NULL
185, 20, 2023-01-23, 2023-06-28
187, 24, 2015-04-18, 2016-01-10
162, 15, 2022-11-21, 2023-06-19
124, 14, 2017-09-16, NULL
94, 1, 2019-11-10, 2020-07-27
142, 24, 2020-10-04, 2020-11-26
30, 13, 2017-01-07, 2018-04-09
158, 3, 2022-08-27, 2022-12-08
30, 16, 2021-05-03, 2021-09-07
31, 27, 2018-12-11, 2020-01-09
190, 3, 2015-03-15, 2016-07-05
59, 24, 2022-10-22, NULL
59, 17, 2019-03-19, 2020-02-11
5, 4, 2017-02-01, 2018-01-02
11, 26, 2022-11-03, 2024-01-09
62, 18, 2015-05-22, 2016-07-04
189, 19, 2021-07-13, 2022-10-27
185, 24, 2018-03-03, 2019-06-02
78, 30, 2021-12-24, 2022-06-12
112, 11, 2017-11-28, 2018-04-18
75, 2, 2018-09-19, 2019-04-30
164, 28, 2019-01-14, 2019-10-06
82, 11, 2017-03-19, 2017-07-21
14, 26, 2022-09-16, 2022-11-20
181, 17, 2016-10-29, 2017-01-28
44, 3, 2018-09-24, 2019-08-28
155, 29, 2022-01-11, 2022-01-21
167, 10, 2015-03-28, 2015-04-22
28, 30, 2021-03-21, 2021-05-14
195, 29, 2016-03-31, 2017-02-03
138, 2, 2022-01-11, 2022-10-29
84, 20, 2015-01-11, 2015-11-15
67, 5, 2018-06-20, 2019-06-02
100, 24, 2016-02-22, 2016-07-22
99, 17, 2019-07-11, 2019-12-29
115, 10, 2015-03-18, 2016-03-30
47, 28, 2022-11-09, 2023-08-03
124, 2, 2017-05-31, 2018-01-13
65, 8, 2016-03-30, 2016-04-01
7, 9, 2016-11-01, 2017-08-04
107, 23, 2020-07-11, 2020-08-31
9, 28, 2017-08-10, 2018-06-30
170, 11, 2021-10-25, 2022-12-12
45, 10, 2016-02-15, 2017-06-29
16, 2, 2018-01-06, 2018-11-24
97, 25, 2017-07-19, 2018-02-21
96, 19, 2016-06-01, 2017-04-25
106, 27, 2019-01-12, 2020-04-10
142, 30, 2017-07-18, 2017-11-22
183, 13, 2020-04-21, NULL
96, 30, 2020-07-30, NULL
38, 10, 2018-01-06, 2018-11-01
136, 13, 2022-05-25, 2022-08-09
10, 7, 2018-09-20, 2019-03-16
15, 19, 2016-12-31, NULL
149, 1, 2019-02-16, 2019-08-27
105, 17, 2016-05-15, 2017-09-18
84, 6, 2018-03-16, 2019-04-07
127, 15, 2020-02-17, NULL
6, 11, 2017-05-28, 2018-05-03
149, 30, 2016-05-27, 2016-12-09
133, 26, 2021-06-20, 2022-04-07
196, 12, 2023-04-10, 2024-05-26
99, 17, 2018-04-22, NULL
129, 30, 2016-06-14, NULL
23, 9, 2021-04-14, 2021-05-29
103, 15, 2015-07-18, 2016-09-05
79, 11, 2021-10-27, 2022-11-04
169, 16, 2021-03-20, 2022-04-19
192, 13, 2016-07-06, 2017-02-17
1, 2, 2019-01-23, 2019-06-04
48, 19, 2016-06-01, 2017-08-07
184, 8, 2021-05-26, 2021-11-10
169, 15, 2019-03-16, 2019-05-01
50, 29, 2018-03-18, 2018-08-12
4, 9, 2021-04-15, 2021-12-17
112, 19, 2022-04-21, 2022-11-20
131, 12, 2017-03-19, 2017-07-21
199, 24, 2019-01-02, 2019-11-11
150, 1, 2021-11-07, 2022-07-17
69, 10, 2016-07-25, NULL
101, 28, 2018-05-08, 2019-04-25
34, 20, 2015-08-01, 2015-12-31
76, 30, 2019-11-06, 2020-03-18
124, 18, 2017-05-07, 2017-10-08
103, 15, 2016-10-22, 2018-02-09
39, 20, 2023-02-01, 2023-12-12
91, 4, 2021-01-02, 2022-01-14
62, 9, 2021-10-25, 2022-08-18
160, 7, 2015-05-15, 2016-09-01
189, 17, 2018-10-06, 2019-03-25
67, 23, 2019-07-30, 2019-09-12
30, 26, 2021-07-15, 2022-06-09
188, 10, 2018-09-26, 2019-11-26
108, 6, 2023-02-01, NULL
146, 27, 2015-01-03, 2016-01-01
189, 19, 2021-06-20, 2022-03-06
126, 9, 2022-01-18, 2023-01-28
14, 1, 2018-06-08, 2019-08-17
87, 23, 2019-07-20, 2020-01-14
127, 16, 2020-11-15, 2021-02-28
114, 22, 2016-10-25, 2017-11-09
142, 13, 2016-09-02, 2017-09-05
61, 4, 2018-07-07, 2018-09-12
175, 11, 2015-05-22, 2016-02-03
2, 5, 2016-08-17, 2016-08-25
187, 8, 2018-06-25, 2019-07-01
135, 3, 2019-12-27, 2021-02-22
29, 9, 2018-06-28, 2019-07-17
30, 17, 2020-03-25, 2020-07-22
48, 21, 2021-05-23, 2021-05-30
79, 13, 2015-08-29, 2015-12-28
107, 7, 2018-04-03, 2019-04-18
164, 13, 2019-03-26, 2020-04-13
138, 2, 2016-09-29, 2017-04-18
181, 27, 2022-04-15, 2022-10-28
38, 6, 2023-01-31, 2023-08-01
22, 10, 2017-06-20, NULL
175, 21, 2022-12-23, 2023-03-02
155, 23, 2019-12-04, NULL
188, 13, 2020-08-17, 2021-02-11
80, 20, 2015-07-01, 2016-11-05
125, 17, 2018-01-30, NULL
127, 9, 2020-08-15, 2021-01-18
57, 18, 2018-04-05, 2019-02-01
139, 3, 2021-06-08, 2021-11-20
85, 16, 2019-02-11, 2019-04-24
5, 17, 2021-12-03, 2023-01-17
178, 14, 2020-01-04, 2020-12-20
118, 19, 2018-08-23, 2019-12-12
87, 30, 2019-07-31, 2020-10-12
82, 15, 2022-01-19, 2022-08-05
49, 23, 2019-01-19, 2020-03-28
96, 13, 2020-11-21, 2021-10-06
146, 22, 2019-02-12, 2020-03-29
118, 18, 2016-02-12, 2016-07-11
80, 21, 2022-03-19, 2023-04-30
154, 10, 2017-01-06, 2017-03-28
18, 11, 2023-01-11, 2023-10-23
196, 22, 2015-06-24, 2016-07-03
156, 14, 2023-04-02, 2024-01-06
22, 18, 2021-07-05, NULL
65, 19, 2017-08-18, 2018-12-31
101, 30, 2017-04-27, 2017-12-30
63, 15, 2019-11-23, 2020-03-05
139, 5, 2022-06-06, 2022-09-13
128, 11, 2017-05-08, 2017-10-30
102, 18, 2018-06-06, 2018-08-22
160, 30, 2016-06-09, 2017-02-05
175, 17, 2018-11-26, 2019-08-27
83, 25, 2017-01-10, 2017-03-22
153, 12, 2020-01-18, 2021-01-02
97, 2, 2017-08-26, 2019-01-06
108, 29, 2021-06-02, NULL
152, 14, 2015-01-22, NULL
163, 5, 2016-09-13, 2017-12-02
66, 15, 2019-04-02, 2019-06-26
113, 22, 2023-03-22, 2023-04-29
39, 16, 2023-05-11, 2024-05-16
168, 7, 2020-08-22, 2021-01-31
57, 26, 2022-05-04, 2023-02-09
85, 30, 2022-06-21, 2023-03-10
191, 14, 2016-05-22, 2017-05-21
8, 9, 2019-02-15, 2020-04-12
23, 30, 2020-10-07, 2021-06-19
142, 5, 2018-11-28, 2019-05-06
185, 11, 2016-11-30, 2018-03-04
48, 25, 2017-09-11, 2018-01-07
31, 20, 2017-07-10, 2018-06-21
196, 9, 2019-06-23, 2020-10-30
34, 5, 2019-10-03, 2020-02-13
180, 12, 2019-11-04, 2020-09-13
35, 28, 2016-02-14, 2016-07-19
81, 10, 2019-05-25, 2019-06-07
150, 9, 2015-03-24, 2015-07-01
175, 10, 2016-05-02, 2016-10-31
5, 26, 2021-08-10, 2022-01-12
45, 3, 2023-03-06, 2023-10-06
193, 25, 2019-06-06, 2019-11-17
50, 18, 2015-05-24, 2015-09-29
1, 24, 2017-02-12, 2017-08-03
134, 25, 2016-01-03, 2016-07-08
132, 21, 2023-04-30, 2024-06-25
156, 17, 2023-05-19, 2024-04-27
30, 8, 2019-08-26, 2019-11-05
67, 11, 2021-11-28, 2021-12-15
200, 19, 2022-12-10, 2023-04-12
119, 8, 2015-03-19, 2016-06-03
196, 3, 2023-05-30, 2023-08-12
115, 9, 2022-08-26, 2023-11-15
132, 9, 2022-12-24, 2023-08-15
188, 7, 2016-05-24, 2016-09-27
122, 17, 2016-11-29, 2017-08-05
57, 21, 2021-08-06, 2021-11-10
60, 15, 2020-06-25, 2020-11-21
80, 27, 2016-07-19, 2017-01-21
176, 19, 2020-07-30, 2021-10-05
56, 25, 2015-09-12, 2016-07-08
129, 22, 2019-08-07, 2020-09-15
188, 5, 2017-02-24, 2017-04-25
187, 13, 2016-02-01, 2016-10-06
105, 19, 2015-01-04, 2015-11-15
101, 13, 2016-06-26, 2016-08-28
11, 13, 2016-05-10, 2017-06-21
164, 5, 2022-07-13, 2023-10-02
108, 10, 2020-01-10, 2021-01-14
63, 27, 2020-01-10, 2020-08-24
107, 1, 2018-11-27, 2019-12-14
199, 12, 2015-02-20, 2015-08-30
103, 28, 2022-07-21, 2023-08-09
31, 22, 2019-07-14, 2020-09-21
161, 1, 2020-03-16, 2020-05-11
13, 24, 2023-04-18, NULL
105, 12, 2022-11-09, 2023-06-15
58, 9, 2023-02-23, 2023-03-05
180, 23, 2018-12-28, 2019-03-18
103, 30, 2022-06-11, 2023-09-20
27, 10, 2019-03-16, 2019-05-27
97, 25, 2018-05-16, 2019-03-04
13, 3, 2022-04-29, NULL
175, 28, 2018-06-05, 2018-06-14
120, 26, 2017-02-14, 2017-05-06
20, 4, 2017-03-08, 2017-10-19
113, 17, 2022-09-06, 2023-04-16
44, 13, 2015-07-15, 2016-07-26
6, 9, 2019-09-17, 2020-08-18
148, 21, 2020-03-19, 2021-01-17
112, 30, 2020-01-22, 2021-04-03
148, 6, 2016-01-01, NULL
17, 21, 2022-08-21, 2022-10-26
33, 22, 2020-03-14, 2020-10-19
174, 26, 2019-04-17, NULL
48, 3, 2022-09-25, 2023-06-15
17, 30, 2019-10-23, NULL
131, 9, 2015-03-04, 2015-07-25
102, 4, 2016-12-06, 2017-07-24
37, 30, 2023-03-04, 2024-07-12
30, 8, 2019-07-20, 2019-09-01
65, 15, 2018-11-12, 2019-12-17
199, 13, 2018-04-25, 2018-10-20
183, 12, 2017-04-26, 2018-07-31
122, 17, 2016-09-13, 2017-02-13
86, 22, 2021-11-13, 2023-02-19
149, 23, 2019-04-19, 2020-06-01
118, 4, 2015-10-27, 2017-01-29
195, 27, 2021-09-03, 2022-09-03
38, 30, 2019-08-25, 2020-08-11
87, 23, 2022-12-07, 2023-12-11
132, 11, 2017-07-16, 2018-08-01
35, 17, 2018-03-21, 2018-12-06
192, 11, 2019-05-14, 2019-06-24
80, 23, 2019-04-15, 2019-10-14
95, 27, 2016-05-03, NULL
185, 18, 2020-05-27, 2021-06-07
70, 18, 2015-02-04, 2015-05-17
123, 15, 2015-12-15, 2016-04-14
22, 17, 2021-07-07, 2022-08-17
49, 26, 2018-10-22, 2019-09-12
36, 5, 2015-03-23, 2016-04-29
199, 5, 2019-06-25, 2020-02-13
104, 1, 2021-04-07, 2022-04-04
57, 11, 2016-02-29, 2016-05-14
46, 1, 2015-03-16, 2015-03-29
78, 13, 2023-01-28, 2024-01-22
75, 5, 2016-12-18, 2017-07-18
133, 29, 2018-02-12, 2019-03-07
99, 14, 2019-02-26, 2020-01-25
141, 24, 2021-03-16, 2022-03-23
165, 22, 2017-07-31, 2018-10-29
37, 15, 2021-05-24, 2022-05-29
87, 13, 2023-05-10, 2024-03-24
179, 22, 2020-04-05, 2020-05-30
46, 1, 2018-10-15, 2019-09-09
57, 22, 2017-10-20, 2018-04-17
29, 23, 2018-02-19, 2018-10-28
39, 22, 2016-06-19, 2017-06-24
41, 6, 2016-05-08, 2017-01-05
6, 8, 2019-01-02, 2019-03-30
103, 6, 2020-12-22, 2021-06-01
116, 3, 2015-05-07, 2016-07-16
59, 2, 2017-03-28, 2017-08-25
133, 12, 2017-10-13, 2018-08-12
168, 25, 2022-12-06, NULL
21, 4, 2021-09-30, 2022-05-02
159, 21, 2023-02-28, 2023-03-31
164, 1, 2016-01-26, 2017-04-23
12, 13, 2017-07-02, 2018-09-27
188, 15, 2018-04-07, 2019-05-19
169, 26, 2017-06-23, 2018-10-24
60, 11, 2019-05-08, 2019-05-10
101, 18, 2023-04-26, 2024-04-28
145, 30, 2017-01-06, 2017-07-06
122, 23, 2020-04-01, 2020-05-16
115, 22, 2016-06-03, 2016-11-23
57, 13, 2022-12-20, 2023-04-18
99, 9, 2019-02-02, 2019-11-08
180, 9, 2018-09-21, 2018-11-12
194, 26, 2023-03-01, 2023-10-11
108, 15, 2018-09-20, 2020-01-07
160, 29, 2019-11-01, 2020-12-11
79, 7, 2019-08-14, 2019-12-21
179, 18, 2018-03-13, 2019-03-01
112, 20, 2015-11-05, 2016-09-15
48, 30, 2018-09-26, 2019-06-05
78, 14, 2015-09-20, 2016-11-22
178, 12, 2017-09-27, 2018-06-28
8, 13, 2021-11-30, 2022-09-06
122, 28, 2016-04-15, 2017-06-20
119, 19, 2022-10-21, 2024-02-21
50, 27, 2022-03-19, 2022-12-03
54, 10, 2016-08-18, NULL
85, 28, 2022-10-17, 2023-05-06
196, 13, 2016-09-12, 2018-01-15
175, 25, 2022-04-18, 2022-04-21
93, 19, 2020-02-26, 2021-03-18
189, 8, 2021-01-16, 2022-04-29
54, 13, 2018-01-18, 2018-09-06
177, 15, 2023-02-14, 2024-04-05
11, 19, 2020-02-19, NULL
169, 27, 2022-05-24, 2023-08-11
125, 16, 2017-03-23, 2017-08-23
188, 28, 2018-05-24, 2019-09-11
148, 27, 2015-01-11, NULL
19, 12, 2021-06-10, 2022-04-12
67, 1, 2016-08-31, 2017-07-12
6, 18, 2022-06-02, 2023-04-06
84, 3, 2022-07-08, 2023-01-10
63, 18, 2021-09-11, 2022-12-06
127, 6, 2018-10-28, 2019-03-20
199, 13, 2019-02-07, 2019-02-16
159, 20, 2022-03-09, 2022-04-23
142, 23, 2015-07-03, 2015-09-20
64, 2, 2021-03-25, 2022-05-23
84, 8, 2019-10-22, 2020-03-13
156, 22, 2019-03-07, 2020-07-10
53, 19, 2020-04-24, 2021-07-10
164, 15, 2017-07-04, 2018-10-02
85, 21, 2017-04-28, 2018-04-08
8, 5, 2017-03-07, NULL
43, 16, 2023-02-07, 2024-01-02
129, 23, 2015-01-16, 2015-04-08
109, 18, 2020-02-03, 2020-05-30
165, 20, 2019-09-13, 2020-12-12
70, 2, 2019-07-29, 2019-08-14
123, 8, 2021-05-28, 2022-01-15
146, 9, 2023-03-03, 2024-01-21
115, 19, 2015-02-25, 2015-05-19
6, 2, 2016-01-12, 2017-03-04
126, 8, 2023-02-01, 2024-03-14
150, 13, 2019-02-06, 2019-07-16
165, 10, 2019-03-16, 2019-04-26
23, 10, 2018-05-13, 2018-12-19
180, 11, 2023-03-29, 2023-12-19
122, 9, 2015-11-07, 2016-12-20
101, 7, 2018-04-28, 2019-07-27
122, 2, 2018-01-13, 2018-04-03
49, 22, 2019-10-19, 2020-09-26
5, 4, 2022-06-11, 2023-09-18
169, 25, 2016-12-09, 2018-02-24
189, 6, 2019-02-27, 2019-05-01
107, 15, 2021-10-23, 2022-11-18
75, 15, 2021-09-10, 2022-02-19
175, 24, 2018-09-23, 2019-02-17
52, 3, 2022-04-15, 2022-09-13
81, 25, 2018-10-29, 2019-09-12
197, 6, 2018-04-23, 2018-11-04
91, 5, 2020-01-08, 2021-03-01
163, 26, 2016-11-27, 2017-04-15
109, 5, 2021-05-14, 2021-12-09
16, 3, 2021-12-05, 2022-07-21
39, 7, 2020-11-22, 2022-01-03
173, 27, 2022-12-13, 2023-08-21
198, 15, 2022-03-01, 2022-11-08
91, 12, 2015-09-17, 2016-05-24
183, 20, 2022-10-17, 2023-09-15
100, 22, 2016-07-30, 2017-05-29
104, 11, 2021-12-12, 2023-02-02
149, 30, 2015-12-05, NULL
199, 10, 2019-03-10, 2020-07-16
39, 26, 2020-01-24, 2021-03-29
184, 28, 2019-10-18, 2020-07-02
193, 12, 2017-05-27, 2018-05-06
143, 21, 2020-09-23, 2021-07-11
96, 10, 2017-10-22, NULL
53, 18, 2018-02-18, 2018-03-20
128, 30, 2017-10-17, 2018-12-09
175, 9, 2019-05-13, 2019-05-25
139, 24, 2016-08-16, 2017-06-29
112, 11, 2017-02-24, 2017-05-05
195, 10, 2019-01-05, 2019-02-20
143, 28, 2023-03-02, NULL
132, 25, 2019-06-10, 2020-06-30
175, 28, 2020-08-13, 2021-01-26
146, 8, 2018-09-13, 2019-02-05
177, 15, 2020-10-29, 2021-09-14
101, 1, 2018-11-22, 2019-10-03
144, 21, 2020-12-29, 2021-04-27
75, 20, 2020-07-11, NULL
37, 19, 2022-11-06, NULL
96, 13, 2016-10-09, 2017-11-02
153, 18, 2018-10-16, 2018-10-30
96, 28, 2015-03-25, 2016-02-29
48, 5, 2021-03-01, 2021-04-30
10, 10, 2015-08-12, 2016-03-31
105, 24, 2019-04-09, 2019-12-08
100, 24, 2021-09-20, NULL
12, 20, 2017-02-04, 2018-02-07
158, 3, 2015-03-07, 2015-06-29
176, 26, 2015-04-30, 2016-03-23
59, 4, 2019-01-20, 2020-02-20
94, 9, 2019-06-15, 2020-09-24
21, 9, 2020-07-31, 2021-02-27
114, 20, 2020-08-02, 2021-07-26
181, 9, 2017-06-27, NULL
38, 23, 2015-12-09, NULL
86, 22, 2019-07-24, 2020-06-14
2, 15, 2018-06-02, 2019-08-25
173, 29, 2020-05-26, 2020-11-25
86, 20, 2022-12-22, 2023-07-12
33, 6, 2022-05-04, NULL
93, 13, 2020-11-26, 2021-10-27
32, 25, 2018-07-08, 2018-10-09
157, 10, 2021-06-19, 2021-10-16
179, 25, 2017-12-12, NULL
36, 21, 2021-06-03, NULL
106, 3, 2022-04-09, 2022-10-30
35, 1, 2015-02-21, 2015-08-05
58, 12, 2015-03-15, 2015-06-28
121, 23, 2017-03-14, 2017-06-04
66, 28, 2022-09-20, 2022-11-12
199, 18, 2015-08-07, 2015-11-23
54, 30, 2015-08-12, 2016-06-20
41, 13, 2021-04-28, 2021-06-01
30, 2, 2016-10-23, 2018-02-18
19, 21, 2020-04-26, NULL
73, 1, 2015-04-28, 2015-07-10
33, 13, 2020-07-02, 2021-05-14
162, 30, 2018-09-21, 2019-10-30
155, 14, 2021-12-06, 2023-02-07
89, 28, 2016-05-10, 2016-07-04
49, 21, 2020-07-22, 2021-09-09
57, 19, 2022-04-06, 2023-05-23
48, 11, 2018-02-28, 2018-05-29
141, 26, 2022-11-18, 2023-09-04
43, 28, 2022-07-25, 2023-10-10
87, 23, 2016-02-03, 2016-11-09
141, 18, 2015-09-14, NULL
181, 7, 2018-03-17, 2019-04-08
48, 5, 2022-03-07, 2023-01-10
142, 19, 2020-11-15, 2021-05-08
15, 14, 2022-12-16, 2023-03-15
178, 12, 2021-12-26, 2023-02-23
16, 18, 2018-11-25, 2019-08-20
187, 25, 2020-01-27, 2020-04-01
5, 7, 2018-06-09, 2018-12-13
183, 11, 2023-05-22, 2024-01-30
95, 3, 2020-09-04, 2020-11-04
38, 28, 2017-03-05, 2018-01-08
192, 11, 2019-08-25, 2020-12-06
124, 13, 2020-02-06, NULL
67, 4, 2015-07-27, 2016-09-21
189, 1, 2021-02-08, 2022-02-28
174, 1, 2023-05-09, 2024-07-30
192, 29, 2017-03-10, 2018-05-06
150, 19, 2020-01-13, 2021-02-05
10, 30, 2022-12-10, 2023-05-16
71, 12, 2015-07-17, 2016-10-20
30, 10, 2023-03-01, NULL
129, 3, 2020-07-23, 2021-06-22
168, 18, 2019-05-21, 2020-08-16
149, 29, 2018-07-14, 2018-09-06
51, 11, 2019-08-10, 2020-05-19
5, 9, 2020-03-06, 2020-08-02
50, 9, 2020-10-11, 2020-10-12
57, 7, 2020-08-03, 2021-05-05
21, 12, 2020-09-20, 2021-02-15
175, 1, 2017-04-12, 2018-07-28
26, 3, 2018-02-26, 2019-05-30
163, 7, 2015-08-15, 2016-11-15
45, 22, 2015-05-21, 2015-09-18
40, 27, 2019-10-02, 2021-01-12
163, 24, 2018-03-09, 2018-04-04
195, 29, 2017-03-13, 2017-10-09
38, 3, 2015-08-28, NULL
79, 11, 2018-07-12, 2018-09-09
127, 27, 2017-04-17, 2018-03-19
9, 25, 2022-12-12, 2024-02-20
138, 28, 2020-04-06, NULL
145, 5, 2019-11-09, 2021-03-12
38, 10, 2016-12-12, 2018-04-23
18, 7, 2015-12-15, 2016-09-24
177, 3, 2022-09-23, 2024-01-30
175, 13, 2018-04-18, 2018-07-06
122, 24, 2018-04-26, 2018-12-30
64, 15, 2016-02-13, 2016-10-17
174, 19, 2021-12-16, 2023-04-12
69, 29, 2018-11-05, 2019-10-05
128, 24, 2020-11-27, 2021-10-19
43, 13, 2016-10-23, 2017-11-05
31, 22, 2021-07-23, 2022-09-18
118, 18, 2017-12-07, 2019-01-24
123, 7, 2016-07-24, 2017-03-02
38, 15, 2021-06-09, 2022-10-07
47, 29, 2015-10-18, 2016-01-13
29, 13, 2017-09-11, 2018-12-09
170, 10, 2022-10-20, NULL
96, 28, 2022-09-14, 2022-11-17
43, 22, 2017-01-24, 2017-05-17
51, 27, 2019-01-18, 2019-05-06
191, 5, 2018-07-14, 2019-06-28
96, 1, 2019-07-01, 2019-10-02
144, 14, 2021-07-07, 2022-03-24
195, 25, 2015-09-26, NULL
101, 4, 2015-12-25, 2016-04-28
156, 23, 2017-09-22, 2017-12-03
139, 9, 2023-01-18, 2023-11-15
148, 27, 2023-03-27, 2023-07-08
113, 17, 2020-02-08, 2021-02-10
99, 2, 2019-09-30, 2019-10-24
186, 13, 2016-01-30, 2016-04-03
115, 24, 2017-07-07, 2017-10-19
97, 13, 2017-02-06, 2018-06-08
92, 13, 2016-10-13, 2016-12-17
60, 21, 2021-05-24, 2022-02-12
145, 15, 2015-05-27, 2016-09-17
174, 10, 2018-06-05, 2019-02-12
145, 25, 2016-08-29, 2016-12-11
73, 12, 2022-09-13, 2022-12-26
132, 10, 2015-10-09, 2016-09-09
40, 18, 2021-06-23, 2022-07-09
24, 17, 2021-01-10, 2022-01-04
159, 29, 2015-10-19, 2016-01-02
12, 4, 2020-01-29, 2020-11-03
19, 5, 2017-11-30, 2018-06-21
88, 19, 2019-12-26, 2021-03-27
119, 14, 2017-06-26, NULL
64, 14, 2016-08-28, NULL
97, 2, 2016-10-16, 2017-01-01
161, 4, 2019-01-14, 2020-04-26
24, 18, 2016-02-15, 2016-08-14
137, 4, 2016-03-16, 2016-10-27
149, 27, 2017-03-22, 2018-04-18
17, 8, 2017-01-20, 2017-06-12
41, 25, 2018-02-15, 2018-07-23
168, 11, 2022-07-23, 2023-01-19
168, 23, 2021-09-13, 2022-04-20
60, 22, 2019-11-16, 2020-05-18
73, 16, 2018-01-28, NULL
38, 23, 2019-12-11, 2020-08-14
66, 26, 2020-08-18, 2021-08-28
105, 6, 2023-01-16, 2023-07-21
197, 17, 2022-04-20, 2022-05-14
65, 25, 2022-07-15, 2023-04-23
95, 3, 2021-05-14, 2021-07-12
1, 11, 2019-04-17, 2020-06-24
138, 28, 2018-05-02, NULL
93, 9, 2018-09-13, 2019-04-14
14, 16, 2021-07-03, 2022-03-02
191, 28, 2017-08-14, 2017-09-01
106, 18, 2019-12-01, 2020-01-24
11, 14, 2015-07-11, 2016-01-19
14, 2, 2022-12-20, 2023-09-05
145, 28, 2017-03-31, 2017-07-10
157, 14, 2019-03-07, 2020-03-22
170, 29, 2015-12-18, 2016-03-16
142, 28, 2016-12-25, 2017-12-30
99, 20, 2018-10-31, 2019-03-24
131, 15, 2015-09-02, 2016-08-08
42, 27, 2022-11-05, 2023-05-21
113, 6, 2021-07-29, NULL
140, 30, 2021-06-10, 2022-04-19
124, 13, 2015-07-15, 2016-09-18
89, 23, 2021-04-18, 2021-05-17
179, 15, 2020-05-18, 2021-04-05
68, 10, 2022-12-17, 2024-01-16
193, 30, 2021-11-21, 2022-08-16
191, 9, 2015-11-19, 2016-04-16
100, 5, 2022-01-28, 2022-08-14
106, 3, 2018-07-15, 2019-04-08
18, 8, 2015-04-28, 2016-08-21
178, 21, 2019-08-13, 2019-12-06
2, 12, 2017-07-29, 2018-01-28
190, 16, 2019-03-10, 2019-11-20
47, 21, 2020-02-28, 2020-08-02
59, 13, 2015-11-01, 2016-02-27
13, 6, 2020-11-05, 2021-07-04
70, 13, 2015-02-02, 2016-04-21
166, 14, 2022-05-03, 2023-03-01
127, 9, 2015-11-29, NULL
105, 19, 2015-12-11, 2016-08-30
148, 22, 2017-08-26, 2018-11-09
165, 23, 2020-09-22, 2020-11-20
40, 16, 2019-06-29, 2020-06-05
87, 15, 2019-07-10, 2020-07-18
148, 19, 2023-03-18, 2024-02-15
119, 15, 2020-10-28, 2022-01-22
122, 16, 2019-05-01, 2019-10-13
195, 22, 2022-10-24, 2023-10-06
122, 29, 2015-04-08, 2015-09-26
78, 18, 2016-09-05, 2017-06-28
12, 24, 2020-09-12, 2022-01-10
109, 11, 2022-03-17, 2023-05-20
195, 27, 2020-04-08, 2020-04-23
190, 8, 2021-08-02, 2021-10-11
180, 28, 2015-12-20, 2016-01-09
91, 20, 2021-03-26, 2022-02-23
123, 23, 2023-05-08, 2024-01-12
50, 15, 2023-01-21, 2023-07-30
76, 2, 2016-07-06, 2017-09-02
95, 14, 2017-12-01, 2018-03-09
157, 17, 2017-04-01, 2018-03-16
190, 3, 2019-01-01, 2019-09-23
150, 25, 2022-09-20, 2022-11-01
80, 11, 2015-02-20, 2015-09-11
153, 17, 2017-11-30, 2018-06-28
183, 14, 2016-07-19, 2017-02-20
155, 10, 2020-01-30, 2020-06-29
66, 1, 2020-11-12, 2022-03-06
6, 10, 2018-04-12, 2018-07-01
43, 12, 2022-09-06, 2023-10-15
120, 27, 2021-02-23, 2021-10-02
157, 9, 2016-03-19, 2016-11-15
97, 25, 2021-05-28, 2021-10-27
31, 28, 2020-04-08, 2021-02-11
59, 21, 2022-12-21, 2023-12-31
168, 15, 2015-05-05, 2016-07-22
73, 23, 2018-09-01, 2019-01-15
91, 27, 2021-04-16, 2022-05-13
16, 20, 2022-01-25, NULL
154, 9, 2018-11-26, 2020-01-20
63, 11, 2022-09-13, 2024-01-04
67, 6, 2017-09-04, 2018-08-19
28, 17, 2017-02-10, 2017-02-15
193, 1, 2022-11-12, NULL
21, 9, 2023-04-01, 2023-07-31
140, 9, 2017-08-27, 2017-11-13
30, 26, 2022-11-14, 2024-02-10
171, 24, 2017-07-29, 2018-01-31
148, 19, 2019-07-18, 2019-10-05
139, 28, 2017-06-05, 2018-09-28
15, 14, 2018-03-10, 2019-01-02
137, 21, 2020-09-30, 2021-01-17
68, 3, 2017-07-30, 2018-08-04
7, 14, 2018-03-20, 2019-07-17
199, 7, 2019-12-18, 2020-06-22
146, 15, 2020-08-14, 2021-12-08
26, 22, 2021-08-10, 2021-11-13
63, 16, 2018-07-18, 2019-10-06
84, 1, 2019-07-13, 2020-10-21
75, 22, 2019-02-12, 2019-07-30
154, 21, 2016-10-15, 2017-03-31
197, 5, 2016-09-04, 2017-06-12
159, 16, 2016-08-27, 2017-06-28
192, 4, 2022-07-30, 2022-08-30
133, 1, 2018-02-07, 2018-10-08
3, 12, 2019-03-10, 2019-07-01
2, 17, 2015-01-11, 2015-08-03
43, 28, 2022-08-26, 2023-09-20
192, 18, 2016-01-24, 2016-06-26
22, 18, 2020-06-10, 2021-04-10
53, 12, 2015-02-20, 2016-06-08
66, 19, 2015-12-10, 2017-03-21
3, 20, 2021-10-16, 2023-01-29
6, 25, 2015-02-26, 2015-10-19
175, 23, 2015-01-03, 2015-06-09
147, 11, 2017-03-30, 2017-09-16
125, 11, 2020-08-10, 2020-12-13
73, 24, 2018-09-25, 2019-08-05
2, 26, 2020-12-11, 2021-11-12
40, 19, 2018-06-17, 2018-07-11
195, 25, 2015-08-09, 2015-11-09
156, 13, 2021-08-19, 2022-10-07
6, 9, 2021-06-27, 2021-07-16
180, 12, 2017-06-20, 2018-09-13
166, 20, 2020-10-29, 2021-06-04
109, 13, 2017-05-22, 2018-04-10
182, 28, 2019-05-09, 2019-06-15
10, 30, 2020-09-05, 2021-07-04
137, 7, 2020-07-04, 2021-08-28
192, 19, 2015-10-16, 2016-01-06
75, 16, 2019-06-07, 2020-07-01
98, 4, 2020-01-26, 2020-03-29
60, 9, 2021-04-18, 2021-06-06
49, 19, 2020-01-30, 2020-12-30
103, 13, 2022-10-03, 2022-10-22
79, 21, 2023-05-23, 2023-10-21
36, 21, 2022-06-21, 2023-05-02
140, 14, 2016-06-23, NULL
9, 3, 2022-05-12, 2022-09-07
115, 7, 2021-10-17, 2021-11-30
35, 9, 2015-08-29, 2016-02-14
79, 29, 2020-03-11, NULL
40, 1, 2019-01-07, 2019-09-27
120, 16, 2018-08-15, 2019-07-11
183, 16, 2021-02-05, 2022-01-12
36, 23, 2019-03-28, 2019-08-15
75, 7, 2015-04-24, 2016-03-27
92, 5, 2021-03-15, 2021-10-25
71, 7, 2016-06-25, 2017-02-27
4, 18, 2017-02-19, 2018-03-29
18, 22, 2018-02-09, 2018-09-18
78, 13, 2023-01-20, NULL
181, 2, 2016-08-20, 2017-06-06
156, 18, 2019-07-10, NULL
90, 10, 2019-08-11, 2020-10-22
24, 4, 2015-04-13, 2016-06-30
113, 17, 2019-08-03, 2020-05-15
100, 21, 2017-07-18, 2018-09-23
114, 23, 2021-01-28, 2022-03-25
185, 8, 2016-08-07, 2017-02-06
54, 18, 2015-08-09, 2016-04-12
45, 5, 2015-09-14, 2016-03-19
17, 9, 2023-01-05, 2023-06-03
49, 18, 2021-07-27, 2022-05-01
104, 14, 2019-08-19, 2020-12-17
19, 17, 2021-08-07, 2021-09-12
168, 10, 2019-12-30, 2020-12-16
138, 4, 2021-11-24, 2022-05-23
32, 18, 2022-08-23, 2023-11-17
41, 21, 2016-04-19, 2017-02-22
162, 10, 2016-08-21, 2017-10-28
119, 28, 2019-04-05, 2020-06-07
84, 29, 2016-10-27, 2017-03-28
180, 18, 2018-07-03, 2019-01-01
88, 7, 2019-07-28, 2020-08-26
196, 26, 2018-09-07, 2018-10-23
183, 5, 2022-07-26, 2023-05-02
37, 19, 2022-11-20, 2023-01-23
158, 10, 2021-12-05, 2023-01-21
116, 5, 2023-05-05, 2024-08-28
144, 16, 2016-04-12, 2017-08-07
188, 2, 2018-01-22, 2018-08-23
142, 6, 2021-05-04, 2021-12-27
7, 4, 2017-02-04, 2017-04-11
119, 2, 2021-05-08, 2022-08-19
65, 11, 2020-07-24, NULL
102, 23, 2015-12-07, 2016-09-25
24, 20, 2018-08-18, 2019-04-20
130, 2, 2016-04-30, 2016-07-12
164, 6, 2017-02-14, 2018-06-12
169, 6, 2020-10-23, NULL
10, 30, 2022-08-14, 2023-03-07
130, 3, 2018-04-07, 2018-11-27
44, 4, 2019-02-18, 2020-06-21
100, 12, 2015-03-31, 2016-07-14
159, 10, 2023-04-25, 2024-05-28
22, 3, 2017-06-24, 2018-07-02
70, 28, 2020-06-29, NULL
113, 6, 2022-05-24, 2023-05-25
176, 30, 2019-12-23, 2020-06-20
116, 23, 2016-05-17, 2017-06-20
52, 1, 2015-06-16, 2015-07-24
136, 15, 2019-01-21, 2020-03-22
56, 23, 2018-02-16, 2019-02-16
144, 4, 2017-12-07, 2019-03-30
190, 20, 2017-10-20, NULL
162, 25, 2017-02-03, 2017-12-31
139, 10, 2016-08-05, 2016-09-15
167, 8, 2021-09-21, 2023-01-12
26, 9, 2019-08-11, 2020-04-18
27, 22, 2019-12-17, NULL
10, 22, 2021-11-23, 2022-03-03
92, 14, 2018-10-22, 2019-06-11
130, 21, 2023-03-03, 2023-04-27
57, 29, 2016-02-06, 2016-08-17
106, 26, 2015-02-05, 2015-03-16
143, 29, 2018-12-21, 2020-03-22
78, 12, 2020-11-28, 2021-04-22
162, 21, 2022-05-04, 2023-05-05
165, 18, 2018-04-01, 2019-04-02
89, 10, 2022-04-04, 2023-03-18
129, 1, 2022-09-27, 2023-05-20
121, 16, 2019-04-23, 2020-06-18
104, 12, 2022-08-13, 2022-08-19
122, 14, 2017-03-14, 2017-04-27
132, 6, 2015-10-27, 2017-01-17
104, 19, 2021-04-26, 2021-12-27
191, 3, 2016-11-22, 2018-02-24
128, 3, 2017-12-14, 2018-08-21
156, 9, 2021-04-03, NULL
159, 19, 2019-04-24, 2019-09-23
7, 3, 2019-02-17, 2019-06-20
44, 4, 2017-09-21, 2017-12-07
78, 2, 2017-12-02, 2018-11-29
176, 19, 2021-05-13, 2021-08-29
59, 7, 2023-01-06, NULL
185, 24, 2015-04-17, 2015-07-04
76, 12, 2015-08-21, 2016-02-15
64, 18, 2019-04-27, 2020-06-05
102, 11, 2016-01-19, NULL
42, 28, 2022-01-21, 2022-08-31
64, 27, 2018-06-07, 2018-10-05
7, 23, 2016-02-01, 2016-03-14
1, 19, 2022-06-14, 2022-09-29
11, 13, 2015-05-03, 2016-08-06
35, 5, 2018-01-14, NULL
1, 18, 2017-06-06, 2018-01-07
145, 30, 2019-09-04, 2020-07-16
141, 28, 2017-12-02, 2018-01-07
200, 8, 2015-01-24, 2015-05-14
6, 7, 2022-04-27, 2022-10-26
51, 18, 2022-10-08, 2023-12-24
166, 28, 2021-06-27, 2022-01-20
122, 5, 2023-02-02, 2024-02-16
134, 1, 2017-03-13, 2017-07-05
112, 12, 2016-12-20, 2018-01-01
1, 22, 2018-10-28, 2020-01-26
199, 30, 2016-11-24, 2016-12-30
99, 1, 2023-03-20, 2024-03-07
188, 18, 2015-07-12, 2015-10-16
133, 17, 2019-12-04, 2021-01-05
88, 24, 2018-11-15, 2019-01-21
32, 24, 2021-09-03, NULL
181, 18, 2017-07-19, 2018-05-23
87, 22, 2019-06-24, 2020-08-04
180, 25, 2021-11-26, 2022-01-03
175, 17, 2019-02-12, 2019-08-20
48, 17, 2015-10-08, NULL
176, 10, 2017-02-01, NULL
144, 30, 2022-04-07, 2022-11-21
150, 18, 2018-01-22, 2018-07-08
31, 20, 2020-05-25, 2021-01-22
63, 1, 2021-07-16, 2021-12-15
34, 18, 2023-02-17, 2023-06-17
151, 29, 2018-12-31, 2019-07-05
152, 5, 2022-07-23, NULL
92, 7, 2018-10-12, 2019-01-25
94, 29, 2015-05-05, 2016-03-23
144, 27, 2022-10-24, 2023-12-20
163, 23, 2019-02-17, 2019-11-07
53, 23, 2016-10-10, 2017-01-26
93, 12, 2023-04-08, 2024-05-14
150, 8, 2019-01-21, 2019-04-03
118, 2, 2017-11-21, 2018-11-24
82, 22, 2015-12-01, 2016-06-13
129, 17, 2021-11-28, NULL
101, 25, 2018-01-25, 2019-03-26
22, 12, 2015-12-13, 2017-01-19
35, 19, 2017-03-30, 2017-10-01
169, 7, 2018-07-18, 2018-11-21
185, 29, 2017-07-21, 2018-03-18
148, 18, 2022-01-22, 2022-03-01
18, 19, 2023-05-17, 2024-03-22
60, 9, 2017-06-30, NULL
73, 28, 2016-11-07, 2017-12-25
112, 18, 2022-02-02, 2022-06-19
168, 18, 2019-08-21, 2020-01-02
71, 24, 2018-06-17, 2019-09-03
139, 16, 2015-01-02, 2015-08-10
146, 26, 2021-05-14, NULL
20, 27, 2022-04-18, 2022-10-21
67, 12, 2017-04-28, 2018-03-17
193, 16, 2015-02-18, 2015-05-30
98, 12, 2017-10-18, 2018-06-29
27, 15, 2022-08-22, 2023-11-28
112, 7, 2021-04-21, 2021-09-11
151, 8, 2020-02-21, 2021-02-13
71, 27, 2016-02-17, 2016-09-22
170, 27, 2020-04-14, NULL
45, 19, 2019-04-06, 2019-07-15
196, 2, 2022-08-02, 2023-08-24
2, 21, 2021-12-15, 2022-04-04
139, 13, 2018-10-28, 2018-11-03
25, 12, 2016-09-10, 2017-08-27
7, 3, 2015-10-29, 2016-09-10
167, 3, 2020-11-09, 2021-12-27
78, 21, 2017-10-06, 2018-04-13
18, 1, 2018-07-07, 2019-05-22
126, 5, 2018-11-20, 2019-08-17
12, 18, 2018-01-03, 2018-04-30
12, 3, 2021-03-14, 2021-06-12
1, 21, 2017-01-31, 2017-07-04
190, 13, 2020-03-30, 2020-07-09
124, 3, 2019-02-05, 2019-05-08
53, 30, 2017-04-29, 2017-10-19
44, 3, 2021-11-29, 2022-10-03
159, 10, 2017-05-14, 2018-08-26
3, 28, 2017-08-04, 2017-09-12
120, 11, 2021-10-21, 2022-02-20
87, 23, 2018-07-14, 2019-09-16
22, 8, 2021-12-17, 2023-03-25
9, 25, 2018-11-28, 2019-05-29
9, 18, 2018-09-25, 2019-06-07
16, 21, 2020-11-21, 2021-04-30
26, 7, 2017-11-18, 2018-01-16
15, 22, 2017-06-04, 2018-04-11
189, 4, 2022-10-28, 2023-01-25
160, 8, 2015-02-24, 2015-08-23
38, 19, 2022-09-27, 2023-10-16
125, 19, 2020-05-03, 2020-11-11
139, 18, 2020-09-25, 2021-03-22
96, 5, 2022-04-21, 2023-04-18
71, 29, 2018-09-06, 2019-08-15
25, 24, 2016-01-25, 2017-01-03
66, 27, 2016-12-26, 2017-11-30
106, 12, 2022-05-15, 2023-05-11
115, 20, 2015-04-24, 2016-06-25
124, 17, 2020-02-13, 2020-06-05
2, 30, 2020-05-19, 2021-08-16
143, 23, 2015-02-26, 2015-12-31
151, 2, 2016-05-05, 2017-01-11
64, 9, 2022-10-08, 2023-04-19
162, 16, 2015-01-10, 2015-12-29
173, 29, 2021-12-03, 2022-11-25
91, 26, 2020-03-13, 2020-09-14
23, 7, 2022-05-07, 2023-04-28
132, 6, 2021-06-03, 2022-07-19
149, 13, 2017-04-06, 2018-08-10
139, 30, 2017-04-24, NULL
101, 24, 2018-06-30, 2019-04-17
190, 25, 2016-06-20, 2017-05-04
144, 13, 2017-03-06, 2017-04-29
165, 24, 2015-11-17, 2016-06-08
169, 12, 2022-01-23, 2022-04-03
9, 7, 2020-03-25, 2020-07-02
85, 28, 2023-04-05, 2023-09-15
154, 15, 2021-09-13, 2022-10-01
165, 19, 2015-07-23, 2016-01-10
36, 8, 2016-03-05, 2016-04-12
1, 4, 2022-12-12, 2023-02-26
116, 28, 2021-04-26, 2022-07-26
32, 4, 2022-07-25, 2022-08-17
61, 16, 2021-06-02, 2022-09-05
124, 23, 2023-01-24, 2023-12-09
108, 4, 2019-01-03, 2019-10-16
107, 27, 2015-08-22, 2016-03-14
36, 5, 2016-12-28, 2017-03-15
163, 4, 2017-03-27, 2018-06-19
70, 23, 2019-07-28, 2020-10-30
148, 28, 2016-04-05, 2017-03-26
13, 14, 2022-10-05, 2023-10-21
2, 13, 2020-07-19, NULL
196, 17, 2017-07-05, 2018-01-01
46, 12, 2021-03-22, 2021-12-08
93, 28, 2019-11-03, 2021-02-06
25, 11, 2015-12-27, 2016-12-02
64, 13, 2018-01-30, 2018-06-01
188, 7, 2015-12-09, NULL
118, 28, 2018-08-07, 2019-02-15
185, 29, 2017-07-12, NULL
158, 28, 2019-12-17, 2020-11-17
22, 7, 2017-04-12, 2017-12-20
6, 20, 2017-11-12, 2018-08-30
30, 6, 2022-09-23, 2023-06-13
91, 15, 2020-02-16, 2021-02-16
89, 22, 2021-02-18, 2022-03-06
16, 5, 2015-02-14, 2015-07-08
29, 22, 2020-05-29, 2020-11-20
10, 10, 2019-11-20, 2020-12-12
72, 2, 2018-02-20, 2018-06-14
197, 24, 2016-06-21, 2017-03-26
176, 9, 2020-04-18, 2020-09-08
17, 6, 2016-06-10, 2017-08-13
13, 6, 2022-03-19, 2023-06-15
138, 1, 2021-04-04, 2021-09-05
192, 12, 2020-07-05, 2020-11-07
73, 10, 2017-06-05, 2018-05-16
77, 22, 2020-07-06, 2021-09-15
3, 6, 2019-10-23, 2020-04-09
87, 3, 2019-08-24, 2020-03-05
119, 18, 2018-04-03, 2019-02-25
4, 2, 2018-05-04, 2019-05-31
149, 27, 2020-09-01, 2021-12-27
78, 12, 2021-03-05, 2022-06-06
38, 26, 2020-04-30, 2021-05-13
187, 21, 2018-03-26, 2018-07-18
14, 7, 2022-08-19, NULL
199, 10, 2021-01-03, 2021-03-20
157, 4, 2018-02-05, 2018-03-30
58, 9, 2021-03-13, 2021-08-25
67, 13, 2018-06-08, 2018-07-16
65, 16, 2016-07-30, 2017-08-02
191, 1, 2015-08-26, NULL
99, 9, 2017-07-01, NULL
170, 24, 2018-08-23, 2018-12-08
57, 22, 2019-12-18, 2020-03-13
78, 8, 2017-05-22, 2017-08-04
131, 23, 2016-12-05, 2017-01-10
67, 5, 2023-02-19, 2023-04-29
65, 17, 2015-10-09, 2015-10-16
144, 1, 2015-10-03, 2016-02-19
107, 4, 2015-09-13, 2015-12-27
58, 13, 2022-05-04, 2023-01-08
51, 29, 2020-07-28, 2020-12-26
52, 7, 2021-08-12, NULL
44, 4, 2020-10-17, 2021-03-01
174, 21, 2015-01-07, 2015-01-18
177, 2, 2018-07-11, 2019-06-16
66, 18, 2020-12-08, 2021-04-12
120, 24, 2019-06-07, NULL
167, 14, 2017-11-27, NULL
124, 8, 2020-03-27, NULL
102, 7, 2016-06-02, 2016-06-09
84, 10, 2018-12-09, 2019-07-09
45, 19, 2020-08-19, 2020-09-13
60, 7, 2020-11-24, 2021-06-30
79, 1, 2022-10-04, 2023-08-25
144, 11, 2015-03-05, 2015-09-15
69, 26, 2021-07-06, 2022-10-11
37, 20, 2015-07-14, 2015-09-20
76, 30, 2016-04-18, 2017-08-08
136, 14, 2015-09-29, 2015-10-04
37, 11, 2019-06-18, 2020-07-27
13, 11, 2016-12-23, NULL
159, 11, 2016-02-10, 2016-10-30
2, 17, 2019-01-13, 2020-05-13
9, 10, 2015-05-12, 2016-08-05
57, 24, 2022-09-13, 2023-11-17
124, 25, 2021-09-22, 2022-03-04
125, 26, 2019-06-15, 2020-06-28
171, 15, 2017-12-29, 2018-12-30
167, 9, 2019-10-28, 2020-01-17
26, 5, 2017-09-28, 2019-01-29
16, 5, 2018-04-30, 2019-05-23
121, 19, 2022-05-10, 2022-12-08
55, 10, 2022-07-24, 2022-09-01
23, 2, 2021-05-11, 2021-09-06
30, 9, 2019-01-15, 2019-06-02
188, 20, 2018-08-26, 2019-05-14
58, 15, 2021-10-08, NULL
45, 30, 2017-12-04, 2018-09-20
199, 7, 2022-11-04, 2024-03-06
16, 28, 2015-12-02, 2016-04-29
63, 23, 2016-07-07, 2017-03-20
45, 16, 2019-04-02, 2020-07-20
85, 27, 2023-02-01, 2023-10-03
136, 14, 2019-10-22, 2020-07-27
45, 20, 2018-08-11, 2018-11-18
175, 25, 2021-04-27, 2022-04-16
163, 21, 2015-06-12, 2016-08-08
73, 24, 2016-07-16, 2016-08-16
117, 15, 2017-04-16, 2017-12-23
99, 9, 2021-10-24, NULL
108, 3, 2015-04-17, 2016-05-16
194, 11, 2020-05-27, 2021-02-21
58, 9, 2018-03-22, 2018-08-25
141, 26, 2015-01-18, 2015-03-11
185, 4, 2019-05-25, 2019-11-01
82, 24, 2019-06-29, 2019-10-13
86, 22, 2019-12-26, NULL
57, 14, 2015-03-08, 2015-11-18
98, 20, 2020-12-29, 2022-04-26
6, 6, 2016-11-03, 2017-11-13
78, 8, 2022-09-16, 2023-02-07
111, 13, 2022-05-14, 2023-01-11
14, 18, 2021-03-20, 2021-06-16
132, 1, 2020-07-31, 2021-09-12
98, 25, 2016-10-03, 2018-01-04
7, 27, 2020-05-24, 2020-09-29
113, 11, 2021-04-09, NULL
142, 28, 2015-06-10, 2016-04-23
55, 27, 2015-06-23, NULL
187, 1, 2021-02-24, 2022-04-08
66, 17, 2021-02-21, 2022-01-20
59, 20, 2021-10-06, NULL
65, 27, 2022-07-24, 2023-11-30
129, 30, 2020-07-25, 2021-02-26
163, 30, 2022-07-05, 2023-03-22
65, 20, 2020-10-22, 2021-06-10
93, 9, 2016-03-06, 2016-06-28
24, 14, 2023-01-13, 2023-01-16
80, 4, 2022-05-19, 2022-11-06
127, 17, 2020-05-12, 2020-09-05
41, 12, 2017-02-05, 2017-10-19
39, 27, 2020-12-08, 2022-01-28
37, 3, 2019-01-19, 2019-10-16
1, 16, 2021-10-06, 2022-04-19
57, 18, 2022-01-02, 2022-05-30
34, 30, 2021-03-13, 2021-05-17
164, 22, 2015-09-28, 2016-10-10
147, 14, 2021-03-05, 2021-11-04
89, 4, 2022-11-04, 2023-11-01
145, 8, 2021-09-10, 2022-01-12
7, 23, 2023-02-13, 2024-02-06
92, 30, 2023-03-03, 2023-04-09
127, 23, 2017-03-10, 2018-05-16
74, 7, 2016-12-19, 2017-01-28
29, 27, 2016-08-26, 2017-12-30
52, 28, 2019-01-20, 2020-04-12
157, 22, 2023-05-08, 2023-08-25
187, 22, 2019-04-06, 2019-05-27
18, 27, 2020-04-22, 2021-03-19
130, 2, 2023-05-29, 2024-05-11
68, 9, 2016-02-18, 2016-08-05
71, 29, 2023-03-25, 2023-09-11
26, 4, 2016-05-16, 2017-04-22
5, 10, 2021-04-05, 2022-07-20
11, 6, 2016-04-12, 2017-03-26
186, 20, 2021-03-12, 2022-03-23
30, 13, 2022-03-03, 2023-01-02
177, 18, 2018-06-22, 2019-01-28
60, 22, 2022-07-29, 2023-02-18
159, 25, 2023-02-23, 2023-03-05
195, 2, 2018-04-04, 2018-05-16
87, 8, 2022-05-15, 2023-05-26
183, 27, 2017-08-24, 2017-08-30
22, 4, 2015-11-09, NULL
50, 28, 2021-10-23, 2022-05-27
142, 11, 2021-08-05, 2021-11-11
88, 26, 2016-06-20, 2016-12-26
39, 27, 2023-04-16, 2023-12-23
6, 8, 2020-04-20, 2020-12-20
27, 26, 2019-08-30, 2020-08-31
170, 4, 2021-02-10, 2022-04-06
78, 8, 2016-12-24, 2017-01-15
122, 7, 2015-03-28, 2015-05-22
159, 15, 2020-08-14, 2021-05-11
85, 9, 2015-12-31, 2017-01-13
114, 12, 2018-02-19, 2018-12-08
63, 16, 2018-08-04, 2019-05-25
152, 2, 2015-05-01, 2016-04-25
58, 19, 2023-04-09, 2023-05-24
24, 7, 2019-10-12, 2019-11-30
47, 3, 2016-01-29, 2017-01-04
67, 4, 2019-04-19, 2020-05-15
107, 8, 2022-03-04, 2023-04-30
166, 28, 2021-02-02, 2021-02-11
86, 15, 2019-12-13, 2020-09-20
11, 3, 2020-08-23, NULL
79, 22, 2022-10-27, 2023-07-02
98, 3, 2018-09-21, 2019-01-03
133, 5, 2016-02-29, 2017-07-03
2, 28, 2021-03-16, 2021-03-22
21, 19, 2019-07-09, 2019-08-24
181, 28, 2016-06-25, 2017-07-10
2, 19, 2016-12-15, 2017-07-28
134, 4, 2018-12-18, 2019-08-27
11, 30, 2015-08-10, 2016-03-03
194, 11, 2017-06-27, 2018-09-27
158, 12, 2016-03-09, NULL
111, 15, 2020-04-29, 2021-04-08
22, 30, 2021-02-18, 2021-09-04
147, 21, 2019-12-21, 2020-10-31
167, 29, 2019-09-23, 2019-10-07
55, 4, 2018-04-30, 2018-06-23
159, 22, 2019-11-25, 2020-12-09
131, 25, 2018-05-20, 2018-10-15
55, 17, 2020-02-15, 2020-06-13
122, 27, 2019-02-26, 2019-04-06
107, 15, 2022-02-18, 2022-11-22
187, 1, 2018-01-14, 2019-02-18
27, 27, 2018-04-22, 2019-05-20
184, 23, 2022-11-17, 2023-02-06
4, 30, 2022-01-11, NULL
173, 21, 2021-03-14, 2022-05-07
112, 22, 2017-03-14, 2018-06-16
22, 9, 2020-10-24, 2021-09-01
70, 3, 2015-07-28, 2015-12-25
27, 27, 2022-04-05, NULL
167, 26, 2015-03-29, 2016-08-01
31, 6, 2015-02-12, 2015-08-09
169, 25, 2019-03-26, 2019-09-28
136, 15, 2022-11-10, 2024-02-18
56, 19, 2015-08-27, 2016-07-12
71, 17, 2021-06-01, 2022-01-25
145, 25, 2018-01-29, 2018-07-11
52, 12, 2015-12-02, 2016-01-01
195, 11, 2019-05-17, 2019-09-13
179, 1, 2018-02-14, 2018-09-19
178, 8, 2016-06-04, NULL
73, 4, 2018-03-20, 2019-02-20
50, 23, 2016-05-08, 2016-07-12
50, 28, 2015-10-17, 2016-10-24
42, 25, 2016-08-17, 2017-10-31
180, 15, 2019-02-25, 2019-04-11
130, 11, 2015-01-10, 2015-12-22
131, 30, 2018-02-12, 2019-03-28
131, 28, 2021-03-15, 2022-07-16
190, 14, 2017-11-16, 2018-10-07
87, 13, 2016-09-22, NULL
30, 21, 2023-05-18, NULL
171, 1, 2019-05-13, 2020-02-10
167, 27, 2017-11-21, 2018-01-12
188, 30, 2020-08-11, 2021-07-31
16, 28, 2019-01-21, 2019-03-01
7, 26, 2016-09-29, 2017-02-01
197, 20, 2020-04-26, 2020-10-22
13, 20, 2019-03-27, 2019-04-30
77, 17, 2021-03-28, 2021-11-29
113, 20, 2020-05-24, 2021-04-30
102, 2, 2021-11-30, 2022-01-17
190, 11, 2020-08-08, NULL
179, 14, 2019-10-06, 2020-05-20
30, 6, 2021-08-04, 2021-10-18
57, 15, 2023-02-15, 2023-03-23
158, 15, 2019-11-25, 2020-06-08
127, 17, 2021-03-25, 2021-07-31
32, 24, 2017-02-26, 2017-03-26
91, 9, 2017-07-27, 2018-03-22
70, 13, 2016-04-25, 2016-10-13
151, 21, 2022-08-28, 2023-05-05
132, 8, 2016-08-29, 2017-03-28
143, 14, 2021-08-20, 2021-09-13
174, 23, 2022-01-12, 2022-07-30
100, 18, 2020-05-03, 2020-08-03
195, 25, 2022-08-02, 2023-02-17
114, 3, 2019-05-21, 2019-05-22
199, 27, 2016-11-01, 2017-10-12
13, 22, 2019-09-09, 2021-01-19
30, 17, 2019-06-12, 2020-06-15
71, 6, 2016-12-05, 2017-06-17
132, 23, 2022-03-07, 2023-03-05
173, 27, 2017-05-06, 2017-11-26
132, 27, 2022-12-23, 2023-11-23
184, 26, 2015-08-23, 2016-07-01
154, 26, 2020-03-23, 2021-05-29
174, 1, 2015-01-17, 2015-07-12
160, 27, 2019-08-04, 2019-08-07
82, 27, 2017-09-12, 2017-12-31
45, 9, 2020-03-23, 2020-12-30
88, 29, 2016-10-07, 2017-10-19
41, 16, 2020-06-17, 2020-12-29
27, 19, 2019-09-25, 2019-10-04
195, 21, 2018-07-10, 2018-08-29
34, 7, 2021-03-28, 2022-03-17
1, 25, 2020-06-23, 2020-10-17
106, 12, 2017-12-16, 2019-02-06
169, 26, 2015-11-24, 2015-12-10
1, 28, 2016-10-07, 2017-07-09
60, 24, 2021-08-20, 2022-10-15
111, 24, 2022-09-14, 2023-01-01
163, 11, 2023-01-01, 2024-03-20
71, 13, 2017-09-27, 2018-08-25
125, 27, 2022-07-17, 2022-10-30
73, 7, 2021-10-09, 2021-12-07
124, 18, 2017-02-10, 2018-03-11
99, 6, 2017-04-02, 2018-05-24
112, 16, 2015-01-04, 2015-10-07
39, 15, 2015-08-01, 2016-01-09
18, 14, 2022-03-07, 2022-11-29
38, 2, 2017-08-18, 2018-06-14
181, 21, 2019-04-08, 2019-10-19
173, 27, 2017-10-09, 2019-02-18
6, 26, 2016-07-31, 2016-10-31
67, 10, 2018-10-04, 2020-01-10
2, 4, 2022-02-18, 2022-05-19
22, 30, 2015-01-15, 2015-01-20
5, 19, 2020-12-01, 2021-01-28
161, 4, 2015-08-19, NULL
194, 3, 2022-12-27, 2024-05-04
36, 19, 2020-07-01, 2020-10-13
164, 3, 2019-10-09, 2020-04-09
194, 22, 2021-06-22, 2022-09-01
148, 27, 2015-05-25, 2016-01-27
196, 9, 2021-08-18, NULL
145, 23, 2021-11-11, 2022-08-16
113, 25, 2021-08-03, 2021-10-01
85, 7, 2020-02-11, NULL
111, 27, 2021-06-26, 2022-04-16
171, 20, 2021-01-03, 2022-05-09
41, 3, 2021-05-01, 2022-03-28
80, 2, 2017-08-03, 2018-01-08
130, 7, 2018-05-17, 2019-09-13
66, 23, 2021-07-15, 2022-07-17
16, 9, 2018-05-13, 2018-11-10
113, 26, 2020-10-01, 2021-05-29
45, 21, 2018-07-17, 2019-11-07
135, 14, 2016-04-28, 2016-05-28
7, 8, 2015-05-22, 2015-10-21
137, 25, 2015-03-04, 2016-03-18
161, 4, 2018-01-28, 2018-04-10
199, 20, 2022-05-11, 2023-04-06
111, 14, 2017-10-02, 2018-12-13
72, 3, 2023-03-13, 2023-08-04
10, 30, 2016-03-23, 2017-06-23
63, 22, 2018-04-17, 2018-10-19
133, 8, 2019-08-27, 2020-12-10
10, 21, 2020-01-01, 2020-12-28
169, 7, 2018-01-18, 2019-03-29
117, 6, 2020-03-14, 2020-10-23
172, 3, 2023-03-06, 2024-01-26
129, 4, 2017-03-10, 2017-08-10
130, 13, 2022-05-13, NULL
194, 25, 2020-09-30, 2021-09-12
185, 1, 2019-07-13, 2020-09-08
38, 24, 2020-08-14, 2021-09-23
193, 7, 2019-09-08, 2020-05-27
142, 11, 2019-01-21, 2019-12-10
17, 23, 2020-12-26, 2021-10-25
88, 5, 2023-04-25, 2024-08-25
155, 22, 2017-02-27, 2018-03-17
47, 4, 2022-05-12, 2023-04-17
97, 27, 2020-12-23, 2021-09-28
53, 13, 2015-12-21, 2017-03-13
113, 16, 2015-02-03, 2015-11-10
15, 19, 2015-02-11, NULL
119, 13, 2019-11-17, 2020-04-16
79, 24, 2023-03-23, 2023-05-18
173, 3, 2015-02-19, 2015-10-03
70, 18, 2021-08-12, 2021-09-03
150, 14, 2015-02-01, 2016-06-07
143, 1, 2020-07-14, 2020-11-06
187, 10, 2023-04-15, NULL
141, 15, 2018-04-22, 2019-04-25
184, 24, 2016-04-10, 2017-01-23
146, 16, 2017-08-12, 2018-03-27
65, 30, 2018-07-18, 2019-07-29
103, 9, 2019-09-04, 2020-10-04
173, 18, 2015-08-09, 2015-11-11
96, 22, 2017-06-07, 2017-11-02
9, 9, 2019-05-19, 2020-05-13
197, 27, 2017-03-14, 2017-07-29
156, 3, 2017-10-28, 2018-02-04
91, 25, 2016-09-13, 2017-11-23
38, 7, 2022-01-17, 2022-04-19
98, 7, 2019-03-23, 2020-05-24
124, 10, 2016-11-15, 2017-06-02
13, 17, 2015-06-20, 2015-08-31
103, 19, 2018-03-30, 2018-07-28
71, 23, 2018-11-01, 2019-09-23
117, 7, 2016-11-01, 2018-03-01
199, 27, 2023-04-26, 2024-06-22
10, 10, 2019-02-20, 2019-05-07
171, 5, 2017-03-22, 2017-06-07
42, 8, 2021-09-29, 2022-10-10
142, 13, 2017-09-23, 2018-01-29
96, 25, 2023-04-07, 2024-08-13
20, 16, 2018-04-08, 2018-08-27
129, 22, 2022-02-05, 2022-08-22
84, 2, 2016-12-20, 2017-04-26
182, 8, 2016-04-26, 2017-04-30
27, 18, 2019-11-11, 2020-05-31
47, 10, 2017-12-13, 2018-02-05
56, 26, 2018-04-04, 2019-06-04
46, 24, 2017-07-29, 2017-08-30
173, 14, 2019-05-22, 2020-03-23
35, 30, 2019-02-17, 2019-11-12
90, 15, 2016-07-26, 2017-02-10
101, 9, 2016-09-22, 2017-10-31
98, 1, 2015-10-09, 2016-05-09
35, 10, 2016-03-15, 2016-12-08
89, 12, 2016-05-05, 2016-08-18
61, 26, 2016-08-10, 2017-06-11
28, 13, 2021-07-20, 2022-02-26
31, 5, 2018-12-26, NULL
91, 6, 2021-06-08, 2021-12-09
82, 15, 2016-02-09, 2016-04-18
100, 24, 2015-01-03, 2015-07-17
86, 28, 2020-02-21, 2021-02-06
36, 23, 2021-08-06, 2022-07-15
191, 23, 2022-03-10, 2022-05-05
135, 6, 2016-07-25, 2016-09-27
18, 22, 2019-03-03, 2020-01-14
138, 4, 2016-03-19, NULL
41, 30, 2019-05-10, 2019-10-06
170, 5, 2018-05-29, 2019-05-01
154, 23, 2016-05-15, 2016-12-27
190, 29, 2016-06-15, NULL
2, 22, 2015-01-24, 2015-06-10
57, 16, 2020-02-01, 2020-03-08
179, 30, 2016-09-14, 2017-08-26
139, 22, 2023-03-20, 2023-11-24
60, 13, 2021-07-08, 2021-07-12
36, 6, 2018-03-25, 2018-07-31
196, 7, 2021-04-09, 2021-06-11
134, 25, 2021-09-27, 2022-07-07
63, 4, 2022-08-26, 2023-01-21
21, 27, 2017-05-26, 2018-07-30
159, 29, 2017-07-01, 2017-11-16
124, 6, 2022-05-20, 2023-05-05
150, 20, 2019-03-26, 2020-07-25
186, 8, 2019-01-21, NULL
38, 9, 2016-08-22, 2017-07-14
86, 12, 2017-02-26, 2017-10-24
2, 10, 2018-08-08, 2018-12-07
162, 18, 2022-01-17, 2022-10-25
72, 24, 2016-01-21, 2017-03-18
52, 27, 2018-11-07, 2019-04-24
194, 15, 2016-04-02, 2017-07-18
73, 8, 2020-07-17, 2021-05-10
185, 9, 2016-11-10, 2017-05-16
148, 13, 2019-02-19, 2019-06-05
12, 12, 2017-01-24, 2017-05-09
81, 22, 2021-04-20, 2021-06-19
44, 13, 2017-09-30, 2018-04-01
138, 15, 2016-01-28, 2016-08-08
178, 15, 2023-05-26, 2024-08-16
55, 22, 2022-08-19, 2023-09-24
47, 14, 2022-12-30, 2023-01-03
125, 13, 2021-03-27, NULL
127, 6, 2018-05-30, 2019-03-01
129, 1, 2016-02-10, 2017-03-16
167, 28, 2017-10-23, NULL
50, 8, 2020-11-27, 2021-10-15
120, 23, 2022-10-14, 2023-12-10
95, 30, 2023-03-29, 2023-10-01
194, 20, 2023-04-18, 2023-05-04
131, 20, 2021-10-10, 2022-07-22
22, 12, 2017-06-02, 2018-04-12
189, 11, 2020-02-11, 2021-05-15
122, 16, 2023-05-21, 2023-09-27
181, 22, 2015-11-03, 2016-07-24
55, 7, 2015-05-12, 2015-09-04
69, 20, 2022-09-08, 2023-11-27
47, 14, 2018-11-17, 2020-03-02
141, 23, 2022-06-03, 2022-08-21
24, 27, 2020-12-24, 2021-06-26
15, 9, 2022-08-04, 2023-04-30
101, 21, 2021-08-09, 2022-03-27
107, 30, 2021-02-03, 2021-03-28
139, 20, 2015-11-19, 2016-09-10
19, 11, 2022-08-05, 2023-03-22
199, 4, 2016-12-19, 2017-12-24
109, 26, 2017-05-07, 2017-11-15
179, 3, 2022-09-29, NULL
60, 7, 2016-02-16, 2017-05-09
58, 24, 2020-06-03, 2021-02-10
101, 7, 2017-07-25, 2017-08-20
73, 17, 2020-04-17, 2020-11-10
127, 23, 2016-07-27, NULL
7, 22, 2023-05-02, NULL
182, 20, 2015-02-28, 2015-07-01
100, 8, 2016-08-25, 2017-08-16
38, 27, 2016-10-05, NULL
87, 22, 2015-09-22, 2015-10-03
12, 4, 2015-05-15, 2016-08-11
30, 10, 2020-01-29, 2020-12-16
193, 30, 2020-10-20, 2020-11-19
141, 11, 2017-05-15, 2018-06-09
20, 29, 2015-03-31, 2015-11-22
80, 13, 2019-01-13, 2019-06-28
88, 26, 2016-11-12, 2017-04-23
87, 22, 2021-09-03, 2022-08-30
64, 12, 2015-05-02, 2016-08-19
154, 15, 2018-12-29, 2019-04-04
151, 27, 2022-10-30, NULL
82, 14, 2022-04-28, 2022-07-18
153, 27, 2019-10-20, 2020-10-05
37, 11, 2021-12-22, 2022-08-26
108, 22, 2020-10-20, 2021-04-27
104, 3, 2016-10-16, NULL
197, 19, 2017-09-13, 2018-06-16
176, 10, 2019-03-04, 2020-03-02
137, 1, 2017-06-21, 2018-10-11
29, 14, 2022-07-29, 2022-12-02
146, 23, 2020-11-20, 2021-10-31
7, 3, 2015-06-17, 2016-10-19
30, 6, 2022-05-13, 2023-07-19
142, 6, 2018-10-26, 2020-02-18
195, 16, 2021-12-20, 2022-05-14
171, 15, 2019-11-27, 2020-10-23
166, 14, 2017-07-24, 2018-01-21
102, 3, 2017-01-22, 2017-02-08
54, 12, 2018-08-13, 2018-10-09
132, 11, 2020-08-11, 2021-07-17
31, 26, 2020-04-16, 2020-07-09
179, 18, 2021-11-18, 2022-05-31
97, 14, 2022-11-17, NULL
111, 20, 2019-04-30, 2019-09-19
181, 3, 2019-07-14, NULL
108, 15, 2018-07-27, 2018-11-16
71, 16, 2017-02-25, 2017-11-08
153, 1, 2015-06-16, 2016-05-01
33, 1, 2021-06-02, 2022-08-29
119, 5, 2015-06-25, 2016-01-09
58, 21, 2019-05-08, 2019-09-21
102, 9, 2023-04-22, 2024-05-04
172, 18, 2020-07-01, 2021-03-29
69, 30, 2022-02-14, 2022-07-07
62, 13, 2017-04-04, NULL
98, 23, 2018-06-11, 2018-10-08
170, 18, 2020-03-02, 2020-04-14
149, 19, 2019-01-30, 2019-03-09
195, 29, 2015-05-28, 2015-08-02
130, 30, 2022-07-21, 2023-12-03
59, 29, 2016-06-22, 2017-02-16
178, 8, 2021-11-18, NULL
174, 23, 2018-06-15, 2019-07-08
56, 10, 2019-06-30, 2020-05-12
101, 10, 2016-03-11, 2016-11-03
45, 28, 2019-09-01, 2020-06-28
77, 14, 2022-01-08, 2022-01-14
113, 7, 2021-08-15, 2022-10-29
26, 25, 2018-09-05, 2019-05-13
188, 17, 2016-08-28, 2017-12-15
125, 9, 2020-02-02, 2020-11-16
65, 7, 2017-03-11, 2017-12-29
139, 26, 2020-04-20, 2020-12-06
15, 7, 2017-06-09, 2018-08-19
23, 24, 2023-03-31, 2023-04-23
13, 23, 2016-08-14, 2016-10-02
169, 20, 2022-06-12, NULL
133, 4, 2015-10-25, 2016-06-02
27, 5, 2022-03-29, 2022-04-27
34, 7, 2021-01-16, 2021-04-15
72, 27, 2022-01-12, 2022-11-26
5, 8, 2020-11-25, 2022-04-01
140, 10, 2023-02-06, NULL
111, 12, 2017-03-14, NULL
72, 6, 2020-08-13, 2021-11-05
40, 16, 2018-02-13, 2019-01-16
175, 3, 2019-12-28, 2020-04-02
13, 2, 2020-01-25, 2020-09-10
195, 23, 2019-02-24, 2020-02-17
26, 25, 2015-05-12, NULL
64, 21, 2018-06-16, 2018-12-26
65, 3, 2019-06-01, 2020-09-10
22, 8, 2017-09-17, 2017-12-07
197, 22, 2018-09-28, 2019-11-10
31, 28, 2017-02-09, NULL
15, 4, 2019-12-16, 2020-12-21
116, 13, 2016-03-07, 2017-03-10
149, 25, 2018-05-29, 2018-07-08
147, 9, 2017-09-07, 2017-10-05
101, 23, 2020-07-11, 2021-09-24
102, 15, 2021-07-21, 2022-12-03
47, 28, 2021-06-25, 2021-09-21
18, 5, 2021-02-22, 2022-07-02
15, 8, 2016-07-19, 2017-02-15
171, 3, 2018-12-07, 2019-06-22
30, 10, 2018-07-17, 2019-06-03
177, 22, 2022-12-09, 2023-10-20
24, 24, 2023-02-26, 2024-05-20
172, 19, 2017-08-25, NULL
81, 3, 2015-04-30, NULL
132, 14, 2020-08-09, 2021-09-29
57, 22, 2018-12-05, NULL
152, 23, 2017-01-26, 2017-02-24
74, 19, 2015-10-01, 2016-05-24
74, 18, 2018-01-02, 2018-10-17
71, 15, 2015-04-10, 2016-06-18
158, 3, 2015-01-10, NULL
60, 28, 2019-08-03, 2020-04-16
134, 6, 2017-07-23, 2018-10-03
187, 30, 2016-08-20, 2017-07-04
40, 19, 2021-08-10, NULL
183, 9, 2018-02-28, 2018-03-05
17, 6, 2018-01-22, 2019-02-18
168, 30, 2016-09-19, 2017-11-19
11, 16, 2021-04-26, 2021-11-12
56, 26, 2020-01-23, 2020-11-19
148, 2, 2016-05-17, NULL
195, 17, 2022-06-26, 2022-11-18
46, 17, 2019-09-03, 2020-08-04
19, 14, 2017-11-22, NULL
108, 11, 2015-07-03, 2016-08-25
126, 20, 2022-03-19, 2023-02-18
34, 24, 2020-03-22, 2021-03-12
200, 26, 2020-05-15, NULL
193, 6, 2019-12-23, 2020-11-16
11, 13, 2016-05-24, 2016-09-10
197, 20, 2015-07-09, 2016-07-22
123, 27, 2023-02-12, 2023-06-14
7, 27, 2018-12-25, 2019-06-29
147, 26, 2019-12-10, 2020-03-13
104, 26, 2017-11-12, 2017-12-01
146, 13, 2017-07-30, 2018-04-12
190, 23, 2021-08-17, 2022-10-17
93, 29, 2023-03-23, 2024-05-12
100, 28, 2020-10-12, 2021-11-08
84, 7, 2019-02-24, 2019-07-31
27, 12, 2019-07-28, 2020-04-16
77, 22, 2017-09-03, 2018-09-07
35, 4, 2019-04-03, 2019-04-19
107, 1, 2019-04-21, 2019-06-29
195, 29, 2019-09-07, 2019-11-15
76, 18, 2019-10-24, 2020-01-31
180, 20, 2021-07-22, 2022-10-11
114, 6, 2018-04-02, 2018-09-25
56, 22, 2021-04-19, NULL
187, 29, 2016-01-21, 2016-06-08
43, 23, 2016-03-12, 2016-10-09
26, 7, 2017-08-03, 2018-03-10
39, 25, 2020-04-28, 2020-11-22
93, 8, 2016-03-22, 2016-09-24
21, 26, 2020-05-26, 2021-01-07
32, 24, 2018-12-16, 2019-09-16
186, 22, 2019-12-29, 2021-03-13
162, 13, 2018-02-09, 2019-06-06
97, 11, 2018-11-16, 2019-09-21
131, 11, 2016-02-24, 2016-07-28
182, 15, 2016-09-01, 2016-12-08
28, 24, 2018-03-25, 2018-12-23
105, 19, 2022-01-07, 2023-05-12
199, 22, 2020-08-07, 2021-03-30
131, 7, 2021-08-09, 2021-09-11
126, 20, 2016-05-31, 2017-08-22
137, 23, 2019-04-06, 2020-02-21
64, 27, 2023-05-28, 2023-10-26
114, 25, 2015-04-11, 2016-06-05
35, 8, 2019-11-19, 2020-01-29
58, 7, 2019-06-02, 2020-08-28
89, 29, 2015-07-10, 2016-11-17
57, 6, 2021-01-30, 2022-05-14
91, 9, 2015-02-06, 2016-03-06
106, 27, 2022-11-17, 2023-08-14
52, 4, 2017-10-27, 2018-08-15
155, 16, 2018-08-24, 2019-09-30
159, 15, 2018-09-29, 2019-06-06
86, 30, 2019-02-11, 2019-11-10
165, 30, 2020-11-20, 2020-12-07
98, 2, 2017-04-21, 2018-04-17
43, 13, 2016-05-16, 2016-11-28
130, 9, 2015-03-30, 2015-12-21
160, 26, 2018-06-29, 2019-03-25
110, 10, 2020-05-04, 2021-07-07
116, 26, 2021-12-21, NULL
55, 18, 2020-10-23, 2021-01-28
196, 20, 2021-10-12, 2022-04-12
3, 21, 2015-03-28, 2016-05-20
6, 7, 2016-08-12, 2017-12-25
151, 5, 2019-10-16, 2020-06-11
21, 19, 2019-02-19, 2019-05-28
53, 8, 2022-10-21, 2023-01-24
99, 21, 2017-03-24, 2017-05-29
166, 26, 2017-11-20, NULL
113, 28, 2017-12-28, 2018-07-07
122, 26, 2022-03-08, 2022-11-21
116, 23, 2020-11-27, 2021-01-16
4, 21, 2015-08-22, 2016-12-29
76, 3, 2020-11-07, 2021-08-04
119, 4, 2020-01-16, 2020-03-16
40, 9, 2021-02-05, 2022-05-10
106, 13, 2018-08-17, 2019-07-01
193, 21, 2016-08-27, 2017-07-24
173, 28, 2019-03-22, 2019-04-26
115, 16, 2023-04-04, 2024-05-05
149, 1, 2021-05-26, 2022-06-17
126, 17, 2017-10-17, 2018-08-19
121, 21, 2022-12-22, 2024-01-20
162, 30, 2019-09-11, 2020-03-15
95, 5, 2021-07-09, 2022-11-11
153, 8, 2020-12-25, 2021-07-12
164, 12, 2019-02-07, 2019-03-04
24, 11, 2021-10-03, NULL
164, 10, 2017-04-30, 2018-07-18
115, 6, 2016-07-05, 2017-10-10
65, 4, 2021-12-15, 2022-07-18
97, 3, 2018-09-19, 2019-01-06
8, 28, 2019-04-15, NULL
63, 23, 2016-07-14, NULL
30, 18, 2015-11-11, 2016-10-16
138, 27, 2020-09-20, 2021-10-28
62, 18, 2020-05-01, 2020-10-07
114, 4, 2019-11-15, 2020-09-21
101, 16, 2015-10-05, 2016-12-28
109, 28, 2022-06-22, NULL
13, 17, 2016-01-06, 2017-05-02
128, 26, 2022-10-05, 2023-10-19
98, 6, 2021-04-07, 2022-04-26
184, 12, 2017-08-25, 2018-12-26
98, 3, 2018-09-14, 2019-05-05
38, 3, 2019-07-20, 2019-12-15
64, 9, 2019-07-08, 2020-04-30
98, 2, 2023-05-08, 2024-03-21
117, 18, 2020-03-04, 2020-03-18
160, 28, 2015-10-23, 2016-01-16
119, 6, 2016-03-06, 2016-05-12
76, 23, 2018-06-30, 2019-06-08
79, 8, 2017-06-25, 2017-12-27
198, 28, 2015-02-19, 2016-05-10
142, 30, 2016-07-15, 2017-02-10
51, 9, 2020-04-27, 2021-07-07
23, 3, 2021-08-16, 2022-07-08
100, 23, 2019-06-09, 2019-07-26
128, 2, 2021-07-02, 2021-11-28
148, 23, 2020-09-30, 2021-05-12
28, 22, 2019-10-11, 2020-04-11
30, 23, 2017-07-25, 2018-05-05
35, 10, 2019-02-28, 2020-02-18
81, 23, 2022-11-18, 2023-06-24
172, 8, 2015-08-22, 2016-05-20
39, 1, 2019-01-27, 2020-03-16
200, 8, 2019-12-21, 2020-10-07
32, 17, 2016-06-25, 2017-09-28
133, 6, 2020-06-28, 2021-02-27
197, 2, 2021-09-05, 2022-07-17
191, 2, 2021-03-17, 2021-08-17
195, 1, 2021-06-29, 2022-01-06
122, 20, 2019-01-21, 2020-01-31
80, 11, 2020-03-23, 2021-07-06
172, 18, 2015-07-10, 2015-08-24
91, 6, 2016-07-29, 2017-01-21
106, 22, 2016-07-08, 2017-01-09
73, 9, 2018-01-15, 2018-03-08
198, 29, 2018-12-02, 2018-12-15
183, 30, 2018-10-18, 2019-09-19
74, 29, 2020-08-16, 2021-03-27
29, 2, 2019-07-16, NULL
174, 15, 2019-09-10, 2020-06-05
35, 19, 2021-07-22, 2022-01-03
154, 17, 2020-11-25, 2022-03-16
119, 10, 2022-03-17, 2022-06-16
179, 5, 2019-09-25, 2020-02-03
132, 5, 2015-08-01, 2016-11-15
139, 15, 2019-06-08, 2020-01-05
21, 29, 2015-08-05, 2016-02-06
117, 12, 2022-06-16, 2023-05-08
182, 13, 2019-10-21, 2019-11-20
33, 26, 2019-09-28, 2019-11-19
33, 11, 2019-08-03, 2020-11-22
108, 13, 2017-04-20, 2018-06-06
40, 7, 2016-08-08, 2017-05-21
32, 6, 2015-07-26, 2016-10-29
32, 22, 2020-06-08, 2021-03-05
91, 6, 2023-01-19, 2024-04-13
24, 23, 2015-07-25, 2016-05-04
125, 15, 2017-09-16, 2018-11-19
30, 30, 2015-02-18, 2015-04-09
36, 7, 2020-01-11, 2020-09-11
155, 30, 2020-10-09, 2021-11-16
36, 30, 2021-11-17, 2022-04-10
24, 2, 2017-02-12, 2017-07-08
43, 29, 2016-08-19, 2017-06-10
162, 10, 2022-01-08, 2022-01-12
6, 19, 2015-12-16, NULL
92, 2, 2016-11-28, 2017-09-21
99, 11, 2023-05-06, NULL
174, 13, 2015-04-06, 2016-02-03
88, 1, 2019-04-05, 2019-11-13
8, 6, 2015-03-26, 2015-08-24
74, 13, 2021-03-13, 2022-06-15
30, 28, 2021-08-11, 2021-12-19
72, 3, 2017-03-16, 2018-06-29
144, 29, 2022-05-20, 2022-07-31
10, 18, 2021-02-09, 2021-11-03
85, 17, 2020-09-07, 2021-09-04
192, 1, 2017-11-21, 2018-03-02
96, 30, 2016-08-01, 2017-05-13
183, 4, 2020-07-31, 2020-11-08
191, 30, 2019-08-08, 2019-11-22
176, 16, 2021-06-17, 2021-07-18
132, 6, 2023-03-13, 2024-05-17
168, 27, 2018-07-17, 2019-07-25
127, 11, 2016-10-11, 2018-01-23
92, 2, 2017-08-31, 2017-12-19
107, 20, 2021-12-22, 2022-01-29
30, 11, 2015-10-19, 2016-08-14
112, 20, 2021-01-13, NULL
50, 4, 2023-04-22, 2024-01-11
164, 26, 2019-08-07, 2019-12-19
194, 14, 2018-03-06, 2019-03-12
107, 12, 2019-04-14, 2020-07-07
115, 27, 2016-07-22, NULL
155, 13, 2019-03-16, 2019-10-02
4, 18, 2022-08-19, 2022-10-04
130, 5, 2021-06-29, 2022-03-15
77, 29, 2019-07-24, 2020-03-13
115, 3, 2019-09-10, 2020-09-16
55, 17, 2017-10-21, 2018-05-09
98, 11, 2021-02-23, 2021-07-26
157, 2, 2016-05-29, 2017-03-18
197, 27, 2021-09-25, 2023-01-17
36, 20, 2018-07-29, 2019-09-01
75, 28, 2023-05-07, 2024-03-23
163, 18, 2017-04-15, 2018-05-22
108, 3, 2019-07-02, 2020-03-29
106, 8, 2022-03-24, 2023-06-15
7, 7, 2021-03-10, 2021-03-31
123, 29, 2017-01-08, 2017-03-22
6, 23, 2015-03-10, 2015-10-21
40, 26, 2017-01-19, NULL
165, 1, 2016-07-14, 2017-01-05
12, 6, 2020-03-09, 2021-06-05
24, 17, 2022-08-13, 2023-02-02
64, 21, 2017-08-30, 2018-09-12
164, 12, 2016-09-13, NULL
103, 6, 2015-03-31, 2016-03-15
62, 7, 2015-01-26, 2015-05-30
115, 1, 2023-02-27, 2023-11-10
164, 18, 2020-02-04, 2020-07-29
84, 27, 2016-01-03, 2017-05-03
83, 5, 2018-07-04, 2019-11-01
70, 29, 2020-11-08, 2021-08-30
73, 24, 2017-05-09, 2017-10-29
70, 27, 2019-02-09, 2019-02-14
99, 21, 2018-06-19, 2019-08-31
78, 17, 2015-05-07, 2015-09-27
165, 20, 2021-10-15, 2023-01-12
135, 29, 2019-02-27, 2020-04-11
37, 25, 2021-07-18, 2021-10-11
186, 2, 2017-09-26, 2018-12-25
162, 13, 2018-12-27, 2019-02-11
191, 29, 2019-05-23, 2020-02-16
56, 17, 2022-11-30, 2023-11-10
4, 12, 2015-11-03, 2016-12-25
156, 15, 2019-08-10, 2020-09-13
153, 18, 2021-05-07, 2022-08-07
20, 2, 2017-01-19, 2017-07-06
59, 11, 2017-08-24, 2018-01-15
156, 17, 2023-04-24, 2024-02-23
75, 15, 2015-12-02, 2016-07-03
185, 9, 2021-11-10, 2022-09-03
42, 18, 2023-04-22, 2024-03-28
51, 16, 2023-03-05, 2024-02-24
186, 23, 2016-06-03, 2017-01-19
59, 28, 2021-01-19, 2021-05-15
134, 28, 2020-09-14, 2021-09-23
142, 27, 2017-11-06, 2017-11-15
135, 20, 2016-11-22, 2017-02-12
73, 15, 2016-11-11, 2017-11-02
80, 17, 2016-03-06, 2016-10-02
116, 11, 2017-09-28, 2018-11-26
165, 5, 2017-11-25, 2019-01-02
11, 15, 2016-06-30, 2017-01-27
136, 15, 2016-05-19, NULL
56, 27, 2021-10-29, 2022-01-02
107, 8, 2020-10-05, 2021-10-22
171, 7, 2019-04-06, 2020-04-25
34, 26, 2016-08-17, 2017-06-28
140, 29, 2017-10-03, 2018-04-22
27, 7, 2017-04-18, 2018-02-09
143, 13, 2016-10-17, 2017-08-29
179, 18, 2015-07-24, 2016-11-09
7, 27, 2021-08-17, 2022-01-13
58, 3, 2015-11-21, 2016-06-01
34, 30, 2019-07-06, 2020-06-22
8, 30, 2021-06-05, 2021-07-11
106, 19, 2015-11-21, 2015-12-21
121, 24, 2021-06-25, 2022-08-11
17, 17, 2015-04-01, NULL
157, 12, 2022-03-31, NULL
177, 21, 2015-12-11, 2016-07-17
123, 12, 2021-12-16, 2022-05-30
101, 27, 2023-01-11, 2023-07-10
75, 18, 2018-04-01, 2019-05-08
117, 14, 2015-03-10, 2015-06-10
197, 11, 2021-04-25, 2022-04-27
142, 10, 2023-05-09, 2024-03-06
61, 30, 2016-02-28, 2017-05-14
4, 28, 2015-02-23, 2016-07-01
54, 9, 2023-05-03, 2023-11-19
100, 18, 2015-12-04, 2016-09-01
64, 17, 2015-02-04, 2015-05-06
154, 29, 2015-03-12, 2016-02-07
34, 27, 2016-11-21, 2017-04-15
89, 10, 2016-03-03, 2016-04-23
183, 6, 2022-09-17, 2023-04-22
192, 30, 2017-11-10, 2018-10-27
47, 10, 2019-05-25, 2020-08-18
169, 15, 2020-09-28, 2021-03-07
99, 26, 2015-10-23, 2016-07-27
156, 13, 2020-03-26, 2021-04-12
111, 16, 2015-12-15, 2017-01-18
160, 26, 2023-01-14, 2023-12-26
92, 8, 2020-01-25, 2021-05-04
190, 18, 2020-04-15, 2020-07-09
93, 12, 2017-06-01, 2017-09-13
29, 8, 2019-09-25, 2019-11-01
197, 22, 2022-10-08, 2023-11-11
111, 4, 2017-01-03, 2017-10-12
9, 16, 2022-02-26, 2022-12-05
146, 9, 2015-03-05, 2015-06-05
150, 27, 2021-02-19, 2021-12-08
29, 13, 2022-07-09, 2023-03-08
79, 11, 2016-02-18, 2016-11-09
91, 2, 2016-03-17, 2016-10-02
137, 12, 2016-03-06, 2016-07-13
51, 29, 2017-10-10, 2018-11-24
186, 29, 2019-12-20, NULL
70, 5, 2016-06-12, 2016-11-15
80, 25, 2021-05-19, 2022-01-05
155, 22, 2018-03-12, 2018-07-10
89, 15, 2017-01-08, 2017-12-05
2, 14, 2015-10-13, 2016-12-11
167, 14, 2015-04-30, 2016-06-14
47, 16, 2019-08-02, 2019-12-22
82, 26, 2016-06-02, 2017-02-16
30, 27, 2018-05-14, 2019-06-14
82, 14, 2021-02-01, 2021-10-22
64, 18, 2015-06-19, 2016-06-09
92, 21, 2020-04-21, 2021-03-17
26, 13, 2021-01-31, 2021-05-25
138, 8, 2019-01-14, 2020-02-16
22, 24, 2023-03-15, 2023-05-01
160, 7, 2019-05-08, 2019-08-10
12, 28, 2020-11-25, NULL
132, 1, 2016-11-03, 2017-04-19
31, 14, 2023-02-21, 2024-07-05
99, 15, 2019-02-15, 2019-12-29
62, 19, 2021-09-05, 2021-10-12
182, 13, 2018-10-10, 2019-01-23
8, 30, 2018-12-24, 2020-01-03
45, 14, 2020-01-23, 2020-06-03
161, 30, 2016-09-10, 2017-06-21
19, 3, 2020-07-30, 2020-11-18
200, 22, 2018-04-08, 2019-06-08
70, 11, 2023-03-05, 2024-07-01
130, 13, 2022-02-16, 2022-08-28
122, 9, 2022-05-07, 2023-07-15
168, 24, 2016-03-09, 2016-06-28
191, 18, 2021-12-09, NULL
140, 25, 2018-02-14, 2019-01-23
175, 20, 2022-03-27, 2023-04-13
112, 2, 2022-01-07, 2022-01-20
31, 9, 2021-12-31, 2022-03-19
90, 17, 2021-02-22, 2021-07-17
108, 15, 2020-11-13, 2021-03-30
13, 26, 2016-09-10, 2017-02-28
189, 15, 2021-05-15, 2021-12-15
64, 4, 2019-11-02, 2019-11-06
176, 11, 2018-07-10, 2019-09-07
139, 28, 2018-11-01, 2019-06-09
145, 27, 2022-03-24, NULL
89, 23, 2021-04-05, 2021-12-10
94, 11, 2016-12-14, 2017-03-28
97, 12, 2018-05-06, 2019-07-22
46, 4, 2017-08-17, NULL
191, 1, 2015-04-23, 2016-06-07
179, 3, 2017-12-25, 2017-12-26
171, 29, 2015-11-08, 2016-04-13
139, 7, 2020-11-21, 2021-01-10
63, 21, 2017-09-01, 2017-09-03
157, 8, 2020-09-15, 2021-06-12
172, 10, 2019-10-28, 2021-01-30
96, 20, 2015-02-01, 2015-02-22
98, 5, 2019-04-30, 2019-06-21
54, 17, 2017-09-06, 2018-07-15
193, 25, 2020-06-29, 2020-10-18
17, 29, 2016-07-09, 2017-03-17
142, 11, 2018-08-27, 2019-05-01
174, 2, 2017-12-12, 2019-02-07
152, 5, 2017-08-26, 2017-09-29
179, 27, 2015-11-17, 2016-01-13
70, 23, 2018-07-24, 2018-09-06
188, 11, 2015-11-27, 2017-01-05
155, 11, 2015-05-11, 2015-08-20
189, 17, 2021-04-01, 2022-02-15
53, 19, 2020-11-05, 2021-08-10
166, 13, 2015-02-01, 2015-11-26
23, 4, 2021-11-03, 2022-02-13
157, 4, 2016-05-24, 2016-07-01
112, 9, 2020-09-21, 2022-01-20
190, 5, 2017-08-08, 2018-09-25
29, 6, 2018-11-16, 2019-10-26
16, 18, 2021-05-01, 2022-03-07
168, 25, 2018-01-02, 2018-05-29
124, 11, 2021-06-16, 2021-12-28
97, 24, 2018-08-14, 2019-08-25
43, 19, 2020-01-02, 2021-02-16
155, 13, 2022-08-29, 2023-01-30
44, 23, 2018-04-24, 2018-09-11
43, 8, 2015-03-31, 2016-07-18
142, 10, 2017-09-02, 2018-06-12
66, 13, 2021-12-23, 2023-01-26
169, 6, 2022-06-16, 2022-06-27
88, 29, 2020-11-13, 2021-11-15
176, 11, 2023-01-06, 2023-11-20
58, 11, 2023-02-20, 2024-05-18
42, 27, 2021-02-01, 2022-04-16
54, 26, 2020-06-30, 2020-07-25
140, 2, 2018-07-28, 2019-05-06
193, 21, 2017-02-07, NULL
155, 4, 2019-03-15, 2019-06-13
183, 1, 2021-07-18, 2022-11-17
82, 25, 2019-06-04, 2020-07-16
21, 1, 2023-03-28, 2023-06-04
46, 4, 2020-12-19, 2021-03-14
197, 20, 2021-11-16, NULL
43, 24, 2015-03-27, 2016-05-04
111, 1, 2019-02-16, 2019-07-01
159, 23, 2022-06-07, 2023-06-25
162, 15, 2019-03-28, 2019-09-29
89, 4, 2015-09-01, 2016-08-07
140, 25, 2015-01-04, 2016-04-26
122, 12, 2022-10-12, 2023-12-01
21, 11, 2022-03-16, 2022-05-21
3, 18, 2019-05-27, 2019-06-01
90, 2, 2015-08-20, 2016-12-09
14, 6, 2021-06-04, 2022-01-01
129, 17, 2016-03-13, 2017-07-16
131, 7, 2022-03-23, 2023-02-14
178, 19, 2016-08-04, 2017-05-19
174, 8, 2017-03-01, 2017-11-26
152, 25, 2021-09-28, 2023-01-06
15, 5, 2022-01-10, 2022-04-30
193, 15, 2017-10-23, 2019-01-16
32, 3, 2017-01-28, 2017-08-01
84, 17, 2015-10-09, 2016-05-03
200, 25, 2021-03-29, 2021-07-23
63, 18, 2019-12-11, 2021-01-12
43, 14, 2023-03-17, 2024-04-08
130, 24, 2018-08-28, 2019-11-03
103, 8, 2021-07-26, 2022-06-10
106, 12, 2018-02-10, 2018-03-27
35, 4, 2015-03-31, 2015-07-18
119, 23, 2021-01-05, 2022-03-07
200, 15, 2015-11-27, 2016-10-29
130, 10, 2021-08-23, 2022-05-08
164, 1, 2018-10-22, 2020-02-27
122, 17, 2020-05-03, NULL
87, 28, 2019-07-31, 2020-07-24
131, 27, 2021-03-10, 2021-07-29
59, 17, 2018-01-13, NULL
169, 13, 2017-01-26, 2018-03-20
164, 9, 2018-09-23, NULL
52, 15, 2017-06-19, 2017-12-17
174, 3, 2022-07-07, 2023-09-29
56, 15, 2016-08-15, 2017-04-27
48, 11, 2022-02-10, 2022-10-26
128, 12, 2018-03-23, 2019-05-24
117, 30, 2020-04-13, 2020-12-24
108, 14, 2017-03-07, 2018-07-05
190, 30, 2021-02-14, 2021-07-12
156, 24, 2019-05-21, 2019-10-07
180, 2, 2019-06-02, 2020-06-28
4, 9, 2015-12-13, 2016-10-18
135, 12, 2019-12-05, 2020-07-11
179, 17, 2022-08-14, 2023-03-12
14, 5, 2022-06-10, 2023-05-11
151, 27, 2023-02-11, 2023-04-15
157, 16, 2018-09-01, 2019-09-16
152, 29, 2021-04-04, NULL
101, 1, 2016-07-08, 2016-07-11
89, 19, 2015-06-24, 2015-08-17
31, 10, 2020-11-18, NULL
117, 20, 2018-09-11, 2019-12-05
100, 5, 2019-09-16, 2020-05-01
136, 11, 2016-01-08, 2016-12-02
79, 20, 2016-09-19, 2017-05-18
87, 21, 2019-04-07, 2020-04-23
102, 27, 2021-06-23, 2022-09-27
54, 13, 2023-02-17, 2024-06-08
160, 22, 2022-11-17, 2024-02-03
60, 4, 2022-02-23, 2022-09-03
35, 2, 2018-12-15, NULL
180, 11, 2022-03-25, 2022-10-23
175, 14, 2019-02-05, NULL
100, 12, 2022-09-16, 2024-01-08
59, 30, 2022-03-08, NULL
53, 29, 2022-11-25, 2023-03-21
83, 15, 2023-04-05, 2024-01-03
185, 25, 2017-02-12, 2017-11-16
13, 27, 2019-07-07, 2020-06-11
131, 24, 2017-12-22, 2018-07-19
23, 28, 2019-01-05, 2019-05-16
47, 23, 2015-11-08, 2016-01-21
150, 21, 2018-06-08, 2019-08-06
80, 14, 2022-12-06, 2023-01-18
142, 26, 2018-01-29, NULL
159, 24, 2020-12-17, 2021-04-24
137, 17, 2022-10-05, 2023-05-31
74, 23, 2016-08-13, 2017-04-03
19, 7, 2022-11-04, 2023-02-26
186, 5, 2020-11-06, NULL
156, 11, 2022-10-06, 2022-10-12
47, 14, 2015-10-20, 2016-05-17
31, 14, 2021-03-11, 2022-04-05
164, 28, 2018-03-30, 2019-04-14
108, 3, 2015-12-01, 2017-03-31
164, 22, 2020-09-07, 2021-06-27
63, 19, 2018-07-14, 2019-09-07
43, 19, 2021-02-12, 2021-06-30
83, 3, 2015-10-04, 2016-06-04
172, 14, 2017-04-09, 2018-06-16
117, 28, 2019-09-23, 2019-11-02
64, 19, 2022-08-12, 2022-09-14
150, 4, 2021-12-20, 2022-06-07
54, 19, 2022-05-11, 2023-02-13
144, 8, 2021-12-29, 2022-07-02
181, 29, 2019-03-05, 2019-06-02
99, 4, 2023-02-14, 2023-08-20
160, 2, 2016-01-12, 2017-04-29
145, 22, 2016-11-22, 2017-08-14
4, 15, 2019-07-01, 2020-09-25
167, 12, 2023-05-08, NULL
168, 1, 2021-08-16, 2021-12-07
28, 23, 2022-06-07, 2022-11-19
137, 26, 2018-08-29, 2018-08-30
102, 26, 2016-10-11, 2017-11-09
3, 14, 2017-12-03, 2018-12-27
143, 20, 2017-04-09, 2017-10-18
131, 19, 2020-12-13, 2021-07-17
68, 18, 2019-04-28, 2019-09-08
11, 5, 2015-11-22, 2016-09-29
45, 25, 2021-03-16, 2021-04-05
148, 19, 2019-03-08, 2019-12-02
183, 24, 2021-10-14, 2021-11-12
57, 5, 2020-02-25, 2020-11-06
39, 1, 2016-12-21, 2017-03-04
63, 29, 2016-04-11, 2016-07-31
46, 29, 2021-10-11, 2022-11-05
45, 27, 2018-07-09, 2019-08-21
173, 24, 2018-05-05, 2018-11-08
133, 27, 2021-09-02, NULL
50, 22, 2018-04-02, 2019-02-09
3, 24, 2017-03-18, 2017-04-18
71, 9, 2019-09-04, 2019-11-06
162, 5, 2022-04-03, 2022-10-26
173, 16, 2022-04-11, 2022-09-22
135, 4, 2019-01-03, 2019-07-19
143, 10, 2020-08-08, NULL
115, 4, 2017-03-04, 2017-06-11
184, 16, 2020-07-15, 2021-07-31
49, 12, 2015-11-12, 2016-11-12
125, 14, 2020-03-13, 2020-10-24
107, 5, 2019-06-26, 2019-11-22
44, 10, 2015-09-17, 2016-08-22
14, 4, 2019-07-28, 2019-09-27
177, 25, 2015-12-05, 2016-02-15
116, 26, 2023-04-24, 2023-10-02
17, 6, 2017-02-26, 2017-03-21
133, 25, 2016-08-05, 2017-11-12
176, 22, 2022-04-03, NULL
121, 16, 2017-04-06, 2017-07-09
21, 12, 2018-05-20, 2019-08-18
28, 30, 2018-06-30, 2018-07-27
156, 6, 2016-03-16, 2016-04-14
187, 14, 2020-05-01, 2021-01-05
180, 21, 2023-01-02, 2023-12-29
107, 23, 2020-04-06, 2021-07-20
67, 5, 2018-11-26, 2019-10-16
46, 10, 2017-01-13, 2018-03-12
80, 23, 2017-03-25, 2017-06-06
44, 4, 2021-08-31, 2021-09-20
157, 19, 2022-03-12, 2023-04-29
145, 26, 2017-02-20, 2018-02-12
122, 18, 2015-12-14, 2016-06-18
111, 16, 2016-05-07, 2016-06-08
168, 23, 2016-01-30, 2016-06-29
84, 1, 2016-10-11, 2017-09-16
131, 10, 2021-02-04, 2021-11-08
23, 25, 2017-11-06, 2018-03-04
27, 2, 2016-01-05, 2016-10-29
4, 10, 2021-08-01, 2021-08-21
47, 17, 2015-10-11, 2016-04-05
148, 26, 2021-11-05, 2022-06-08
165, 10, 2022-09-10, 2023-05-05
2, 15, 2015-08-19, 2016-02-12
3, 12, 2018-09-14, 2019-12-06
140, 16, 2015-03-22, NULL
60, 17, 2021-10-04, 2022-04-19
33, 2, 2016-02-28, 2016-04-05
131, 26, 2017-10-25, 2018-01-18
51, 5, 2017-07-02, 2017-07-21
116, 26, 2022-07-08, 2023-10-09
66, 12, 2019-06-06, 2020-02-22
159, 9, 2015-12-22, 2016-06-28
4, 29, 2022-09-30, 2023-02-19
180, 9, 2022-09-19, 2022-12-13
62, 25, 2017-07-01, 2018-10-14
44, 4, 2015-08-24, 2016-10-17
169, 22, 2020-09-08, 2021-11-07
81, 26, 2018-02-11, 2018-05-16
12, 27, 2018-02-16, 2019-05-25
48, 23, 2015-07-09, 2015-10-10
20, 29, 2019-12-13, 2020-08-21
187, 28, 2022-02-17, 2023-02-15
196, 9, 2022-02-27, NULL
37, 19, 2017-04-19, 2017-10-20
167, 17, 2021-09-03, 2022-10-08
170, 5, 2019-04-16, 2020-02-14
196, 3, 2016-10-25, 2017-07-30
104, 9, 2016-03-23, 2017-01-24
92, 1, 2019-03-08, 2020-06-26
171, 14, 2016-09-25, 2017-03-09
73, 3, 2022-08-27, 2023-11-04
68, 29, 2017-01-17, 2018-02-23
61, 14, 2019-05-06, 2019-08-14
64, 14, 2015-06-02, 2016-08-22
44, 23, 2020-07-09, 2020-10-26
54, 14, 2018-09-09, NULL
197, 1, 2018-07-22, 2019-07-19
52, 17, 2022-02-03, 2023-03-23
34, 27, 2018-09-06, 2019-06-29
85, 20, 2022-05-20, 2023-05-19
3, 16, 2017-12-04, 2018-03-04
115, 25, 2015-01-21, 2015-11-29
124, 7, 2020-10-18, 2022-01-19
4, 4, 2018-08-09, 2019-10-31
127, 19, 2017-03-26, 2017-08-01
182, 14, 2018-06-11, 2018-12-31
99, 19, 2022-01-10, 2023-05-19
199, 14, 2021-06-12, 2022-07-30
175, 17, 2017-08-17, 2018-03-29
131, 30, 2019-01-09, 2019-05-29
104, 28, 2016-08-09, 2017-03-12
141, 11, 2022-01-26, 2023-01-12
143, 20, 2018-01-29, 2018-11-02
167, 7, 2018-01-22, NULL
26, 10, 2020-08-21, 2021-03-07
117, 27, 2018-12-20, 2019-07-11
50, 4, 2022-11-27, 2023-04-29
104, 26, 2022-12-31, 2023-08-29
122, 2, 2020-05-26, 2020-08-11
2, 9, 2016-04-15, 2016-08-10
14, 1, 2015-06-10, 2016-07-15
41, 22, 2022-09-01, 2022-11-04
64, 4, 2016-04-13, 2016-08-10
70, 14, 2022-10-25, 2022-11-12
198, 12, 2019-05-03, 2020-02-14
77, 13, 2016-09-25, 2016-12-06
126, 3, 2020-06-08, 2021-04-10
185, 25, 2016-03-24, 2017-02-11
198, 23, 2016-09-30, 2017-07-11
183, 27, 2016-12-19, 2017-11-07
154, 25, 2018-07-01, 2019-05-02
103, 1, 2016-01-10, 2016-06-13
43, 1, 2016-07-24, 2017-02-22
115, 30, 2015-10-13, 2016-04-02
126, 24, 2019-11-19, NULL
188, 30, 2022-03-24, 2022-05-12
160, 17, 2022-12-05, NULL
107, 22, 2015-03-16, 2015-12-16
114, 2, 2016-10-04, 2017-04-21
81, 7, 2020-05-03, 2021-02-02
171, 2, 2020-04-18, 2020-08-19
17, 27, 2021-11-22, 2022-05-08
177, 7, 2017-04-08, 2018-05-02
49, 26, 2017-11-01, 2017-11-17
193, 16, 2018-04-30, 2019-04-22
136, 3, 2018-08-03, 2018-10-08
117, 13, 2019-03-26, 2019-03-31
175, 21, 2019-03-24, 2020-05-18
176, 28, 2021-08-29, 2022-05-16
149, 23, 2022-09-23, 2023-09-30
21, 27, 2018-07-17, 2019-09-14
128, 1, 2019-05-05, 2020-07-28
93, 9, 2016-01-08, 2016-05-03
39, 19, 2021-07-08, 2022-08-07
81, 2, 2019-01-19, 2020-05-20
107, 17, 2017-09-19, 2019-01-06
47, 20, 2016-07-16, 2017-03-12
5, 1, 2021-09-12, 2022-09-26
115, 8, 2017-01-15, 2017-07-18
153, 11, 2021-02-03, 2021-05-22
160, 5, 2018-10-25, 2019-02-06
118, 19, 2016-11-16, 2018-01-30
152, 26, 2017-12-09, 2019-03-27
58, 23, 2019-02-07, 2020-04-24
149, 5, 2016-06-26, 2016-09-21
161, 15, 2016-01-05, 2016-05-06
197, 8, 2018-07-02, 2019-09-18
84, 11, 2015-03-01, 2015-08-19
194, 25, 2016-03-05, 2016-10-25
60, 8, 2021-06-20, 2022-05-04
144, 29, 2020-07-12, 2021-06-22
120, 11, 2016-05-29, 2017-04-06
53, 30, 2020-10-17, 2021-10-26
129, 15, 2017-05-12, NULL
138, 18, 2015-08-02, NULL
10, 8, 2021-10-12, 2023-02-13
195, 26, 2020-07-10, 2021-05-28
80, 4, 2015-11-08, 2017-03-03
66, 29, 2015-08-18, 2015-12-30
187, 27, 2021-12-20, 2022-11-20
30, 13, 2021-04-14, 2022-04-03
90, 14, 2022-01-22, 2022-12-19
8, 28, 2020-05-04, 2020-08-11
63, 22, 2016-05-01, 2017-03-08
171, 10, 2020-03-07, 2020-06-30
155, 2, 2016-02-05, 2017-06-12
199, 21, 2015-03-07, 2015-09-03
53, 29, 2019-12-11, 2021-03-11
104, 6, 2019-10-12, 2020-01-01
149, 28, 2020-05-06, 2021-02-27
163, 19, 2021-12-14, 2023-03-18
69, 22, 2019-07-06, NULL
27, 22, 2015-03-21, 2015-04-16
177, 12, 2021-03-25, 2021-07-28
155, 23, 2021-07-26, 2021-08-03
19, 14, 2015-04-12, 2015-06-01
121, 14, 2018-04-06, 2018-11-25
40, 22, 2017-08-24, 2018-09-06
128, 9, 2020-10-29, 2021-03-21
8, 14, 2023-02-01, 2023-07-21
75, 5, 2022-02-02, 2022-05-28
118, 6, 2020-08-26, NULL
33, 21, 2022-03-05, 2022-07-03
58, 10, 2019-03-01, 2019-08-22
158, 5, 2017-09-23, 2018-06-23
114, 19, 2017-11-18, 2018-05-23
119, 23, 2021-07-05, 2022-01-21
34, 22, 2021-10-03, NULL
68, 26, 2021-04-14, 2022-07-23
84, 12, 2023-04-21, 2024-03-09
85, 2, 2015-05-04, 2016-02-15
197, 16, 2017-04-09, NULL
50, 23, 2021-04-18, 2021-09-15
77, 11, 2019-03-15, 2020-07-16
7, 23, 2015-08-03, 2015-12-31
100, 15, 2018-02-09, 2018-05-31
69, 28, 2017-08-12, 2018-11-26
133, 4, 2017-12-20, 2018-01-22
91, 13, 2016-12-07, 2017-04-16
49, 12, 2023-01-13, 2024-02-01
186, 2, 2017-02-19, 2018-06-02
50, 12, 2022-10-18, 2023-11-30
158, 19, 2019-03-07, 2019-05-05
40, 26, 2018-02-27, 2018-04-04
140, 28, 2018-08-30, 2019-03-02
65, 21, 2020-05-02, 2021-02-27
159, 6, 2019-07-14, 2020-01-24
197, 11, 2020-03-13, 2021-03-11
148, 16, 2015-03-05, 2016-05-19
120, 22, 2016-07-27, 2017-03-21
61, 2, 2021-04-04, 2021-08-02
195, 7, 2020-07-08, 2021-05-31
165, 15, 2015-07-11, 2015-12-07
190, 25, 2016-08-26, 2017-06-26
117, 3, 2016-06-08, 2017-03-20
91, 11, 2017-02-18, 2017-10-13
66, 24, 2017-01-29, 2018-03-03
81, 5, 2015-03-10, 2015-10-21
96, 14, 2017-07-26, 2018-11-06
68, 11, 2017-02-17, 2017-04-16
98, 25, 2018-07-25, 2018-08-28
29, 29, 2016-07-26, 2016-10-05
2, 12, 2015-08-11, 2016-07-23
164, 26, 2018-05-01, 2019-08-26
25, 15, 2021-04-15, 2021-07-14
122, 20, 2016-12-09, 2018-03-07
20, 10, 2017-10-18, 2018-02-05
23, 13, 2023-05-16, 2024-02-18
43, 24, 2017-10-15, 2018-03-14
93, 4, 2018-08-29, 2019-12-08
138, 21, 2022-03-22, 2022-11-19
72, 8, 2020-06-03, 2020-12-14
59, 9, 2018-01-09, NULL
24, 15, 2015-06-14, 2016-06-01
6, 20, 2016-07-05, 2017-11-04
59, 18, 2023-03-15, 2023-07-04
154, 24, 2020-09-27, 2020-12-31
175, 15, 2017-05-15, 2017-08-20
115, 5, 2021-08-22, 2022-07-15
6, 21, 2018-06-03, NULL
138, 16, 2020-01-10, 2020-07-16
78, 27, 2021-10-14, 2022-08-04
157, 11, 2017-03-12, 2018-07-20
57, 26, 2021-08-10, NULL
49, 2, 2018-07-22, 2018-11-18
133, 4, 2015-12-23, 2016-05-30
102, 14, 2022-08-31, 2023-06-18
148, 15, 2018-09-18, 2019-12-05
183, 10, 2021-08-01, 2022-06-21
157, 5, 2017-08-29, 2018-11-21
147, 29, 2018-11-30, 2020-01-28
73, 8, 2017-01-10, 2017-06-04
164, 6, 2015-12-21, 2016-01-16
25, 19, 2019-05-26, 2020-05-23
144, 29, 2016-02-01, 2016-02-03
128, 6, 2020-03-11, 2021-05-23
137, 7, 2021-06-01, 2021-12-14
40, 20, 2015-08-28, 2016-09-03
140, 23, 2023-01-22, 2024-03-15
162, 11, 2016-11-14, NULL
126, 22, 2023-01-14, 2023-07-20
106, 2, 2022-03-10, 2023-06-27
153, 13, 2017-03-20, 2018-04-12
10, 22, 2018-08-24, 2019-05-09
68, 17, 2017-05-03, 2017-12-14
64, 1, 2015-09-02, 2016-01-24
184, 9, 2020-01-03, 2021-03-21
89, 18, 2015-06-13, 2016-08-31
91, 7, 2020-12-04, 2022-02-27
80, 20, 2015-12-01, 2016-12-22
8, 3, 2017-07-12, NULL
37, 17, 2015-12-20, 2016-04-11
173, 19, 2019-06-21, 2020-03-10
150, 2, 2016-04-11, 2017-07-29
1, 18, 2017-02-28, 2018-02-07
94, 5, 2018-01-24, 2018-09-24
200, 11, 2016-07-03, NULL
160, 30, 2021-03-20, 2021-11-17
44, 28, 2017-12-27, 2018-08-15
131, 10, 2021-03-12, 2022-06-19
56, 20, 2015-02-12, 2015-12-20
4, 9, 2021-08-13, 2022-03-02
87, 24, 2020-11-11, 2021-07-03
134, 23, 2020-01-22, 2020-08-28
147, 1, 2016-11-30, 2017-06-04
92, 1, 2019-06-15, 2020-03-12
75, 30, 2022-05-12, 2022-10-12
86, 22, 2020-05-31, NULL
49, 1, 2022-03-25, 2023-06-05
89, 12, 2018-05-04, 2019-03-04
33, 8, 2016-07-10, 2016-10-17
57, 1, 2018-03-18, 2019-07-06
9, 12, 2017-09-14, 2018-05-26
184, 6, 2016-12-07, 2018-04-05
55, 9, 2016-08-12, 2017-11-29
186, 11, 2017-06-23, 2018-06-29
81, 12, 2023-04-16, NULL
192, 5, 2016-06-27, 2017-04-21
39, 11, 2021-02-25, NULL
97, 17, 2022-04-16, 2023-06-20
31, 18, 2015-06-09, 2015-12-26
146, 2, 2022-09-11, 2022-12-24
75, 3, 2021-08-07, 2022-03-27
95, 12, 2019-12-25, 2020-02-17
121, 11, 2019-04-09, 2020-03-31
98, 16, 2019-07-22, 2019-12-26
81, 11, 2018-04-27, 2018-11-19
33, 8, 2022-08-11, 2023-06-26
69, 26, 2016-01-20, NULL
45, 5, 2017-05-14, 2017-07-11
179, 11, 2015-10-16, 2016-01-27
102, 1, 2020-08-19, 2020-10-28
119, 16, 2017-05-07, 2018-05-28
113, 8, 2021-09-02, 2022-05-29
26, 3, 2020-08-28, 2020-11-10
24, 2, 2016-08-27, 2016-11-18
54, 19, 2021-03-04, 2021-08-26
172, 5, 2017-08-06, 2017-11-29
149, 12, 2021-11-23, 2022-10-22
109, 18, 2016-08-16, 2016-09-10
195, 28, 2019-07-30, 2020-01-03
5, 8, 2022-02-14, 2022-04-06
187, 21, 2019-05-23, 2020-07-22
12, 8, 2019-02-22, 2020-05-23
36, 27, 2015-12-17, 2016-08-06
19, 2, 2021-01-02, NULL
141, 25, 2020-08-12, NULL
71, 3, 2016-05-09, 2016-12-31
100, 20, 2020-12-22, 2022-01-30
28, 6, 2016-10-14, 2017-12-21
166, 22, 2020-08-28, 2021-12-12
42, 22, 2016-05-19, 2016-06-17
110, 3, 2022-01-20, 2022-12-03
86, 29, 2020-10-31, 2021-05-18
191, 24, 2019-09-29, 2020-11-28
120, 20, 2022-07-16, 2023-03-17
195, 18, 2022-07-05, 2023-07-03
129, 24, 2018-08-19, 2018-10-14
77, 23, 2017-06-16, NULL
114, 30, 2017-11-29, 2018-03-16
45, 22, 2022-12-02, 2023-01-27
150, 22, 2018-12-20, 2019-11-30
121, 25, 2016-11-21, 2017-03-06
13, 16, 2015-01-11, 2015-11-18
19, 6, 2015-12-04, 2017-01-29
197, 22, 2015-08-08, 2015-12-30
46, 24, 2016-05-23, 2017-10-01
106, 22, 2020-01-17, 2020-08-19
159, 20, 2016-08-19, 2017-10-17
162, 11, 2019-06-30, 2019-10-30
52, 9, 2020-02-25, 2020-11-20
38, 6, 2019-12-20, 2021-04-12
153, 23, 2017-09-24, 2017-10-19
5, 15, 2018-02-05, 2018-02-21
129, 4, 2016-06-04, 2017-07-22
95, 21, 2021-11-29, 2022-07-21
185, 11, 2019-02-17, 2019-09-21
105, 26, 2015-05-15, 2016-03-13
55, 2, 2022-11-15, 2023-08-21
179, 15, 2017-07-30, 2018-02-23
30, 24, 2018-08-23, 2018-09-26
66, 3, 2015-01-24, 2015-12-12
25, 17, 2017-08-23, 2017-10-02
134, 15, 2017-05-04, NULL
71, 24, 2023-03-31, 2023-11-19
153, 25, 2022-11-13, 2023-07-29
196, 19, 2021-09-17, 2022-10-09
91, 8, 2022-06-29, 2023-02-26
68, 5, 2019-09-19, NULL
33, 14, 2023-05-12, 2023-05-17
97, 3, 2018-01-02, 2018-07-06
172, 18, 2018-12-03, 2020-04-01
195, 25, 2023-03-19, 2024-02-05
150, 20, 2019-10-01, 2020-06-10
157, 5, 2016-05-01, 2017-02-20
54, 1, 2023-01-05, 2024-04-19
36, 1, 2018-08-05, 2018-12-08
176, 7, 2021-04-28, 2021-11-08
137, 5, 2020-12-25, 2021-02-04
137, 12, 2020-06-07, NULL
71, 28, 2021-08-16, 2022-11-06
186, 19, 2022-08-28, 2022-12-20
47, 4, 2015-02-06, NULL
165, 10, 2018-07-26, 2018-11-29
78, 7, 2018-08-23, 2019-07-31
150, 22, 2016-04-23, 2017-02-02
167, 28, 2018-10-11, NULL
98, 30, 2021-01-20, 2022-05-14
76, 17, 2021-02-24, 2022-05-31
146, 12, 2018-10-20, 2019-10-15
52, 15, 2017-08-30, 2017-12-21
169, 18, 2017-06-12, 2018-07-08
131, 26, 2022-03-28, 2022-08-07
85, 4, 2016-02-25, 2016-04-06
24, 17, 2017-10-25, NULL
196, 16, 2019-05-08, 2019-08-03
12, 9, 2017-02-02, 2018-01-18
195, 25, 2018-11-02, NULL
173, 20, 2018-05-19, 2019-01-12
148, 12, 2017-07-29, 2018-06-28
146, 28, 2021-02-18, 2022-03-23
69, 17, 2020-10-19, 2020-11-18
139, 17, 2022-05-18, 2023-02-14
34, 27, 2022-05-09, 2023-06-02
6, 26, 2015-05-22, 2016-02-19
169, 29, 2019-04-16, 2020-07-18
134, 11, 2021-06-01, 2022-01-28
31, 11, 2018-10-13, NULL
200, 1, 2016-08-31, 2017-12-13
17, 29, 2015-06-16, 2015-07-28
52, 10, 2015-09-22, 2015-11-02
21, 2, 2022-11-07, 2023-12-12
169, 28, 2021-12-01, 2021-12-13
37, 18, 2020-11-26, 2022-03-12
115, 12, 2020-01-09, 2021-05-04
52, 8, 2016-03-09, 2017-07-02
110, 13, 2020-09-08, 2021-09-19
174, 27, 2018-09-27, 2019-12-02
121, 15, 2017-04-28, 2017-12-05
156, 1, 2021-03-24, 2022-01-18
23, 2, 2019-03-03, 2019-12-29
161, 22, 2022-02-19, 2022-06-10
24, 27, 2023-04-01, 2024-02-13
155, 21, 2019-03-24, 2019-05-15
42, 9, 2016-08-10, 2017-06-16
162, 5, 2020-05-21, 2021-08-03
142, 17, 2019-03-31, 2020-01-21
135, 21, 2015-06-27, 2016-10-17
33, 26, 2015-04-04, 2015-07-07
192, 29, 2021-03-06, 2022-02-09
156, 15, 2015-03-22, 2015-08-03
102, 4, 2017-10-19, 2019-01-30
181, 20, 2019-11-28, 2020-07-23
20, 29, 2018-06-08, 2019-06-19
134, 15, 2022-08-11, 2022-08-24
3, 18, 2018-09-16, 2019-03-20
176, 9, 2016-06-12, 2017-02-01
27, 25, 2020-09-23, 2021-09-27
184, 10, 2018-11-23, 2019-07-04
182, 18, 2019-09-11, 2020-04-12
147, 15, 2016-06-05, 2016-11-10
113, 13, 2020-02-20, 2021-05-14
45, 30, 2021-12-27, 2022-07-18
60, 23, 2018-04-08, 2018-07-29
71, 5, 2018-11-24, NULL
60, 5, 2021-02-25, 2022-02-08
74, 19, 2017-12-24, 2019-01-09
31, 27, 2020-07-20, 2021-01-03
196, 20, 2018-03-22, 2019-02-08
198, 19, 2020-04-23, 2021-02-17
122, 13, 2015-11-28, 2017-03-08
62, 16, 2022-06-28, 2023-05-03
29, 3, 2020-12-04, 2021-05-29
66, 23, 2019-10-31, 2021-01-07
39, 22, 2015-09-28, 2016-03-23
13, 19, 2019-11-26, 2020-09-08
30, 6, 2022-03-10, NULL
111, 9, 2020-07-22, 2021-09-02
178, 25, 2019-09-10, NULL
104, 3, 2015-04-01, 2016-01-08
142, 1, 2019-09-27, 2019-09-29
167, 16, 2022-07-08, 2022-11-12
99, 7, 2015-07-04, 2015-07-07
159, 3, 2020-03-07, 2020-04-08
185, 4, 2020-01-25, 2021-06-06
96, 19, 2019-07-02, 2020-01-30
29, 4, 2016-09-21, 2016-11-12
187, 10, 2019-03-03, NULL
178, 21, 2019-12-20, 2020-07-22
183, 25, 2017-09-01, 2018-05-21
9, 3, 2021-12-11, 2022-07-01
80, 29, 2022-06-22, 2023-02-26
93, 7, 2021-02-05, 2022-03-20
145, 14, 2015-07-04, 2016-11-05
147, 21, 2017-01-28, 2017-10-23
70, 19, 2020-06-25, NULL
33, 19, 2022-06-26, 2023-01-08
178, 9, 2020-01-21, 2021-05-27
150, 24, 2022-08-02, 2023-04-20
153, 26, 2018-01-31, 2018-07-17
28, 19, 2022-04-11, 2023-05-10
23, 3, 2018-02-06, 2018-03-02
54, 11, 2018-11-22, 2019-09-30
117, 6, 2019-06-13, NULL
58, 10, 2020-07-26, 2021-08-08
144, 9, 2023-04-06, 2023-05-03
151, 7, 2018-03-24, 2019-04-01
80, 2, 2022-04-03, 2022-08-27
46, 29, 2016-04-13, 2017-07-23
159, 22, 2019-12-05, 2020-08-18
190, 28, 2018-12-15, 2019-10-25
31, 12, 2021-03-28, 2021-10-10
102, 29, 2021-01-03, 2022-03-15
108, 6, 2015-01-13, 2016-02-25
2, 16, 2020-12-03, NULL
167, 25, 2017-10-26, 2019-01-08
24, 29, 2019-12-04, 2020-06-26
19, 18, 2018-11-19, 2019-03-02
125, 23, 2020-11-12, 2021-12-26
23, 15, 2022-10-18, 2023-08-26
70, 26, 2016-10-06, 2017-12-03
133, 18, 2018-07-10, 2019-03-23
159, 3, 2019-05-26, 2019-10-26
51, 30, 2017-05-03, 2017-11-25
153, 30, 2022-09-10, 2023-12-22
110, 15, 2015-10-21, 2015-11-01
152, 23, 2021-11-13, 2022-12-16
74, 3, 2021-09-15, 2021-10-22
134, 18, 2021-09-10, 2022-06-30
23, 9, 2017-08-14, 2018-11-18
3, 14, 2018-06-25, 2018-08-20
14, 13, 2022-06-25, 2022-11-24
62, 8, 2021-02-14, 2021-10-28
132, 19, 2018-11-26, 2019-06-29
184, 2, 2015-12-18, 2016-10-11
80, 15, 2017-08-08, 2017-08-27
94, 21, 2018-07-03, 2018-12-22
47, 10, 2017-05-06, 2017-06-05
194, 29, 2016-07-05, 2017-07-16
120, 16, 2019-09-09, 2020-08-09
138, 21, 2016-05-24, 2017-06-21
44, 20, 2022-11-24, 2023-08-08
61, 8, 2015-08-28, NULL
200, 23, 2021-10-16, 2022-09-17
66, 16, 2020-06-08, 2021-09-29
50, 7, 2022-03-03, 2023-03-24
73, 10, 2022-11-28, 2023-07-10
138, 24, 2021-11-25, 2022-04-10
120, 14, 2019-11-17, NULL
185, 17, 2015-11-17, 2016-10-21
175, 30, 2016-03-14, 2016-08-02
49, 8, 2020-04-27, 2021-07-09
196, 17, 2021-04-01, 2021-07-15
161, 20, 2022-09-28, 2023-01-16
174, 7, 2022-08-19, 2023-12-09
77, 10, 2023-01-19, NULL
75, 20, 2016-03-25, 2017-07-14
96, 14, 2017-06-25, 2018-10-09
186, 12, 2019-01-11, 2019-05-18
122, 13, 2015-07-16, 2016-07-12
94, 17, 2020-04-28, 2020-06-24
105, 5, 2016-07-23, 2017-02-02
59, 15, 2020-12-10, 2021-12-14
189, 15, 2019-05-04, 2019-09-06
153, 8, 2021-02-18, 2022-05-19
194, 2, 2018-04-30, 2018-11-19
168, 27, 2022-04-14, 2023-06-21
197, 16, 2015-10-04, 2016-11-22
116, 5, 2018-02-12, 2018-08-26
3, 17, 2019-06-10, 2019-06-24
140, 22, 2015-02-14, 2015-06-28
145, 24, 2021-04-16, 2021-12-08
19, 26, 2020-08-18, 2021-01-22
20, 9, 2016-10-19, 2017-09-23
39, 9, 2020-11-23, 2022-02-27
195, 16, 2015-03-11, 2016-03-10
19, 21, 2016-08-14, 2017-05-14
126, 15, 2017-07-24, 2017-08-15
195, 29, 2022-05-05, 2022-12-21
149, 16, 2017-11-21, 2017-11-24
139, 2, 2020-02-14, NULL
165, 20, 2015-07-22, 2015-11-08
13, 13, 2017-11-27, NULL
103, 5, 2022-08-08, 2022-09-29
55, 11, 2017-03-15, 2017-11-01
179, 22, 2022-07-01, NULL
86, 27, 2015-09-15, 2016-12-12
36, 24, 2023-04-20, 2024-01-30
133, 23, 2017-02-28, 2017-11-26
143, 30, 2022-02-06, 2023-03-18
172, 30, 2019-10-02, 2020-11-21
3, 25, 2019-08-18, 2020-08-29
193, 17, 2017-01-22, 2017-10-05
190, 7, 2017-06-18, 2018-09-28
43, 1, 2021-02-21, 2022-03-31
80, 22, 2016-06-08, 2017-01-03
130, 19, 2022-07-29, 2023-10-28
152, 20, 2021-05-28, 2021-09-02
81, 18, 2021-04-30, 2022-01-08
144, 4, 2022-01-08, NULL
49, 27, 2016-07-09, 2017-04-19
185, 23, 2018-09-20, 2020-01-06
156, 12, 2020-05-19, 2020-06-06
112, 27, 2015-06-28, 2016-03-26
34, 3, 2021-08-31, 2022-06-13
126, 4, 2023-03-02, 2023-12-14
62, 17, 2015-03-05, 2016-02-17
66, 17, 2020-06-13, 2021-05-07
131, 16, 2021-07-05, 2022-06-07
148, 18, 2015-03-19, 2016-07-27
179, 15, 2020-07-08, 2020-12-29
138, 28, 2018-07-22, 2018-11-23
122, 25, 2022-03-11, 2022-03-13
143, 13, 2022-02-21, 2022-06-21
89, 18, 2022-01-13, 2022-09-10
186, 17, 2016-08-24, 2017-05-01
41, 22, 2020-03-09, NULL
172, 19, 2020-12-31, 2021-09-19
75, 19, 2020-12-10, 2022-03-04
67, 22, 2017-05-28, 2017-09-15
42, 4, 2021-08-25, 2022-01-06
72, 7, 2022-11-06, 2024-02-20
60, 13, 2023-01-17, 2023-03-31
75, 16, 2017-04-02, 2017-08-19
52, 13, 2018-08-02, NULL
152, 23, 2016-06-22, 2016-09-03
67, 20, 2019-11-14, 2020-03-28
132, 13, 2021-05-01, 2021-06-06
56, 24, 2019-08-07, 2020-12-19
5, 13, 2017-08-03, 2017-09-24
129, 18, 2016-03-16, 2016-12-08
64, 8, 2021-01-15, 2022-02-01
124, 7, 2016-02-09, 2016-12-20
188, 27, 2017-06-02, NULL
164, 17, 2019-06-01, 2019-08-19
101, 26, 2017-10-11, 2018-10-12
150, 29, 2015-12-18, 2016-01-06
26, 20, 2019-07-06, 2020-08-11
39, 9, 2021-01-02, 2021-11-20
52, 26, 2015-04-02, 2015-04-26
67, 25, 2022-04-07, 2023-06-10
154, 9, 2017-06-25, 2017-08-02
121, 22, 2020-01-27, 2020-02-13
104, 5, 2018-02-11, 2019-02-19
58, 18, 2019-07-28, 2020-04-24
192, 19, 2018-11-06, NULL
168, 18, 2015-02-15, 2016-03-26
114, 25, 2021-01-16, 2021-12-13
134, 12, 2023-05-24, 2024-04-21
185, 26, 2021-02-05, 2021-12-26
24, 26, 2015-05-14, 2015-11-07
99, 2, 2017-01-15, NULL
186, 15, 2018-04-25, 2019-05-29
44, 15, 2017-05-14, NULL
110, 1, 2022-07-12, NULL
167, 3, 2018-12-23, 2020-04-21
12, 3, 2017-11-26, 2018-05-08
128, 5, 2018-12-27, 2019-07-04
76, 8, 2016-12-03, 2017-05-23
176, 1, 2023-01-22, 2023-12-16
118, 9, 2018-09-25, 2019-06-17
52, 20, 2023-01-12, 2024-01-26
128, 1, 2016-06-28, 2016-10-21
94, 22, 2018-09-14, 2019-02-26
119, 1, 2020-12-28, 2021-12-26
57, 20, 2022-07-24, 2022-10-25
166, 22, 2021-08-21, 2022-11-13
44, 6, 2020-02-08, 2020-10-11
151, 29, 2018-12-31, 2020-04-26
14, 7, 2019-06-11, 2020-01-18
148, 15, 2019-09-14, 2020-02-12
97, 11, 2015-05-11, 2015-12-28
32, 11, 2022-07-03, 2022-10-26
115, 15, 2017-11-04, 2018-09-25
67, 4, 2017-10-02, 2018-07-06
119, 14, 2015-12-25, NULL
130, 26, 2022-10-19, 2023-12-21
28, 11, 2020-08-09, 2021-09-16
164, 1, 2015-03-04, 2015-06-13
181, 17, 2022-01-10, 2023-02-05
48, 20, 2016-12-08, 2017-05-10
180, 8, 2020-11-14, 2021-10-05
83, 7, 2015-09-16, 2016-03-26
195, 5, 2019-12-04, 2020-03-02
120, 15, 2021-06-22, 2022-01-03
55, 8, 2021-01-05, 2021-07-31
126, 10, 2020-11-04, 2021-11-18
8, 2, 2021-09-06, 2022-11-08
164, 21, 2022-03-22, 2022-05-10
44, 25, 2015-10-14, 2016-04-09
22, 28, 2021-01-16, 2021-07-20
167, 17, 2017-07-08, 2017-07-28
36, 3, 2018-03-26, 2018-05-06
117, 1, 2022-01-29, 2022-11-03
158, 25, 2015-06-21, 2015-08-20
114, 8, 2015-03-18, 2015-08-28
41, 29, 2015-01-24, 2015-09-03
79, 3, 2020-12-30, 2021-04-21
21, 18, 2019-03-19, NULL
15, 7, 2019-10-10, 2020-04-08
189, 28, 2015-04-03, 2015-05-21
192, 18, 2015-06-28, 2016-04-22
134, 21, 2015-01-19, 2015-11-03
39, 25, 2015-08-05, 2016-02-13
57, 11, 2017-09-20, 2018-04-22
186, 24, 2021-12-17, 2023-04-11
111, 26, 2020-02-19, 2020-11-02
47, 27, 2017-10-20, 2019-01-22
116, 11, 2019-03-27, 2019-08-06
37, 9, 2016-06-09, 2017-04-30
55, 4, 2015-06-28, 2015-12-05
71, 19, 2019-06-23, 2020-03-12
194, 14, 2021-06-24, 2021-08-20
31, 23, 2015-10-13, 2016-03-05
197, 10, 2017-07-29, 2017-09-27
82, 5, 2015-03-24, 2015-09-17
161, 27, 2015-10-10, 2015-12-09
99, 18, 2015-12-09, 2016-06-06
21, 3, 2021-04-18, 2022-04-06
190, 1, 2015-11-10, 2016-08-14
190, 12, 2017-07-09, 2017-07-17
18, 14, 2020-03-18, 2020-06-06
82, 5, 2020-02-19, 2020-09-20
165, 25, 2021-02-28, 2021-11-03
79, 17, 2019-06-23, 2019-10-25
50, 3, 2015-12-13, NULL
173, 5, 2019-11-01, NULL
25, 8, 2021-07-30, 2021-11-07
131, 12, 2016-02-27, 2016-05-14
7, 25, 2019-11-10, 2020-05-17
85, 30, 2016-03-17, 2016-12-11
176, 27, 2016-03-12, 2016-11-19
162, 2, 2015-06-17, 2016-05-11
62, 13, 2015-07-10, 2016-11-03
30, 17, 2018-05-27, 2019-03-11
87, 24, 2017-01-28, 2017-03-29
149, 15, 2018-01-25, 2018-04-20
57, 2, 2017-10-31, 2018-08-02
71, 10, 2022-12-29, 2023-10-09
93, 2, 2019-03-15, 2019-06-07
192, 29, 2017-01-02, 2018-03-19
38, 13, 2016-03-06, 2017-03-06
15, 15, 2019-03-13, 2020-02-17
171, 4, 2021-11-27, 2023-02-13
157, 16, 2018-05-05, 2019-06-07
107, 18, 2019-07-21, 2020-05-02
181, 9, 2020-05-02, 2020-12-14
18, 9, 2018-09-06, 2019-12-08
91, 3, 2016-09-27, 2017-09-08
164, 12, 2019-03-09, 2019-04-22
48, 13, 2016-03-02, NULL
172, 20, 2017-08-13, 2018-12-21
142, 6, 2021-08-25, 2021-12-08
13, 8, 2022-05-15, 2022-12-02
133, 20, 2023-02-17, 2024-04-09
168, 21, 2015-08-28, 2016-04-18
194, 3, 2016-06-24, 2017-05-01
179, 29, 2015-09-04, 2016-08-09
25, 4, 2022-08-09, 2023-04-09
58, 7, 2016-12-10, 2018-02-24
180, 14, 2021-12-14, 2022-07-06
174, 19, 2016-05-05, 2017-07-05
157, 19, 2020-10-01, 2021-08-09
150, 30, 2022-12-31, 2024-01-18
102, 21, 2018-05-10, 2018-10-22
33, 28, 2015-07-04, 2016-05-31
125, 15, 2022-11-19, 2023-02-04
98, 17, 2016-05-04, 2016-09-18
183, 28, 2020-01-03, 2020-01-12
43, 3, 2017-11-24, 2019-02-14
146, 16, 2022-08-06, 2023-11-03
35, 26, 2020-07-18, 2021-11-08
96, 21, 2018-04-21, 2018-10-17
4, 24, 2023-02-20, 2023-03-26
120, 10, 2023-01-17, 2024-04-25
18, 26, 2020-12-20, 2021-01-01
53, 8, 2022-06-25, 2023-06-03
186, 9, 2015-12-27, NULL
109, 26, 2022-05-04, 2023-05-17
155, 1, 2023-02-03, 2024-06-06
18, 25, 2017-06-08, 2018-07-06
103, 15, 2019-05-30, 2020-10-10
152, 17, 2018-06-01, 2018-10-26
128, 13, 2022-01-01, 2022-04-18
88, 21, 2021-07-21, 2022-06-01
194, 3, 2019-07-23, 2020-05-10
57, 22, 2015-07-23, 2016-01-27
75, 5, 2023-03-04, NULL
180, 16, 2017-12-02, 2018-08-24
168, 18, 2019-08-08, 2019-12-12
104, 10, 2016-06-21, 2016-09-09
101, 6, 2016-07-14, 2017-03-21
85, 1, 2020-11-01, 2021-09-04
96, 27, 2022-02-12, 2022-06-04
150, 14, 2015-05-03, 2015-07-29
194, 12, 2021-05-13, 2022-06-17
20, 25, 2016-10-13, 2017-08-14
101, 5, 2019-10-11, 2021-02-09
12, 7, 2020-07-16, 2020-09-19
10, 9, 2016-04-18, 2017-06-07
102, 5, 2020-03-28, 2021-02-23
64, 13, 2020-11-03, 2021-09-28
22, 26, 2017-11-20, 2018-01-23
137, 25, 2021-01-03, 2022-04-11
115, 18, 2018-12-03, 2019-09-14
23, 10, 2015-04-17, 2015-04-24
18, 20, 2020-01-14, 2020-07-20
171, 13, 2017-10-12, 2017-11-23
20, 16, 2016-03-23, 2017-07-23
168, 27, 2020-03-11, 2020-10-30
124, 6, 2018-04-30, NULL
166, 5, 2015-04-07, 2016-08-19
53, 3, 2022-02-18, 2022-09-14
125, 26, 2017-12-23, 2018-01-05
84, 17, 2020-09-08, NULL
156, 26, 2017-07-21, 2018-02-13
123, 9, 2018-06-09, 2018-09-23
60, 9, 2015-08-29, 2015-10-10
111, 24, 2015-04-27, 2015-09-29
37, 17, 2018-07-29, 2018-11-07
141, 22, 2022-05-12, NULL
124, 5, 2020-11-15, 2021-06-28
33, 11, 2018-07-02, 2019-06-10
68, 7, 2021-09-03, 2022-06-08
66, 6, 2022-02-11, 2023-02-17
58, 17, 2022-05-01, 2022-06-20
33, 10, 2016-07-24, NULL
64, 27, 2020-05-10, 2020-10-14
83, 8, 2017-12-24, 2018-09-19
47, 28, 2017-12-19, 2018-08-15
102, 5, 2016-02-09, 2016-10-05
88, 22, 2021-11-18, 2022-11-28
101, 8, 2018-02-28, 2018-05-18
47, 22, 2015-05-16, 2015-09-17
3, 4, 2018-03-08, 2018-11-30
127, 23, 2022-01-01, 2022-05-14
78, 4, 2020-06-24, 2021-03-06
75, 16, 2021-01-20, 2022-01-18
192, 17, 2022-06-02, 2022-08-31
144, 4, 2018-08-04, 2019-03-27
2, 11, 2023-05-29, 2024-02-11
122, 18, 2020-03-15, 2021-05-08
12, 29, 2019-04-03, 2019-11-25
95, 14, 2017-01-20, 2018-05-20
118, 25, 2019-06-28, NULL
19, 26, 2018-09-25, 2019-10-08
27, 2, 2019-12-30, 2020-05-03
58, 6, 2021-11-28, 2022-07-19
145, 25, 2020-10-26, 2021-09-18
45, 27, 2020-08-17, 2021-04-24
185, 21, 2019-02-03, 2020-02-12
106, 16, 2022-11-06, 2023-11-20
133, 28, 2016-07-03, 2016-08-16
91, 18, 2021-05-30, 2021-07-11
61, 24, 2015-04-22, 2016-07-08
72, 7, 2015-08-18, 2016-02-10
10, 17, 2019-03-26, 2020-06-09
115, 5, 2019-09-18, 2020-02-14
10, 26, 2021-01-14, 2022-01-31
187, 30, 2022-03-02, 2022-06-11
130, 2, 2015-12-15, 2016-04-14
150, 20, 2017-01-08, 2017-02-18
140, 5, 2015-09-13, 2016-08-28
150, 13, 2021-09-03, 2021-12-08
99, 16, 2023-03-18, 2024-06-14
158, 21, 2017-02-24, 2018-05-28
149, 7, 2017-04-29, 2018-08-25
33, 3, 2020-01-20, 2021-04-23
78, 6, 2016-12-25, 2017-01-10
175, 4, 2017-09-16, 2018-03-07
82, 18, 2020-09-22, NULL
190, 24, 2017-07-13, 2017-12-25
80, 10, 2022-11-06, 2023-02-05
35, 26, 2018-04-01, 2018-08-25
135, 16, 2022-08-05, 2023-02-15
174, 18, 2021-11-24, 2022-11-07
127, 9, 2017-12-11, 2018-08-29
199, 2, 2018-07-06, 2019-06-25
51, 10, 2021-09-19, 2022-10-16
149, 22, 2021-03-18, 2022-02-05
100, 26, 2015-02-19, 2015-12-26
25, 18, 2023-05-11, 2024-08-10
186, 1, 2015-10-14, 2016-03-07
170, 20, 2018-06-26, 2019-03-17
196, 10, 2017-08-25, 2018-06-08
24, 26, 2022-10-21, 2022-12-28
63, 19, 2022-02-10, NULL
164, 29, 2021-02-13, 2021-05-19
37, 28, 2022-11-29, 2023-11-25
162, 1, 2023-04-29, 2024-08-30
11, 24, 2017-03-20, 2017-06-13
90, 2, 2018-05-12, 2019-06-10
142, 26, 2015-07-13, 2016-08-07
164, 4, 2015-07-18, 2016-09-06
146, 26, 2019-06-03, 2019-10-29
92, 23, 2015-01-06, 2015-06-14
151, 1, 2023-05-21, 2023-10-28
186, 20, 2017-01-11, 2018-02-22
72, 11, 2021-09-06, 2021-11-05
137, 12, 2022-09-23, 2023-12-04
47, 1, 2018-08-30, 2019-01-19
193, 25, 2020-04-11, 2021-01-03
61, 10, 2021-07-09, 2021-10-22
101, 9, 2019-01-27, 2019-11-29
139, 1, 2016-01-14, 2016-03-02
164, 23, 2016-04-09, 2017-02-28
124, 26, 2020-08-24, 2021-01-15
54, 18, 2023-05-14, 2024-01-28
23, 26, 2017-04-04, 2018-08-12
158, 3, 2021-06-12, NULL
187, 1, 2023-02-15, 2023-06-06
131, 13, 2021-11-14, 2022-09-11
30, 8, 2018-06-08, 2019-08-12
16, 26, 2015-04-18, 2015-11-02
142, 30, 2017-02-12, 2018-05-31
156, 5, 2019-06-09, 2020-05-05
157, 6, 2023-05-04, NULL
151, 5, 2023-05-04, 2024-05-10
42, 21, 2021-10-20, 2022-04-19
14, 14, 2020-08-03, 2021-12-12
69, 27, 2017-11-18, 2018-03-07
79, 21, 2018-06-10, 2018-09-12
37, 14, 2016-06-15, 2017-07-25
6, 19, 2019-01-24, 2019-03-06
128, 10, 2017-03-20, 2018-03-22
31, 2, 2020-01-18, 2020-10-01
178, 1, 2015-04-08, 2016-03-01
100, 13, 2022-07-12, 2023-09-13
73, 6, 2022-12-25, 2024-03-04
116, 1, 2015-08-20, 2016-12-27
144, 21, 2015-02-21, 2016-05-18
68, 30, 2019-07-26, 2020-06-18
191, 25, 2019-01-27, 2020-05-03
167, 5, 2022-08-10, 2022-11-07
110, 20, 2017-07-03, 2018-11-07
35, 6, 2020-06-24, 2021-01-14
72, 26, 2017-06-28, 2018-03-14
98, 14, 2019-12-30, 2020-01-23
82, 14, 2015-09-12, 2016-08-09
189, 7, 2015-08-29, 2015-11-25
60, 9, 2020-10-16, 2021-05-23
186, 27, 2018-08-31, 2018-11-30
116, 25, 2016-12-05, 2017-07-10
73, 23, 2018-07-04, 2018-10-01
7, 18, 2015-03-27, 2015-07-20
170, 17, 2021-02-25, 2021-12-29
124, 12, 2023-03-01, 2023-03-07
199, 3, 2020-05-16, 2021-05-15
93, 15, 2021-05-10, 2021-10-06
15, 26, 2018-07-31, 2019-09-01
119, 29, 2020-10-27, NULL
117, 4, 2019-02-06, NULL
164, 14, 2017-04-17, 2017-08-28
17, 24, 2019-06-19, 2020-08-14
72, 4, 2015-07-26, NULL
8, 7, 2022-06-05, 2022-07-07
60, 29, 2020-06-29, 2021-10-13
103, 27, 2017-03-08, 2017-03-14
134, 29, 2023-03-28, NULL
70, 12, 2022-01-04, 2022-03-30
165, 16, 2021-04-06, 2021-05-03
169, 16, 2017-07-10, 2017-09-26
183, 22, 2022-03-29, 2022-04-05
171, 4, 2019-03-07, 2019-09-06
47, 1, 2017-02-06, 2017-03-26
148, 26, 2015-09-12, 2016-03-26
155, 27, 2020-05-06, 2021-01-24
11, 15, 2018-06-30, 2019-05-06
197, 12, 2016-12-30, 2018-04-08
198, 28, 2022-09-06, 2023-04-15
95, 27, 2015-07-03, 2015-12-01
198, 13, 2017-02-09, 2018-03-16
132, 18, 2022-03-26, 2022-10-29
16, 18, 2016-10-22, 2017-03-06
122, 24, 2019-09-11, 2020-06-21
28, 14, 2015-10-07, 2016-05-24
92, 12, 2016-12-03, 2017-10-03
61, 13, 2021-03-23, 2022-01-16
40, 8, 2015-03-22, 2015-04-23
136, 14, 2022-10-30, 2023-10-20
186, 30, 2015-01-02, 2015-09-14
38, 3, 2020-05-16, 2020-08-09
142, 22, 2020-07-20, 2020-10-27
56, 23, 2019-03-02, 2020-03-21
83, 28, 2018-02-06, 2018-02-23
183, 10, 2022-01-17, 2023-01-06
118, 22, 2016-08-07, 2017-11-21
183, 18, 2018-07-22, 2019-04-07
6, 8, 2017-11-12, 2018-02-08
140, 17, 2015-08-20, 2015-12-28
17, 16, 2021-12-25, 2022-06-13
108, 7, 2015-02-21, 2016-06-21
120, 20, 2015-04-07, 2016-01-20
89, 12, 2016-05-25, 2016-06-29
119, 21, 2016-11-02, 2017-09-27
105, 3, 2017-08-21, 2017-11-27
189, 30, 2019-03-04, 2019-11-20
196, 5, 2015-09-15, 2016-11-19
193, 17, 2020-02-29, 2020-03-12
179, 22, 2020-02-27, 2020-03-28
2, 23, 2015-11-25, 2016-03-08
108, 8, 2015-12-27, 2016-03-12
80, 16, 2016-10-09, 2017-04-12
66, 12, 2022-09-03, 2023-08-14
179, 1, 2019-05-08, 2020-04-23
20, 21, 2016-02-29, 2017-06-11
163, 28, 2019-10-23, 2020-02-23
8, 2, 2017-06-13, 2018-02-13
15, 7, 2015-10-16, 2016-02-22
166, 4, 2021-04-26, 2021-06-13
72, 10, 2020-05-28, 2020-12-04
87, 11, 2018-06-06, 2019-03-14
122, 21, 2015-10-18, 2016-10-17
135, 2, 2018-10-29, 2020-01-25
12, 9, 2021-11-26, 2022-04-28
40, 17, 2022-06-19, 2022-11-01
54, 1, 2017-12-16, 2018-08-11
190, 22, 2018-08-22, 2019-12-06
104, 15, 2017-04-13, NULL
64, 19, 2016-01-01, 2016-01-14
195, 4, 2021-03-30, 2021-06-30
14, 18, 2017-04-11, 2018-08-08
189, 12, 2017-05-31, 2018-06-29
174, 20, 2018-08-25, 2018-11-17
191, 5, 2015-06-26, 2016-03-31
42, 28, 2017-03-14, 2017-06-24
86, 12, 2022-08-27, 2023-07-29
165, 23, 2017-10-24, 2018-11-26
91, 12, 2020-11-09, 2022-03-06
132, 6, 2022-08-18, 2023-08-29
135, 13, 2022-07-11, 2023-11-12
189, 29, 2015-03-24, 2016-02-29
111, 19, 2022-03-09, NULL
150, 13, 2017-09-07, 2017-12-18
50, 1, 2022-08-08, 2022-08-12
132, 12, 2015-11-20, 2016-10-28
120, 29, 2019-05-02, 2019-10-27
186, 23, 2020-04-14, 2020-07-18
79, 12, 2018-07-22, 2018-08-02
6, 4, 2020-11-07, NULL
187, 10, 2018-12-23, 2019-11-22
6, 9, 2016-01-28, NULL
39, 14, 2016-04-13, 2017-07-16
154, 11, 2017-06-04, NULL
121, 6, 2022-04-04, 2023-01-29
101, 11, 2017-04-10, 2018-04-25
113, 24, 2017-09-06, NULL
91, 25, 2016-03-31, 2017-03-03
157, 3, 2017-07-01, 2018-10-18
182, 21, 2022-11-01, 2022-11-29
68, 20, 2019-03-23, 2019-06-23
175, 21, 2022-10-18, 2023-12-04
41, 24, 2017-09-05, NULL
37, 13, 2017-05-05, 2017-08-23
7, 21, 2022-05-30, NULL
179, 8, 2019-07-25, 2020-07-06
81, 1, 2015-08-09, 2016-01-04
199, 9, 2016-11-24, 2017-07-11
65, 18, 2022-09-18, 2023-07-21
85, 3, 2021-03-18, 2022-04-20
80, 12, 2019-06-01, 2019-09-15
19, 30, 2021-03-08, 2021-06-24
54, 23, 2017-11-22, 2018-02-09
8, 18, 2018-11-18, 2019-12-03
174, 21, 2021-10-14, 2021-11-05
160, 14, 2017-04-02, 2018-03-16
96, 8, 2020-04-01, 2020-07-10
188, 29, 2020-03-04, 2021-02-03
179, 18, 2021-05-21, 2021-06-21
85, 11, 2021-08-24, NULL
104, 20, 2018-01-05, 2018-10-22
147, 16, 2020-12-23, 2021-01-21
38, 5, 2022-09-16, NULL
164, 6, 2021-11-12, NULL
192, 22, 2018-06-29, 2018-11-30
53, 27, 2022-05-26, 2023-08-18
141, 6, 2023-05-26, 2024-09-17
95, 26, 2022-12-20, 2023-03-10
31, 30, 2015-07-14, 2016-11-19
20, 24, 2018-04-19, 2018-05-24
194, 15, 2019-05-18, 2020-06-21
79, 7, 2015-05-10, 2015-11-04
146, 14, 2020-09-06, 2021-08-31
51, 13, 2021-11-15, 2022-04-09
177, 20, 2020-05-08, 2021-07-19
173, 30, 2021-08-24, 2021-11-29
124, 13, 2022-11-18, 2023-10-12
4, 13, 2021-10-21, NULL
159, 4, 2015-02-23, 2015-02-26
2, 30, 2021-06-26, 2021-12-13
151, 28, 2022-12-27, 2023-09-18
124, 4, 2018-04-28, 2019-03-31
35, 20, 2015-05-15, 2015-11-09
127, 19, 2015-09-28, 2016-09-08
184, 22, 2017-09-26, NULL
103, 16, 2018-04-13, 2019-03-08
107, 13, 2020-10-17, 2020-12-26
2, 13, 2018-09-03, 2018-10-30
13, 22, 2015-07-20, 2015-12-13
188, 3, 2018-09-24, 2019-03-08
74, 16, 2020-01-17, 2020-07-14
93, 24, 2021-11-01, 2022-06-05
128, 17, 2018-03-30, 2018-05-20
64, 12, 2022-07-17, 2023-01-28
132, 5, 2023-01-25, 2023-11-02
77, 28, 2019-02-19, 2019-06-11
62, 26, 2021-07-21, 2022-01-31
26, 17, 2020-09-19, 2020-10-16
85, 8, 2017-02-17, NULL
55, 2, 2021-08-17, NULL
168, 5, 2019-02-03, 2019-08-15
71, 30, 2016-07-25, 2016-10-12
159, 4, 2022-06-29, 2023-03-03
40, 25, 2018-01-11, 2018-04-16
139, 20, 2021-04-02, 2021-11-06
40, 4, 2018-05-15, 2019-09-12
28, 2, 2022-09-07, 2023-05-12
29, 3, 2018-02-24, 2018-10-27
91, 7, 2018-05-27, 2018-11-24
166, 23, 2017-11-02, 2018-03-21
62, 30, 2020-08-17, 2021-02-03
132, 14, 2020-02-21, 2020-10-20
196, 17, 2015-02-05, 2016-03-27
11, 5, 2022-08-22, 2023-09-22
130, 3, 2022-04-11, 2023-08-18
8, 17, 2016-08-29, 2016-09-07
41, 10, 2020-12-29, 2022-01-14
95, 1, 2018-11-11, 2019-12-26
75, 23, 2021-05-13, 2022-01-05
78, 18, 2018-06-11, 2018-10-14
33, 10, 2016-03-29, NULL
10, 4, 2019-06-03, 2020-04-23
84, 8, 2017-08-26, 2018-11-08
15, 14, 2021-03-24, NULL
60, 12, 2017-07-04, 2018-02-28
57, 6, 2022-12-06, 2023-02-28
138, 8, 2018-07-12, NULL
175, 20, 2021-06-13, 2021-09-26
165, 2, 2017-12-31, 2019-02-04
200, 7, 2021-12-23, 2022-06-15
131, 9, 2019-12-06, 2020-05-13
120, 1, 2022-06-10, 2023-05-26
70, 9, 2015-10-28, 2015-11-29
89, 23, 2017-11-14, 2018-08-24
48, 4, 2020-09-13, 2021-05-22
113, 16, 2022-03-15, 2022-11-02
30, 28, 2017-03-21, 2017-09-23
77, 6, 2018-04-25, 2019-03-01
76, 19, 2019-01-21, 2019-08-14
13, 28, 2023-03-04, NULL
56, 5, 2017-12-17, 2018-03-05
189, 1, 2019-01-27, 2020-03-31
113, 22, 2016-06-04, 2017-04-24
50, 29, 2018-01-26, 2018-05-22
106, 28, 2020-12-06, 2021-01-30
61, 6, 2020-07-09, 2021-03-07
173, 7, 2015-02-02, 2015-07-10
142, 25, 2021-06-07, NULL
7, 2, 2021-06-14, 2021-08-20
106, 24, 2015-06-01, 2016-02-15
125, 25, 2022-11-11, 2023-11-03
27, 26, 2018-04-15, 2019-08-04
96, 3, 2015-01-23, 2016-05-23
73, 3, 2017-08-28, 2018-11-17
92, 1, 2019-12-22, 2020-12-12
11, 23, 2021-08-22, 2022-06-02
103, 21, 2020-09-16, 2020-12-13
97, 9, 2022-07-31, 2022-12-11
68, 25, 2015-03-18, 2016-04-30
122, 23, 2015-06-14, 2015-12-24
76, 25, 2022-12-13, 2023-03-18
120, 18, 2023-05-23, 2024-04-08
185, 3, 2020-10-16, NULL
91, 22, 2021-09-29, 2022-03-16
121, 16, 2016-07-16, 2017-03-07
114, 17, 2022-12-26, 2023-11-06
140, 14, 2021-12-14, 2022-12-13
161, 4, 2018-12-18, 2019-10-15
113, 8, 2015-01-18, 2016-03-23
18, 23, 2017-09-09, 2018-09-24
134, 4, 2021-04-27, 2021-11-25
94, 20, 2018-04-03, 2018-12-27
46, 5, 2019-12-12, 2020-02-14
139, 25, 2020-07-14, 2021-03-28
64, 3, 2019-06-20, 2020-10-16
94, 17, 2021-03-18, 2022-04-21
117, 24, 2022-07-27, 2023-08-30
150, 19, 2017-09-27, 2018-03-28
101, 23, 2021-04-17, 2022-07-09
107, 26, 2017-02-01, 2017-11-15
74, 25, 2019-05-04, NULL
138, 7, 2020-03-07, 2020-10-19
82, 4, 2020-11-11, 2021-11-27
183, 19, 2022-10-28, 2022-11-28
63, 20, 2020-07-17, 2021-05-02
117, 7, 2021-12-22, 2022-05-04
117, 16, 2021-08-28, 2021-10-09
47, 28, 2015-07-16, 2015-08-21
147, 21, 2018-12-23, 2019-04-03
59, 1, 2015-10-18, 2015-11-07
85, 30, 2017-01-30, 2017-12-24
7, 15, 2017-09-04, 2018-12-02
56, 29, 2015-01-14, 2015-03-10
141, 3, 2023-02-13, 2023-09-05
93, 10, 2016-04-11, 2017-04-28
172, 24, 2020-03-30, NULL
111, 3, 2018-07-12, 2019-09-17
66, 24, 2020-06-24, 2021-03-31
86, 23, 2021-01-24, 2022-06-07
144, 14, 2020-07-27, 2020-10-28
40, 6, 2020-07-25, 2021-05-18
169, 19, 2018-09-17, 2018-10-04
160, 30, 2020-01-18, 2021-02-28
101, 1, 2022-01-20, NULL
131, 14, 2016-03-12, NULL
16, 9, 2022-03-29, NULL
125, 11, 2018-11-26, 2019-06-12
22, 10, 2021-02-27, 2022-01-04
195, 17, 2016-12-13, 2018-03-28
170, 25, 2023-03-13, 2023-11-10
69, 20, 2019-06-30, 2019-07-09
178, 19, 2018-02-20, 2019-04-22
25, 6, 2018-11-01, 2020-01-30
42, 11, 2020-07-24, 2020-12-27
163, 24, 2020-11-26, 2021-12-26
58, 26, 2015-03-25, 2016-03-16
24, 11, 2015-09-30, 2016-06-22
55, 5, 2018-05-27, 2019-03-09
170, 5, 2022-06-16, 2023-07-20
129, 4, 2017-03-16, 2017-06-16
113, 28, 2015-08-14, 2016-01-09
40, 15, 2019-08-07, 2020-06-23
76, 6, 2017-07-06, 2017-08-04
133, 11, 2018-01-11, 2019-03-07
6, 25, 2020-11-16, 2021-02-21
28, 10, 2021-05-02, 2022-03-01
112, 1, 2022-05-23, 2023-07-14
107, 8, 2016-01-31, 2016-07-01
13, 29, 2016-08-22, 2017-02-12
95, 19, 2018-10-26, 2019-04-18
93, 25, 2015-10-24, 2016-02-10
113, 20, 2023-01-07, 2023-05-26
58, 21, 2017-08-31, 2018-03-13
133, 13, 2015-03-23, 2015-06-30
176, 29, 2022-10-11, 2023-03-17
40, 7, 2015-06-16, 2015-07-21
106, 29, 2017-03-26, NULL
195, 16, 2018-08-03, 2019-10-14
133, 1, 2019-10-25, 2020-10-27
3, 8, 2022-12-07, 2024-04-13
3, 12, 2019-03-08, 2020-03-22
171, 25, 2018-06-18, 2018-07-01
114, 14, 2021-08-07, NULL
155, 14, 2015-06-30, 2015-07-07
49, 30, 2020-11-18, 2021-05-29
179, 14, 2021-11-26, 2022-06-12
26, 14, 2021-12-24, 2023-01-24
188, 23, 2017-04-12, NULL
85, 25, 2023-01-23, 2023-10-22
59, 22, 2021-06-10, 2022-07-11
182, 11, 2016-10-17, 2017-01-16
185, 10, 2021-02-22, 2022-06-06
157, 16, 2018-03-17, 2018-04-14
136, 26, 2022-09-11, 2022-09-30
28, 29, 2022-06-06, 2022-07-19
73, 20, 2015-10-19, 2016-12-07
79, 23, 2022-06-28, 2022-10-03
162, 2, 2023-04-24, 2024-07-28
151, 27, 2022-06-13, 2022-09-30
158, 8, 2023-01-10, 2023-11-19
106, 12, 2022-06-19, 2023-04-18
184, 6, 2019-06-12, 2020-05-31
158, 28, 2017-05-08, NULL
7, 27, 2018-06-11, 2019-07-08
68, 22, 2022-09-25, 2022-09-27
40, 22, 2016-05-10, 2017-03-07
75, 24, 2021-12-10, 2023-03-03
146, 23, 2016-07-10, 2017-07-05
84, 1, 2021-05-13, NULL
61, 26, 2022-07-27, 2023-04-06
96, 24, 2015-09-20, 2016-11-04
90, 28, 2021-03-10, NULL
87, 15, 2018-09-23, 2019-02-07
190, 12, 2022-02-01, 2022-08-01
23, 27, 2020-11-15, 2021-07-23
196, 1, 2015-05-26, 2015-06-12
9, 14, 2021-07-05, 2022-01-09
11, 4, 2016-03-03, 2016-11-16
88, 27, 2018-07-21, 2019-08-02
139, 9, 2022-08-01, 2023-07-20
116, 7, 2020-06-06, 2021-06-22
65, 12, 2022-11-23, NULL
83, 22, 2018-11-28, 2020-02-18
31, 2, 2021-10-25, 2021-11-01
15, 16, 2021-02-25, 2022-04-11
82, 14, 2022-02-23, 2022-06-21
39, 6, 2015-07-19, 2016-03-30
122, 23, 2017-05-12, 2018-07-28
13, 19, 2017-04-06, 2018-06-27
46, 11, 2016-04-13, 2017-07-20
181, 15, 2020-02-25, 2020-10-15
102, 4, 2017-08-15, 2018-07-19
196, 3, 2021-11-11, 2022-12-08
58, 22, 2017-01-19, NULL
24, 15, 2019-10-14, 2020-02-29
187, 14, 2021-05-10, 2021-09-20
119, 14, 2020-03-08, 2021-02-11
132, 4, 2023-01-07, 2024-01-06
169, 30, 2016-11-14, 2018-03-08
119, 6, 2018-07-16, 2019-07-04
28, 8, 2018-04-01, 2018-06-13
189, 25, 2019-06-23, 2019-08-23
24, 14, 2019-10-23, 2020-04-09
91, 7, 2017-03-16, 2017-12-04
45, 30, 2022-01-03, 2023-03-24
31, 15, 2021-09-23, 2021-11-18
44, 20, 2017-10-12, NULL
97, 20, 2020-01-09, 2020-03-19
123, 28, 2021-07-19, 2022-08-23
182, 26, 2017-02-27, 2017-03-21
40, 18, 2022-11-13, 2023-08-12
162, 22, 2022-08-03, 2023-09-03
28, 2, 2021-10-31, NULL
199, 23, 2018-11-13, 2019-04-18
65, 26, 2023-05-12, 2023-07-23
123, 30, 2018-03-20, 2019-01-02
68, 14, 2016-11-23, 2017-05-27
197, 29, 2022-11-04, 2023-01-27
105, 19, 2015-09-19, 2015-12-15
167, 8, 2020-08-14, 2020-12-20
188, 25, 2020-03-19, 2021-01-25
178, 29, 2016-09-23, 2017-07-31
124, 18, 2015-09-15, 2016-01-30
124, 29, 2022-05-16, 2022-07-08
79, 9, 2019-12-12, 2021-04-19
144, 21, 2023-02-11, 2023-11-02
187, 12, 2018-11-30, 2019-01-29
170, 26, 2021-08-28, 2022-08-16
183, 30, 2017-11-26, 2019-03-14
2, 14, 2021-10-13, 2022-08-05
45, 5, 2022-10-06, 2022-12-24
173, 28, 2022-11-18, 2023-01-07
6, 13, 2021-09-24, 2022-09-12
23, 25, 2019-08-27, 2020-03-12
191, 6, 2021-06-12, 2021-06-24
106, 6, 2015-05-15, 2015-11-30
171, 23, 2017-12-27, 2018-04-19
31, 25, 2020-06-10, 2021-07-06
29, 10, 2021-11-10, 2022-08-13
22, 24, 2015-01-30, 2015-09-28
149, 24, 2015-11-26, 2016-11-16
189, 11, 2021-10-08, 2021-12-31
150, 14, 2018-04-09, 2018-11-03
176, 16, 2020-06-11, 2020-06-12
83, 5, 2021-09-05, 2022-05-30
133, 30, 2016-04-15, 2017-05-24
166, 22, 2019-05-27, 2020-06-04
191, 11, 2021-07-10, 2021-07-17
67, 9, 2023-05-26, NULL
10, 4, 2016-05-02, 2016-08-12
93, 12, 2015-11-25, 2016-04-02
11, 7, 2018-10-10, NULL
179, 18, 2019-01-11, 2019-12-27
178, 17, 2017-12-30, NULL
181, 28, 2023-02-27, 2024-06-08
190, 24, 2018-04-05, 2018-08-16
200, 11, 2017-07-09, NULL
81, 6, 2015-11-27, 2016-05-22
97, 27, 2019-12-06, 2021-01-25
10, 9, 2022-08-13, 2022-09-12
7, 13, 2017-06-14, 2018-01-17
187, 6, 2017-03-14, 2017-12-10
104, 21, 2018-08-13, 2019-10-01
103, 10, 2023-01-27, 2024-05-09
146, 23, 2015-04-06, 2015-05-25
133, 30, 2018-04-07, 2018-06-23
94, 14, 2017-04-26, 2017-06-04
112, 28, 2017-11-24, 2018-04-26
19, 11, 2020-10-26, 2021-01-13
66, 4, 2020-07-29, 2021-09-12
148, 22, 2020-07-10, NULL
35, 30, 2016-10-15, 2017-03-13
96, 9, 2017-03-03, 2017-06-28
112, 26, 2016-05-20, 2016-12-30
189, 16, 2022-01-31, 2023-02-23
102, 22, 2017-09-27, 2019-02-01
35, 8, 2017-08-16, 2018-09-25
134, 18, 2020-05-14, 2021-05-05
133, 2, 2016-04-19, 2016-11-04
156, 1, 2015-01-11, 2016-03-21
52, 9, 2020-11-14, 2021-11-23
98, 20, 2022-02-18, 2023-01-15
72, 23, 2021-09-11, 2022-09-15
62, 11, 2018-07-19, 2019-04-28
93, 29, 2020-01-09, 2020-09-07
22, 22, 2015-07-15, 2016-08-30
182, 4, 2018-03-21, 2018-05-13
128, 1, 2018-03-27, 2018-04-16
24, 19, 2015-08-26, 2017-01-07
116, 24, 2017-05-06, 2018-04-28
192, 1, 2021-09-08, 2022-06-23
22, 19, 2022-06-03, 2023-08-29
197, 28, 2016-04-06, 2016-12-21
143, 8, 2021-06-21, 2021-08-09
135, 20, 2018-04-24, 2019-07-24
90, 30, 2016-05-03, 2017-01-18
17, 4, 2021-06-09, 2021-11-10
111, 27, 2020-01-17, 2020-08-14
51, 21, 2019-01-17, 2019-02-20
20, 3, 2017-04-10, 2018-07-27
163, 28, 2022-11-24, NULL
92, 11, 2017-08-20, 2018-11-30
89, 5, 2022-09-30, 2022-10-09
81, 30, 2021-07-16, 2022-04-14
199, 22, 2020-02-20, 2021-05-17
169, 29, 2018-05-03, 2018-12-05
66, 9, 2023-01-26, 2024-02-27
48, 4, 2018-01-01, 2018-11-09
130, 4, 2017-10-23, 2018-12-03
130, 26, 2023-04-07, 2023-11-30
23, 21, 2017-06-21, 2018-07-03
200, 10, 2017-04-03, 2017-07-22
13, 10, 2020-07-27, 2021-05-17
73, 12, 2018-01-03, 2018-06-29
39, 1, 2015-09-07, 2015-11-08
198, 3, 2021-02-22, 2021-10-04
150, 17, 2017-05-30, 2017-10-15
1, 19, 2020-12-13, 2021-08-03
34, 23, 2020-03-05, 2021-07-05
119, 23, 2020-08-08, 2021-06-19
4, 14, 2017-03-11, 2017-05-26
180, 24, 2019-10-16, NULL
152, 17, 2021-09-18, 2022-12-28
53, 24, 2016-01-20, 2017-04-13
27, 7, 2021-09-13, 2022-04-11
196, 27, 2016-01-20, NULL
113, 17, 2021-02-06, 2022-02-27
165, 26, 2016-05-15, 2017-06-30
14, 6, 2018-06-23, 2018-11-09
49, 15, 2016-03-11, 2016-12-22
75, 18, 2016-08-11, 2017-02-28
148, 10, 2018-04-20, 2019-06-17
102, 19, 2016-12-15, 2018-01-08
10, 12, 2015-04-23, 2016-03-02
131, 16, 2016-05-01, 2016-06-24
143, 30, 2018-05-14, NULL
149, 9, 2019-04-18, NULL
40, 4, 2022-12-29, 2023-08-10
21, 10, 2021-12-03, 2022-01-09
64, 10, 2015-07-30, 2015-08-05
85, 20, 2015-04-30, 2015-12-05
132, 4, 2022-03-24, 2023-04-15
32, 10, 2023-04-09, 2024-06-05
171, 16, 2019-02-02, 2019-06-14
100, 1, 2015-01-26, 2015-07-19
68, 2, 2015-04-19, 2016-02-13
104, 23, 2022-03-28, 2023-04-10
81, 13, 2021-08-17, 2022-05-06
119, 1, 2020-11-25, 2022-02-16
186, 14, 2017-04-12, 2017-10-23
28, 17, 2017-02-22, NULL
5, 1, 2022-11-08, 2024-01-12
142, 27, 2020-01-26, 2020-03-19
27, 6, 2015-06-14, 2015-07-05
3, 15, 2016-06-25, 2016-08-27
55, 22, 2020-08-16, NULL
160, 25, 2017-06-13, NULL
156, 3, 2018-08-11, 2019-05-17
78, 16, 2017-07-30, 2018-03-20
51, 1, 2022-11-24, NULL
74, 8, 2021-09-02, 2022-01-17
24, 17, 2015-07-04, 2015-10-08
40, 13, 2022-09-02, 2023-09-21
173, 30, 2020-10-14, 2021-03-24
144, 27, 2015-10-22, 2016-05-01
132, 24, 2020-10-13, NULL
22, 25, 2016-03-22, 2017-01-18
199, 21, 2015-08-03, 2016-05-19
138, 8, 2015-02-08, 2015-10-06
182, 12, 2015-12-08, 2015-12-10
89, 16, 2018-11-27, 2019-08-17
185, 1, 2017-06-14, 2018-02-11
171, 19, 2020-06-11, 2021-01-31
138, 28, 2022-05-05, 2023-01-21
77, 26, 2018-10-11, 2020-01-10
194, 13, 2016-08-31, 2017-12-29
87, 19, 2016-02-26, 2016-04-12
191, 27, 2017-05-30, 2018-06-21
6, 12, 2015-03-03, 2016-01-06
60, 7, 2023-01-15, 2023-09-29
70, 21, 2016-04-29, 2017-03-15
42, 11, 2020-03-02, NULL
9, 27, 2015-10-11, 2016-02-06
164, 29, 2016-01-03, 2017-03-24
199, 14, 2018-02-18, 2018-09-08
91, 16, 2019-03-17, 2020-06-26
93, 20, 2019-11-08, 2019-12-19
80, 22, 2022-07-23, 2022-11-14
123, 14, 2022-10-10, 2024-02-16
102, 5, 2018-09-05, 2019-10-16
112, 1, 2015-04-15, 2015-11-25
127, 14, 2019-03-15, 2019-10-15
91, 1, 2015-09-10, 2015-10-31
76, 10, 2021-05-23, 2022-03-07
91, 2, 2016-01-29, 2016-11-07
43, 27, 2023-01-16, 2023-03-18
138, 23, 2018-02-21, 2018-07-24
19, 3, 2016-08-16, 2017-07-02
30, 12, 2022-08-13, 2022-09-10
139, 14, 2016-10-15, 2016-11-16
30, 8, 2020-03-14, 2020-03-26
80, 16, 2015-09-10, 2015-11-28
90, 28, 2022-04-07, 2023-06-10
139, 21, 2015-07-26, 2016-10-29
16, 10, 2023-01-09, 2024-03-09
144, 28, 2016-08-10, 2017-05-27
179, 20, 2016-08-27, 2016-09-27
22, 29, 2021-02-05, 2021-09-28
178, 14, 2022-03-15, 2023-07-21
86, 26, 2020-04-27, 2020-07-28
27, 24, 2017-12-10, 2018-04-25
65, 16, 2020-03-15, 2020-06-05
188, 15, 2017-08-31, NULL
177, 3, 2016-05-14, 2016-09-16
118, 27, 2019-04-15, 2020-04-13
27, 26, 2023-03-21, 2023-12-15
190, 7, 2017-06-30, NULL
102, 19, 2021-11-26, 2022-11-14
66, 11, 2020-11-21, 2021-01-28
36, 23, 2023-03-15, 2023-11-10
15, 6, 2016-09-20, 2017-10-10
141, 28, 2019-12-06, 2021-03-25
18, 27, 2016-09-27, 2017-12-04
39, 14, 2018-08-14, 2018-11-29
155, 22, 2015-11-19, 2017-03-23
5, 5, 2018-05-30, 2019-04-11
173, 16, 2018-04-08, 2018-07-19
43, 17, 2020-05-05, 2021-08-24
140, 26, 2015-03-17, NULL
48, 5, 2022-05-22, 2022-08-16
185, 13, 2021-07-09, 2021-12-26
109, 26, 2015-05-10, 2016-08-27
31, 21, 2015-07-09, 2016-06-16
106, 6, 2015-10-22, 2015-12-10
62, 9, 2019-05-21, NULL
105, 30, 2019-06-02, 2019-10-12
105, 22, 2016-05-05, 2016-11-12
85, 1, 2017-06-08, NULL
37, 13, 2022-01-02, 2022-06-17
106, 6, 2022-05-21, 2023-01-11
38, 28, 2022-01-24, 2022-10-20
138, 4, 2015-10-04, 2016-05-31
189, 22, 2015-03-25, 2015-10-20
178, 9, 2019-05-26, 2019-10-06
151, 24, 2023-04-05, 2024-01-17
80, 1, 2017-10-06, 2018-12-07
180, 11, 2017-09-25, 2018-02-09
78, 16, 2022-03-25, 2023-02-15
147, 4, 2018-07-12, 2018-12-19
157, 29, 2018-11-15, 2019-03-01
73, 10, 2015-12-07, 2016-02-06
70, 12, 2021-03-01, 2022-03-06
31, 12, 2021-02-14, 2021-11-03
39, 7, 2018-10-09, 2019-02-25
136, 1, 2017-06-22, 2018-02-20
32, 24, 2021-06-06, 2021-12-18
83, 13, 2016-12-21, 2017-02-07
15, 13, 2020-08-02, 2021-01-02
198, 5, 2019-12-13, 2020-12-29
52, 14, 2015-07-10, 2015-10-16
134, 20, 2021-07-06, 2022-11-12
195, 28, 2021-02-13, 2022-01-27
42, 8, 2016-11-08, 2017-08-30
138, 6, 2017-11-08, 2019-03-16
163, 12, 2022-12-21, 2023-12-07
4, 25, 2015-02-06, 2016-05-22
98, 29, 2023-02-24, 2023-06-21
59, 24, 2015-04-26, 2015-11-02
2, 21, 2022-06-08, 2022-07-18
157, 29, 2021-09-20, 2021-12-28
128, 21, 2022-07-04, 2022-09-01
123, 3, 2016-01-03, 2016-11-15
44, 1, 2022-11-11, 2023-05-17
21, 27, 2018-04-10, 2018-11-18
176, 22, 2020-06-23, 2020-11-13
92, 1, 2018-07-29, 2018-08-03
161, 25, 2020-07-13, 2021-01-15
193, 3, 2023-01-23, 2024-01-02
36, 11, 2015-01-26, 2015-12-25
141, 22, 2017-03-05, 2017-05-13
151, 27, 2019-06-23, 2020-06-19
37, 8, 2018-10-31, 2019-01-17
127, 12, 2017-10-19, 2018-10-08
81, 7, 2016-09-25, 2017-05-13
174, 21, 2020-02-06, 2020-09-28
139, 21, 2019-03-20, 2019-05-09
62, 27, 2019-07-12, 2020-06-18
52, 20, 2017-04-18, 2017-12-25
200, 5, 2016-05-23, 2017-04-12
193, 2, 2015-11-11, NULL
196, 20, 2022-05-13, 2022-12-22
97, 17, 2020-06-24, 2020-08-03
173, 20, 2017-03-13, 2017-08-14
71, 4, 2016-12-17, NULL
66, 16, 2016-11-09, 2017-04-08
85, 18, 2021-09-12, 2022-11-20
144, 17, 2022-09-12, 2023-12-31
123, 10, 2023-04-25, 2024-02-28
96, 8, 2021-01-12, 2021-09-29
30, 12, 2015-01-17, 2015-08-20
69, 22, 2018-07-29, 2019-03-12
193, 28, 2018-07-11, 2019-06-19
17, 10, 2018-06-02, NULL
42, 28, 2022-09-23, 2023-08-03
199, 24, 2017-05-28, 2017-10-23
77, 28, 2015-08-12, 2015-09-14
128, 25, 2017-06-03, 2018-06-29
42, 7, 2021-03-17, 2022-07-01
101, 1, 2019-01-19, 2020-04-14
101, 12, 2023-05-10, NULL
47, 23, 2022-01-09, 2022-10-28
162, 14, 2022-05-01, 2022-09-13
170, 15, 2021-01-23, 2021-04-02
82, 29, 2016-08-22, 2017-11-09
165, 7, 2020-05-05, 2020-09-29
87, 26, 2017-12-20, 2018-06-10
183, 12, 2017-04-22, 2017-09-26
183, 7, 2022-07-29, 2022-12-07
25, 20, 2019-09-22, 2020-05-28
71, 28, 2017-08-08, 2017-11-14
105, 17, 2021-04-28, 2022-07-28
129, 29, 2022-07-18, 2022-08-08
195, 2, 2019-09-23, 2020-02-10
173, 30, 2021-11-14, 2022-07-02
97, 29, 2017-03-15, 2017-04-16
85, 10, 2020-06-14, 2020-08-02
199, 21, 2017-07-04, 2018-01-26
30, 27, 2016-08-13, 2016-12-09
85, 4, 2021-10-21, 2022-02-15
3, 7, 2016-02-15, 2017-03-16
118, 7, 2020-04-15, 2020-08-29
49, 20, 2018-02-04, 2018-05-07
169, 29, 2016-03-22, 2017-06-19
135, 17, 2019-09-12, 2020-06-06
36, 11, 2016-09-19, 2017-11-10
127, 21, 2016-10-17, 2017-05-29
41, 15, 2015-07-10, 2016-05-03
122, 30, 2015-04-14, NULL
186, 27, 2016-12-05, 2017-12-29
83, 21, 2018-07-08, 2018-08-16
133, 15, 2019-08-24, 2019-10-02
147, 4, 2019-02-10, NULL
47, 12, 2019-03-06, 2019-12-03
50, 16, 2019-12-07, 2020-08-11
34, 27, 2016-09-13, NULL
83, 12, 2016-12-06, 2018-03-04
113, 30, 2019-04-11, 2020-03-12
170, 13, 2022-07-23, 2022-12-28
16, 20, 2017-10-10, 2019-01-09
134, 8, 2022-03-13, 2023-06-07
10, 6, 2020-02-13, 2020-07-27
158, 11, 2019-01-27, 2020-06-05
192, 14, 2015-10-20, 2016-09-22
39, 2, 2021-04-01, NULL
39, 17, 2021-10-04, 2022-05-10
123, 14, 2016-09-25, 2017-04-06
197, 28, 2018-08-11, 2019-06-19
80, 5, 2022-12-09, 2024-01-08
63, 1, 2018-09-27, 2018-11-05
34, 26, 2022-06-16, 2023-05-12
9, 25, 2016-08-29, 2016-11-09
10, 13, 2017-01-16, 2018-01-12
155, 10, 2020-09-24, 2021-11-20
19, 21, 2020-07-19, 2021-05-13
19, 26, 2022-09-09, 2022-11-15
102, 25, 2022-09-14, 2023-02-03
155, 10, 2018-10-04, 2019-04-18
4, 20, 2016-12-19, 2017-03-20
185, 8, 2023-01-11, 2024-01-20
54, 1, 2022-07-21, 2023-03-24
124, 25, 2021-04-22, 2021-09-21
31, 23, 2022-03-06, 2023-04-17
127, 14, 2020-07-21, 2021-02-22
186, 11, 2023-05-20, 2024-08-18
106, 5, 2019-02-02, 2019-07-27
27, 22, 2022-12-11, 2024-03-27
82, 12, 2017-12-04, 2018-10-31
197, 29, 2020-12-19, 2020-12-25
195, 10, 2022-10-27, 2023-02-10
185, 24, 2016-11-16, 2016-11-23
112, 3, 2022-11-03, 2024-03-07
184, 21, 2020-05-17, 2021-06-13
129, 19, 2019-10-16, 2020-01-29
172, 27, 2016-02-15, 2017-02-14
194, 15, 2021-12-06, 2022-08-10
152, 12, 2020-02-26, 2020-09-05
194, 8, 2022-12-22, 2023-10-15
157, 20, 2018-01-26, 2018-03-20
33, 2, 2016-06-21, 2017-02-24
116, 18, 2018-03-01, 2019-01-24
101, 22, 2022-08-25, 2023-03-09
69, 30, 2022-05-12, 2022-08-26
106, 7, 2015-05-06, 2015-12-10
127, 3, 2019-11-22, 2020-06-11
44, 20, 2020-06-29, 2021-03-26
106, 29, 2016-08-16, 2016-09-06
92, 17, 2022-01-15, 2022-11-16
119, 19, 2018-12-01, 2019-02-01
19, 21, 2022-11-05, 2023-02-25
95, 28, 2022-09-09, 2023-09-09
28, 18, 2021-07-17, 2022-01-09
3, 26, 2016-04-16, 2017-05-26
157, 19, 2019-03-26, 2020-04-17
19, 27, 2015-05-26, 2016-01-31
178, 3, 2019-07-26, 2019-12-03
173, 14, 2022-04-02, 2023-05-21
45, 15, 2021-03-04, 2021-11-07
75, 7, 2022-09-18, 2023-08-02
183, 12, 2023-02-04, 2024-03-23
169, 12, 2019-02-28, 2019-07-08
199, 14, 2019-02-18, NULL
121, 30, 2019-06-03, 2019-10-08
197, 5, 2015-02-16, 2015-05-27
88, 8, 2021-06-17, 2022-07-23
77, 4, 2021-02-10, 2022-03-07
73, 7, 2018-08-12, 2018-11-01
149, 21, 2023-04-13, 2024-03-05
42, 12, 2023-05-21, 2024-08-03
199, 3, 2018-12-20, 2020-03-31
8, 27, 2020-04-01, 2020-10-16
5, 3, 2015-10-23, 2016-11-08
144, 24, 2019-03-29, 2020-02-07
93, 9, 2018-04-08, 2019-03-10
136, 10, 2021-02-14, 2021-10-07
108, 9, 2018-03-04, 2018-03-18
132, 7, 2015-06-10, 2016-03-21
49, 11, 2019-01-30, 2020-05-08
149, 12, 2016-01-16, 2017-04-15
123, 19, 2022-08-29, 2023-08-30
49, 7, 2020-04-29, 2020-08-25
66, 6, 2016-04-14, NULL
152, 15, 2022-05-06, 2023-04-06
30, 23, 2021-08-01, 2021-08-21
152, 27, 2018-02-14, 2018-11-02
128, 29, 2020-07-17, 2021-01-06
59, 3, 2019-06-17, 2019-10-24
11, 18, 2022-02-23, 2022-07-07
47, 11, 2016-09-02, 2016-11-02
171, 4, 2018-08-29, 2018-11-15
35, 7, 2019-05-14, 2020-06-28
16, 2, 2022-08-15, 2022-12-27
80, 18, 2022-11-16, 2023-09-26
48, 2, 2015-08-10, 2016-08-24
177, 15, 2015-04-22, 2015-12-15
91, 18, 2018-08-28, 2018-11-03
60, 5, 2021-01-07, 2022-02-12
4, 24, 2020-10-21, 2021-02-06
112, 7, 2017-05-30, 2018-05-13
4, 1, 2015-01-18, 2016-01-16
195, 14, 2022-04-21, 2022-07-18
17, 18, 2021-06-09, 2021-10-18
75, 5, 2018-05-11, 2018-09-22
141, 11, 2017-06-05, 2018-02-12
67, 4, 2022-06-07, 2022-11-15
161, 14, 2017-05-21, 2018-05-05
134, 24, 2016-11-25, 2017-03-01
155, 10, 2022-07-18, 2023-01-12
18, 29, 2018-09-06, 2019-07-18
143, 22, 2015-05-08, 2016-04-24
183, 8, 2022-05-26, 2022-09-27
40, 26, 2018-04-21, 2018-10-08
13, 17, 2021-09-14, 2022-06-01
122, 16, 2020-02-27, 2020-11-15
51, 19, 2022-02-14, 2022-09-08
181, 1, 2020-07-12, 2021-03-04
138, 12, 2017-06-18, 2018-01-04
16, 21, 2018-12-20, 2019-03-24
179, 5, 2022-09-16, NULL
142, 14, 2015-10-11, 2017-02-12
27, 8, 2022-03-21, 2023-03-30
197, 22, 2020-12-08, 2021-04-01
144, 22, 2019-12-20, 2020-04-07
91, 13, 2021-12-27, 2022-04-11
66, 23, 2015-05-25, 2016-03-31
49, 5, 2015-04-08, 2015-05-02
83, 12, 2018-02-05, 2019-05-23
177, 2, 2018-09-08, 2019-12-04
156, 6, 2022-09-16, 2023-12-03
129, 27, 2017-12-18, 2018-01-20
197, 21, 2018-01-28, 2019-04-05
7, 7, 2018-06-03, 2018-11-13
184, 25, 2020-04-14, 2021-01-16
78, 1, 2016-08-14, 2016-09-01
84, 3, 2020-07-08, 2021-04-16
128, 2, 2020-05-19, 2021-04-03
188, 17, 2018-04-11, 2018-05-21
118, 3, 2019-03-01, 2019-03-19
18, 15, 2021-07-23, 2022-07-07
92, 27, 2017-04-17, 2018-06-18
83, 29, 2019-08-23, 2020-07-08
1, 8, 2019-02-21, NULL
189, 10, 2019-07-30, 2020-05-30
16, 18, 2015-12-05, 2016-10-13
191, 8, 2021-09-23, 2022-12-19
111, 2, 2021-11-01, 2022-06-11
195, 19, 2022-03-29, 2023-01-21
163, 18, 2018-10-04, 2019-12-26
188, 12, 2018-12-05, 2019-07-26
131, 28, 2017-03-19, 2018-07-21
162, 16, 2019-09-08, 2020-12-16
194, 17, 2016-08-12, 2016-10-26
151, 27, 2020-09-17, 2021-03-29
77, 29, 2015-06-23, 2015-08-09
163, 17, 2023-02-05, 2023-11-10
95, 16, 2021-01-28, 2022-05-18
100, 26, 2018-12-01, 2019-04-26
100, 9, 2019-04-22, 2019-04-29
51, 27, 2021-01-12, 2021-08-19
149, 26, 2018-05-21, 2019-01-08
188, 22, 2015-11-20, 2016-07-25
108, 15, 2022-05-28, 2023-04-01
187, 13, 2023-01-31, 2023-03-21
69, 13, 2023-03-24, 2023-09-07
6, 30, 2022-09-17, 2022-12-21
83, 20, 2019-12-17, 2020-02-09
7, 10, 2022-06-22, 2023-10-28
60, 8, 2020-07-04, 2021-08-08
119, 11, 2020-10-11, 2021-12-08
3, 25, 2018-09-23, 2018-12-08
129, 20, 2022-06-02, 2023-01-10
144, 17, 2016-05-14, 2016-06-13
173, 9, 2015-12-09, NULL
41, 29, 2022-06-15, 2023-03-24
194, 1, 2015-04-07, 2015-06-19
162, 23, 2016-03-18, 2016-05-06
105, 22, 2017-11-11, 2018-11-25
69, 12, 2015-11-01, 2017-01-29
51, 19, 2015-06-26, 2015-07-07
191, 19, 2022-01-04, 2022-06-04
63, 29, 2019-09-09, 2020-10-25
130, 14, 2021-06-03, 2021-08-30
48, 4, 2016-06-13, 2016-09-14
85, 25, 2018-07-10, 2018-09-14
160, 3, 2019-07-01, NULL
159, 4, 2021-08-11, 2021-10-10
157, 18, 2015-01-02, 2015-05-28
161, 12, 2016-05-04, 2017-04-01
200, 4, 2018-06-21, NULL
171, 24, 2018-07-03, 2018-10-10
85, 27, 2019-06-14, 2020-09-01
188, 25, 2019-06-29, 2019-07-01
145, 6, 2016-03-23, 2017-04-16
115, 17, 2019-02-12, NULL
187, 9, 2023-05-29, 2023-12-17
155, 21, 2018-02-19, 2019-05-06
82, 16, 2021-10-11, 2022-11-03
122, 21, 2022-03-02, 2022-03-11
53, 12, 2019-11-11, 2019-11-26
68, 14, 2022-06-09, 2022-11-20
184, 17, 2015-11-07, 2016-07-23
126, 9, 2021-09-25, 2022-05-01
3, 20, 2015-04-01, 2016-07-26
77, 30, 2019-07-15, 2020-03-07
128, 30, 2016-12-18, 2017-06-25
158, 29, 2020-07-29, 2021-10-05
173, 26, 2016-07-19, 2017-03-04
33, 11, 2022-08-25, 2023-12-25
182, 18, 2021-02-25, 2021-05-20
83, 19, 2021-10-25, 2023-02-02
66, 19, 2021-06-17, 2022-09-25
15, 21, 2021-11-16, 2022-10-20
138, 27, 2018-11-26, 2018-12-16
69, 16, 2020-12-12, 2021-08-04
10, 24, 2019-09-27, 2020-11-19
46, 12, 2023-04-24, 2024-03-28
88, 11, 2021-07-10, 2022-07-19
161, 1, 2017-08-29, 2018-05-04
193, 16, 2017-09-10, 2018-01-30
84, 17, 2020-06-14, 2021-07-20
178, 25, 2017-08-28, 2017-12-06
12, 22, 2017-02-26, 2017-08-07
149, 16, 2017-11-16, 2017-12-24
178, 16, 2019-03-16, 2019-10-22
116, 29, 2019-10-28, 2020-08-02
87, 13, 2018-01-06, NULL
96, 2, 2018-10-29, 2019-10-10
196, 17, 2017-02-09, 2017-09-28
190, 1, 2023-03-06, 2024-05-22
162, 23, 2015-05-02, 2015-07-20
43, 6, 2016-11-05, 2017-07-11
160, 13, 2019-01-20, 2019-03-14
140, 30, 2023-03-09, 2023-09-28
190, 25, 2021-01-29, 2021-03-23
162, 10, 2016-03-22, 2016-07-25
39, 2, 2018-04-03, 2018-09-16
134, 5, 2021-02-17, 2022-04-24
39, 23, 2022-10-11, 2024-01-17
62, 4, 2022-12-30, 2023-03-09
147, 2, 2017-03-28, 2017-06-28
159, 23, 2022-11-13, 2023-02-26
74, 2, 2016-09-29, 2017-03-15
146, 18, 2017-11-17, 2017-12-04
45, 28, 2020-07-05, 2021-05-10
78, 26, 2017-03-16, 2017-03-29
36, 27, 2017-08-15, 2018-04-15
159, 1, 2019-01-31, 2019-08-07
29, 21, 2015-02-28, NULL
125, 6, 2015-02-02, 2015-11-10
146, 22, 2023-02-21, 2023-08-23
58, 23, 2018-09-08, 2018-11-02
167, 24, 2015-03-03, 2015-05-09
50, 24, 2022-03-08, 2022-10-19
36, 21, 2020-04-25, 2021-03-13
122, 20, 2021-12-14, 2023-02-25
127, 9, 2021-02-21, 2021-06-23
49, 20, 2020-10-13, 2021-04-26
8, 25, 2022-01-11, NULL
106, 29, 2015-02-21, 2015-11-19
198, 6, 2016-08-27, 2017-01-17
116, 21, 2019-10-16, 2019-11-21
141, 16, 2016-12-24, 2018-04-29
24, 9, 2020-08-05, 2020-12-11
55, 28, 2022-08-24, 2022-11-10
93, 24, 2022-02-02, 2022-02-27
107, 3, 2022-10-30, 2024-02-13
124, 21, 2018-01-12, 2019-05-15
172, 4, 2020-10-17, 2022-02-16
79, 27, 2018-06-06, 2019-05-31
69, 22, 2018-11-12, 2019-05-09
78, 20, 2021-02-27, 2021-07-08
164, 27, 2021-05-14, 2021-12-18
132, 11, 2018-11-23, 2019-08-24
58, 10, 2020-05-31, 2020-12-04
49, 13, 2016-01-20, 2016-04-06
137, 6, 2016-10-25, 2017-08-18
116, 19, 2020-09-30, 2021-09-17
3, 3, 2022-07-04, 2023-01-07
113, 26, 2018-02-23, 2018-06-10
96, 30, 2015-07-21, 2016-05-04
1, 15, 2021-01-23, 2021-08-28
183, 1, 2015-05-22, 2015-09-07
134, 4, 2018-07-16, 2019-07-05
56, 29, 2020-09-27, 2020-10-14
98, 17, 2018-10-03, 2019-09-19
66, 24, 2021-03-11, 2022-02-05
107, 1, 2023-04-27, 2023-05-17
170, 3, 2017-05-07, 2018-08-11
3, 28, 2023-02-17, 2023-07-24
113, 3, 2015-06-09, 2016-08-06
179, 27, 2021-04-06, 2022-06-13
39, 4, 2017-03-30, 2017-04-25
142, 10, 2020-11-02, 2021-12-29
158, 4, 2016-02-15, 2017-03-31
1, 30, 2015-09-22, 2015-10-19
171, 2, 2015-02-21, 2015-06-12
88, 4, 2016-05-06, 2016-11-30
161, 28, 2023-03-19, 2023-04-09
84, 12, 2016-09-06, 2017-12-06
102, 11, 2022-10-22, 2023-01-08
134, 26, 2020-11-03, 2020-11-27
177, 15, 2017-11-28, 2018-10-16
13, 17, 2022-05-21, 2022-07-23
153, 30, 2022-08-21, 2023-01-18
179, 29, 2016-10-08, 2016-12-07
112, 13, 2016-03-11, 2017-05-21
89, 12, 2018-02-08, 2019-06-10
103, 9, 2022-09-29, 2023-07-02
76, 10, 2020-03-23, 2021-05-06
169, 15, 2020-07-17, 2021-05-09
106, 22, 2016-03-05, 2016-04-17
173, 21, 2018-07-12, 2019-04-09
161, 2, 2016-05-21, 2016-07-21
165, 24, 2019-08-18, NULL
88, 5, 2018-03-23, 2019-07-25
2, 11, 2019-10-18, 2020-03-21
31, 10, 2019-09-05, 2020-07-30
98, 9, 2022-10-13, 2023-03-25
125, 6, 2023-04-03, 2023-11-07
90, 6, 2019-03-03, 2020-02-29
151, 27, 2016-10-01, 2016-12-25
181, 3, 2023-01-07, 2023-08-30
53, 3, 2021-10-06, 2022-09-28
118, 30, 2016-06-03, 2017-08-02
9, 28, 2021-07-31, 2022-08-18
8, 22, 2022-11-25, 2023-12-29
132, 15, 2015-03-29, 2015-11-25
84, 24, 2016-03-08, 2017-06-21
113, 11, 2022-10-23, 2023-01-20
195, 6, 2016-10-06, 2017-05-20
52, 22, 2018-01-01, 2018-09-29
189, 30, 2021-04-03, 2021-08-16
176, 23, 2020-09-01, 2021-09-27
145, 6, 2016-11-23, 2018-01-27
76, 3, 2020-04-30, NULL
34, 3, 2015-02-14, 2016-01-11
63, 23, 2016-01-20, 2017-01-07
127, 3, 2022-08-17, 2023-01-12
133, 28, 2019-07-02, 2020-04-27
6, 17, 2020-02-16, 2021-06-27
199, 18, 2019-08-10, 2020-02-29
190, 28, 2015-03-06, 2015-04-01
153, 9, 2021-06-25, 2021-12-13
120, 23, 2020-12-16, NULL
145, 7, 2022-11-16, 2023-10-18
28, 16, 2019-04-22, 2019-08-23
87, 5, 2018-04-10, 2018-12-05
108, 26, 2017-07-05, 2017-12-20
5, 6, 2019-08-15, 2019-12-10
6, 6, 2022-11-29, 2024-03-26
187, 19, 2018-09-24, 2018-12-10
169, 28, 2021-05-29, 2022-08-07
9, 20, 2015-12-13, 2016-04-13
66, 17, 2019-11-23, 2021-01-28
194, 27, 2017-06-13, 2017-06-17
116, 2, 2022-05-25, 2022-10-02
74, 16, 2018-05-16, 2018-12-23
9, 26, 2016-05-02, 2016-07-04
32, 20, 2022-09-25, NULL
8, 12, 2019-04-11, 2020-01-06
195, 14, 2023-04-23, 2023-08-15
85, 6, 2019-07-11, NULL
62, 5, 2022-02-05, 2022-12-29
126, 18, 2017-01-21, 2017-10-15
100, 26, 2017-09-13, 2018-02-15
44, 7, 2023-01-30, NULL
150, 5, 2022-08-07, NULL
135, 27, 2021-06-04, 2021-09-12
135, 2, 2021-11-04, 2023-03-13
173, 13, 2017-10-16, 2018-11-29
59, 2, 2015-02-02, 2015-11-08
137, 18, 2019-09-23, 2020-05-08
152, 25, 2018-02-11, 2018-07-21
69, 29, 2016-04-30, 2016-09-09
148, 8, 2016-04-06, 2016-12-10
160, 13, 2022-03-30, 2023-04-05
175, 21, 2018-03-17, 2019-07-17
117, 14, 2022-06-27, 2023-06-15
172, 17, 2017-01-09, 2017-05-06
177, 11, 2018-03-19, NULL
49, 11, 2018-07-30, 2019-03-13
83, 14, 2017-12-30, 2018-04-19
116, 29, 2017-11-29, 2018-03-15
147, 3, 2019-03-10, 2020-07-21
96, 20, 2022-12-19, 2023-10-10
54, 29, 2022-12-16, 2023-06-29
88, 22, 2019-06-22, 2019-10-08
176, 18, 2022-08-26, 2023-10-13
92, 11, 2021-08-04, 2022-07-17
17, 15, 2021-05-15, 2022-05-16
13, 8, 2016-12-12, 2016-12-21
126, 20, 2018-03-26, 2018-04-07
59, 22, 2015-11-30, 2016-06-14
129, 13, 2022-03-23, 2022-08-06
46, 29, 2017-10-08, 2019-01-05
184, 10, 2021-01-27, 2022-05-14
125, 29, 2017-12-06, 2018-03-07
57, 15, 2017-03-25, NULL
100, 15, 2023-03-12, 2023-08-27
136, 8, 2019-07-22, 2019-08-07
69, 26, 2016-11-15, 2017-04-18
172, 15, 2017-02-04, 2017-09-07
179, 7, 2019-09-27, 2020-09-02
123, 21, 2021-05-31, 2021-12-16
162, 2, 2017-02-04, 2018-06-17
50, 21, 2022-06-25, 2022-08-07
102, 5, 2015-10-14, 2016-01-21
90, 23, 2019-04-29, 2020-07-01
161, 29, 2018-01-12, 2018-05-05
80, 28, 2018-10-19, NULL
21, 21, 2017-01-10, 2018-05-03
194, 19, 2016-05-15, 2016-10-04
85, 29, 2016-05-09, 2016-06-22
73, 7, 2015-11-07, 2016-09-12
136, 20, 2020-12-24, 2021-12-09
92, 26, 2023-05-20, 2023-06-04
141, 18, 2019-03-01, 2019-10-31
69, 18, 2021-08-12, 2021-08-21
74, 1, 2020-05-06, 2020-10-20
59, 20, 2016-06-19, 2016-11-15
30, 25, 2018-02-12, 2018-08-05
179, 9, 2018-03-25, 2019-05-27
98, 17, 2022-06-16, 2022-08-19
141, 20, 2017-05-14, 2017-12-03
60, 7, 2020-11-02, 2021-07-22
36, 28, 2021-05-17, 2021-09-19
49, 15, 2023-05-16, 2024-02-02
149, 25, 2015-11-15, 2016-04-29
14, 25, 2016-08-10, 2016-10-23
113, 21, 2022-04-15, 2022-07-18
71, 1, 2015-02-20, 2015-08-24
55, 14, 2022-08-07, 2022-12-25
4, 18, 2022-10-11, 2023-09-26
125, 14, 2022-04-11, 2022-07-04
66, 21, 2018-12-06, 2020-02-14
61, 15, 2018-11-11, 2018-11-14
63, 24, 2018-02-03, 2018-08-10
19, 11, 2021-03-13, 2021-10-30
34, 10, 2020-07-01, 2021-02-24
105, 4, 2018-05-29, 2018-10-19
84, 30, 2017-03-26, 2017-09-21
72, 25, 2018-10-10, 2018-10-17
76, 13, 2022-06-21, 2022-06-25
113, 16, 2015-09-01, 2016-04-10
110, 1, 2019-01-30, 2020-02-02
30, 30, 2021-08-17, 2022-12-30
7, 24, 2019-06-07, 2020-02-12
111, 25, 2023-02-04, 2024-04-06
138, 1, 2015-10-20, 2015-11-19
7, 28, 2020-01-14, 2020-03-14
164, 5, 2022-06-23, 2022-09-28
126, 4, 2022-01-08, 2022-11-22
193, 26, 2015-11-20, 2017-03-15
46, 9, 2015-01-27, 2016-02-29
29, 30, 2022-08-14, 2023-03-19
1, 2, 2019-05-08, NULL
142, 30, 2022-01-29, NULL
177, 8, 2022-11-15, 2023-03-10
65, 17, 2022-08-07, 2022-09-14
25, 15, 2018-11-29, 2019-12-10
88, 2, 2021-04-25, NULL
165, 24, 2020-04-12, 2020-10-05
61, 26, 2018-08-02, 2019-11-05
32, 21, 2017-09-18, 2018-02-03
64, 21, 2016-01-16, 2017-01-03
23, 6, 2023-03-18, 2024-02-19
62, 24, 2018-07-21, 2019-05-13
145, 22, 2016-03-02, 2017-07-12
69, 18, 2020-07-25, 2021-11-15
178, 28, 2015-09-25, 2016-12-21
100, 23, 2016-03-25, NULL
195, 24, 2019-05-23, 2019-09-09
129, 9, 2019-11-25, 2020-08-19
91, 23, 2023-02-15, 2024-01-23
112, 29, 2022-07-24, 2022-08-10
115, 24, 2015-07-14, NULL
46, 19, 2017-12-15, 2019-02-15
29, 11, 2015-07-23, 2016-09-25
24, 19, 2023-04-23, 2024-02-11
113, 29, 2019-11-12, 2020-04-30
45, 28, 2016-06-07, NULL
116, 7, 2015-10-10, 2015-12-02
56, 3, 2020-09-06, 2021-01-14
50, 28, 2016-05-18, 2017-01-08
70, 29, 2015-12-26, NULL
33, 26, 2022-08-26, 2023-07-19
184, 28, 2015-01-31, 2015-02-26
32, 7, 2018-02-14, NULL
77, 3, 2015-09-12, 2016-05-31
163, 14, 2020-08-12, 2021-07-07
70, 17, 2022-07-03, 2022-07-17
167, 6, 2016-08-08, 2017-01-17
142, 19, 2021-11-23, 2022-08-05
158, 23, 2022-11-17, NULL
74, 23, 2021-12-14, 2023-02-12
52, 9, 2022-07-16, 2022-11-23
116, 6, 2019-11-30, 2020-12-08
152, 26, 2020-09-17, 2020-09-28
33, 27, 2015-03-22, 2016-05-05
196, 20, 2021-01-31, NULL
185, 5, 2021-05-21, 2021-10-04
152, 15, 2018-06-07, 2019-03-09
91, 3, 2021-08-08, 2022-04-23
117, 28, 2020-08-08, 2021-04-18
174, 30, 2019-08-26, 2020-05-27
100, 24, 2018-01-29, 2018-12-26
186, 2, 2019-10-28, 2020-05-24
25, 16, 2015-04-30, 2016-04-27
170, 23, 2018-04-23, 2018-12-20
148, 23, 2018-09-25, 2020-01-21
60, 16, 2016-06-19, 2017-02-21
32, 15, 2017-09-23, 2017-11-14
95, 28, 2016-07-07, 2017-08-22
35, 23, 2019-10-04, 2021-01-02
85, 12, 2022-08-09, 2022-10-22
62, 23, 2016-04-06, 2017-03-31
66, 29, 2019-11-22, 2019-12-30
95, 3, 2018-01-19, 2018-03-28
178, 13, 2021-06-05, 2021-10-19
24, 22, 2016-12-15, 2018-01-29
150, 22, 2023-04-25, 2024-08-04
179, 4, 2021-09-13, 2022-06-04
52, 28, 2018-01-02, NULL
174, 7, 2015-06-01, 2016-08-26
177, 5, 2016-03-30, NULL
137, 17, 2022-07-18, 2022-11-25
97, 2, 2022-10-22, 2023-09-17
20, 30, 2020-04-28, 2020-12-07
135, 13, 2015-04-01, 2015-10-12
108, 15, 2022-01-11, 2022-08-03
33, 14, 2020-01-01, 2020-11-27
183, 1, 2019-10-26, NULL
188, 9, 2017-11-10, NULL
126, 20, 2017-01-11, 2018-05-12
50, 11, 2017-05-31, 2017-07-13
82, 8, 2015-08-13, 2016-07-04
46, 11, 2020-03-31, 2021-07-25
159, 4, 2016-03-21, 2016-08-12
122, 9, 2020-09-10, 2021-01-24
70, 14, 2015-09-26, 2016-08-24
91, 22, 2019-07-19, 2019-09-22
81, 30, 2017-04-23, 2018-05-07
32, 12, 2018-09-07, 2019-12-23
165, 29, 2019-03-10, 2019-10-18
185, 11, 2022-08-24, 2023-12-11
17, 6, 2019-12-05, 2020-11-07
128, 11, 2019-05-10, 2019-09-20
62, 11, 2019-02-06, 2020-04-11
33, 9, 2020-05-14, 2021-04-18
20, 15, 2015-11-09, 2016-03-24
151, 15, 2016-07-26, 2016-12-07
95, 15, 2021-01-22, 2021-11-06
96, 14, 2020-04-11, 2021-03-31
21, 15, 2016-07-14, 2017-01-10
117, 22, 2015-04-04, 2016-06-17
82, 13, 2019-07-30, 2020-03-31
37, 20, 2018-07-11, 2019-05-09
182, 4, 2020-06-08, NULL
200, 10, 2019-10-01, 2020-05-12
54, 14, 2018-08-19, 2018-12-15
28, 7, 2017-12-06, NULL
75, 26, 2015-11-15, 2016-03-17
17, 29, 2015-06-27, 2016-10-06
25, 17, 2023-02-17, 2023-08-30
179, 16, 2015-07-20, 2016-06-27
97, 21, 2019-12-23, 2020-12-12
77, 13, 2017-10-14, 2018-06-23
107, 18, 2022-01-27, 2023-03-30
64, 19, 2020-04-04, 2021-05-22
121, 11, 2017-10-27, 2018-08-30
166, 28, 2018-07-16, 2019-01-28
63, 17, 2017-10-15, 2018-02-05
103, 30, 2017-07-01, 2017-11-10
36, 8, 2016-01-08, 2017-03-19
81, 2, 2019-01-04, 2019-07-09
41, 25, 2020-02-29, 2020-07-04
10, 6, 2017-12-31, 2019-02-01
111, 11, 2018-03-02, 2018-09-02
73, 9, 2020-07-28, 2021-10-01
119, 11, 2023-05-16, 2023-06-08
172, 24, 2018-09-14, 2019-10-29
63, 19, 2022-11-14, 2023-10-23
43, 29, 2021-05-14, 2021-06-24
130, 5, 2021-12-10, 2022-11-20
108, 21, 2019-03-26, 2020-04-25
177, 29, 2016-01-06, 2017-03-27
172, 6, 2020-03-03, 2020-12-21
45, 21, 2020-07-08, 2020-08-24
101, 15, 2016-12-16, 2017-01-05
174, 15, 2021-04-14, 2022-03-09
46, 19, 2021-05-06, 2022-04-27
33, 11, 2015-05-07, 2015-06-01
153, 7, 2020-01-13, 2020-07-20
8, 9, 2015-01-24, 2016-05-14
1, 19, 2023-02-04, 2024-04-23
136, 25, 2018-04-01, 2018-05-25
158, 28, 2015-04-05, 2015-06-27
114, 27, 2017-07-03, 2018-05-24
122, 22, 2015-11-04, 2017-02-14
75, 8, 2018-06-26, 2018-11-25
76, 1, 2020-06-21, NULL
197, 16, 2023-02-06, 2023-11-20
197, 1, 2018-04-26, NULL
128, 15, 2021-09-22, 2021-10-16
44, 21, 2019-04-02, 2019-12-21
10, 12, 2022-04-27, 2022-06-07
52, 9, 2020-09-13, 2021-05-23
160, 2, 2022-01-21, 2022-02-20
19, 21, 2021-08-08, 2021-09-01
10, 3, 2016-11-14, 2017-08-04
186, 30, 2022-03-13, 2023-03-21
126, 5, 2022-05-20, NULL
176, 11, 2018-10-21, 2019-11-15
185, 1, 2018-03-19, 2019-03-06
146, 27, 2020-04-06, 2021-02-04
115, 10, 2016-08-29, 2017-05-05
84, 19, 2015-05-25, 2015-08-14
62, 10, 2017-04-28, 2017-12-13
193, 25, 2017-09-03, 2018-06-05
118, 6, 2020-02-26, 2020-12-22
150, 27, 2020-03-30, 2020-08-07
27, 20, 2021-12-03, 2022-05-30
93, 17, 2016-06-07, 2016-08-10
162, 18, 2016-02-21, 2017-06-28
131, 13, 2015-01-15, 2015-11-12
167, 9, 2021-08-23, 2022-09-22
70, 9, 2017-07-05, 2018-04-09
196, 27, 2015-08-26, 2015-10-14
11, 11, 2018-10-10, 2018-12-20
137, 28, 2020-10-12, 2021-08-20
189, 23, 2017-07-22, 2017-08-13
184, 3, 2020-04-24, NULL
50, 10, 2020-03-12, 2020-09-19
134, 23, 2017-04-19, 2017-08-12
114, 18, 2022-06-02, 2023-05-20
148, 25, 2019-08-27, 2020-05-26
120, 12, 2023-04-18, 2024-04-28
27, 3, 2020-05-31, 2021-08-14
25, 15, 2019-09-14, 2020-08-25
76, 2, 2020-06-19, 2021-03-22
98, 11, 2021-12-12, 2022-08-20
153, 10, 2016-01-24, 2017-02-01
7, 7, 2020-11-03, 2020-12-22
135, 13, 2019-04-13, 2020-05-16
150, 29, 2023-03-26, 2023-07-21
6, 8, 2017-03-13, 2017-04-09
83, 22, 2021-06-03, 2022-09-22
81, 30, 2018-10-14, 2019-05-06
85, 11, 2019-05-10, 2020-08-10
42, 14, 2019-12-29, 2020-02-29
4, 11, 2023-02-15, 2024-02-08
188, 17, 2023-01-08, 2023-10-24
182, 25, 2022-06-11, 2023-06-27
101, 17, 2018-09-24, NULL
95, 20, 2021-05-25, 2022-03-18
84, 19, 2017-02-12, 2017-09-18
143, 18, 2016-05-16, 2016-07-18
187, 23, 2015-01-30, 2015-09-25
159, 12, 2020-02-26, 2021-06-26
80, 4, 2015-04-14, 2016-06-11
18, 22, 2018-07-11, 2019-01-21
22, 9, 2015-07-24, 2016-09-22
54, 15, 2021-03-31, 2021-09-01
157, 7, 2020-11-27, NULL
199, 17, 2016-08-27, 2017-11-13
9, 5, 2016-11-16, 2017-08-26
62, 1, 2018-05-14, 2018-07-18
126, 5, 2023-01-01, 2023-09-30
68, 4, 2015-04-05, 2015-05-30
191, 29, 2017-05-15, 2018-04-01
22, 12, 2016-02-18, 2017-01-01
3, 10, 2018-05-29, 2019-07-09
148, 29, 2015-10-27, 2016-01-27
43, 12, 2016-03-28, 2016-04-16
33, 23, 2015-05-25, NULL
33, 26, 2021-03-07, 2021-09-28
9, 29, 2015-11-24, 2016-09-08
16, 14, 2022-03-02, 2023-02-28
34, 6, 2020-01-14, 2021-03-10
152, 25, 2016-07-04, 2017-07-09
131, 16, 2022-07-06, NULL
62, 17, 2022-01-16, 2023-03-16
196, 4, 2018-05-27, 2019-02-21
4, 30, 2016-03-22, 2016-06-28
2, 30, 2021-04-05, NULL
106, 28, 2021-01-26, 2022-03-10
48, 5, 2022-07-24, NULL
193, 3, 2015-09-23, 2016-08-09
189, 3, 2015-08-15, 2016-04-07
43, 18, 2017-10-28, 2018-08-24
21, 23, 2019-07-27, 2020-10-04
141, 17, 2016-11-19, 2017-12-13
96, 22, 2020-09-21, 2020-10-03
73, 23, 2019-06-26, 2020-09-26
159, 23, 2017-03-02, 2017-03-06
70, 5, 2019-02-03, 2019-03-10
161, 16, 2019-03-14, 2019-07-29
153, 25, 2022-09-03, 2022-11-22
90, 26, 2017-09-21, 2017-11-23
134, 23, 2020-06-03, 2020-07-23
192, 20, 2023-02-01, 2024-06-15
189, 18, 2018-05-12, 2018-08-20
2, 5, 2017-06-08, 2018-04-08
109, 2, 2017-05-16, 2018-06-01
7, 1, 2015-01-08, 2015-06-01
23, 30, 2015-10-23, 2016-01-29
86, 25, 2020-08-05, 2021-11-15
98, 21, 2020-05-20, 2021-03-19
131, 15, 2018-03-02, 2018-03-29
55, 22, 2019-08-19, 2020-11-17
89, 28, 2023-01-20, 2023-08-31
102, 3, 2021-11-24, 2022-11-28
175, 9, 2015-02-13, 2015-02-14
102, 4, 2021-05-19, 2022-07-14
108, 10, 2015-04-15, NULL
16, 3, 2022-07-31, 2022-09-19
141, 10, 2015-01-29, 2016-05-17
41, 27, 2020-03-21, 2020-06-04
108, 5, 2023-02-11, 2024-04-02
31, 11, 2017-03-01, 2017-05-30
74, 21, 2015-08-04, 2015-10-19
178, 3, 2015-02-04, 2016-05-22
51, 24, 2020-06-24, 2020-08-03
69, 17, 2015-03-17, 2015-12-25
56, 30, 2019-01-14, NULL
139, 11, 2020-11-17, NULL
45, 27, 2022-08-31, 2023-08-09
135, 17, 2015-10-01, NULL
185, 30, 2020-09-08, NULL
155, 27, 2018-09-03, 2018-09-21
21, 12, 2020-12-07, 2020-12-22
114, 17, 2017-09-19, 2018-05-13
124, 14, 2021-08-20, 2022-01-20
131, 1, 2016-12-15, 2017-05-28
21, 14, 2021-12-28, 2022-09-30
17, 16, 2019-01-28, 2020-04-23
156, 29, 2020-08-03, 2020-09-09
120, 29, 2019-11-25, 2020-06-11
63, 3, 2020-11-14, 2021-01-08
62, 5, 2021-04-10, 2021-08-28
34, 7, 2022-07-24, 2022-10-18
174, 20, 2021-11-27, 2023-03-04
79, 22, 2018-02-02, 2018-04-28
127, 17, 2019-07-02, 2020-04-19
69, 26, 2020-08-09, 2020-11-11
95, 12, 2019-06-14, 2019-08-21
107, 15, 2020-02-18, 2021-04-28
120, 14, 2016-03-07, 2016-08-27
113, 20, 2023-04-08, 2024-04-09
110, 5, 2021-11-14, 2023-03-24
95, 19, 2021-12-23, 2022-04-14
104, 20, 2016-05-22, 2017-07-13
199, 25, 2019-05-26, 2019-06-07
109, 17, 2021-06-10, 2022-04-06
125, 26, 2018-07-31, NULL
111, 5, 2022-11-21, 2023-05-23
109, 20, 2019-01-18, 2019-10-11
32, 7, 2017-07-13, 2018-04-17
83, 10, 2019-12-26, 2020-06-30
18, 22, 2022-03-13, 2022-05-08
113, 27, 2023-04-30, 2024-02-05
83, 2, 2022-09-22, 2023-02-06
35, 16, 2022-11-15, 2023-08-15
56, 20, 2021-03-15, 2022-04-06
198, 24, 2017-01-09, 2017-12-06
185, 21, 2023-04-16, 2023-10-25
114, 25, 2018-07-06, 2018-10-10
178, 30, 2019-04-11, 2019-10-09
194, 20, 2016-03-20, 2017-02-26
57, 10, 2022-08-22, 2023-06-23
109, 19, 2015-07-08, 2015-12-16
103, 23, 2020-04-12, 2021-07-19
135, 9, 2015-10-16, 2016-02-20
172, 27, 2020-04-27, 2021-03-05
166, 1, 2018-01-31, 2018-02-05
116, 10, 2019-09-25, 2019-12-15
93, 29, 2019-12-08, 2020-07-12
104, 14, 2018-09-01, 2018-11-25
63, 3, 2018-01-10, 2018-07-05
17, 11, 2022-10-06, 2024-01-10
194, 22, 2021-11-26, 2022-05-03
15, 21, 2016-11-07, 2017-03-02
108, 8, 2022-08-07, 2023-04-28
31, 10, 2016-08-04, NULL
9, 3, 2018-08-13, 2018-11-28
181, 22, 2020-03-20, 2021-07-22
152, 20, 2016-12-18, 2017-09-07
34, 9, 2018-03-05, 2019-03-15
75, 27, 2021-07-16, 2022-10-08
93, 16, 2020-08-28, 2021-10-01
130, 8, 2020-09-30, 2021-09-02
189, 6, 2020-01-25, 2021-01-07
168, 24, 2018-04-04, 2019-07-03
29, 4, 2023-05-29, 2024-06-23
34, 12, 2022-12-16, 2024-02-18
43, 18, 2022-03-15, 2022-11-17
18, 27, 2020-03-07, 2020-12-27
173, 15, 2020-06-25, 2021-01-04
42, 11, 2023-04-13, 2023-10-12
112, 22, 2017-02-18, 2017-03-25
66, 17, 2023-01-27, 2023-08-03
152, 15, 2021-02-11, 2022-04-11
116, 29, 2022-01-19, 2022-05-30
2, 8, 2023-02-12, 2024-06-10
46, 24, 2018-07-05, 2019-02-14
44, 5, 2023-02-19, NULL
104, 4, 2022-04-13, 2023-08-18
165, 29, 2023-05-26, 2024-08-18
146, 6, 2019-11-14, 2020-08-03
65, 27, 2022-08-11, 2022-12-26
183, 11, 2023-03-18, 2024-07-04
17, 19, 2017-03-02, 2017-07-21
53, 26, 2021-09-23, 2022-07-13
188, 20, 2023-01-13, NULL
51, 12, 2015-04-24, 2015-07-19
147, 13, 2018-03-01, 2019-04-29
20, 29, 2020-10-01, 2022-02-04
16, 8, 2015-08-20, 2016-12-07
20, 15, 2021-11-26, 2023-01-24
109, 9, 2020-10-10, 2021-02-08
21, 28, 2019-11-14, NULL
106, 29, 2019-11-17, NULL
115, 10, 2015-11-18, 2016-05-26
159, 17, 2016-04-05, 2016-11-15
53, 24, 2021-07-09, 2021-10-09
179, 17, 2023-02-11, 2023-02-27
93, 6, 2017-07-24, 2018-04-12
131, 20, 2021-05-20, 2022-04-17
73, 5, 2016-09-07, 2017-08-22
100, 5, 2019-10-30, 2020-10-31
163, 1, 2022-03-23, NULL
17, 3, 2017-01-22, 2018-02-28
76, 2, 2019-07-08, 2020-06-18
114, 5, 2022-05-25, 2023-01-23
177, 20, 2017-06-25, 2017-12-13
196, 26, 2018-10-20, 2020-01-02
102, 8, 2017-03-17, 2017-07-06
55, 4, 2019-05-22, 2020-06-09
18, 27, 2022-05-01, 2022-06-20
123, 13, 2021-10-27, 2022-03-02
74, 22, 2019-06-15, 2019-09-21
175, 2, 2016-05-13, NULL
7, 25, 2018-05-25, 2019-03-21
36, 4, 2021-05-11, 2021-07-02
47, 15, 2022-07-13, 2023-07-19
165, 22, 2017-08-01, 2018-08-02
196, 15, 2016-03-27, 2017-04-24
135, 2, 2020-05-13, NULL
2, 23, 2018-06-21, 2019-04-30
25, 4, 2022-10-30, 2023-01-22
135, 2, 2018-03-26, 2018-06-01
76, 3, 2016-06-19, 2016-11-23
113, 7, 2019-04-08, 2019-10-29
74, 12, 2017-04-18, 2017-06-09
129, 15, 2020-12-12, 2021-09-03
31, 4, 2018-11-22, 2019-09-22
14, 12, 2022-02-19, 2023-02-15
199, 9, 2021-01-30, 2021-02-15
167, 10, 2020-06-07, 2020-11-12
145, 8, 2022-10-21, 2023-09-10
124, 7, 2017-12-15, 2018-03-06
45, 7, 2018-06-16, NULL
109, 8, 2022-09-07, 2023-12-29
140, 6, 2020-05-30, 2020-11-13
8, 21, 2019-10-17, 2019-10-20
114, 9, 2015-07-06, 2015-11-15
113, 19, 2018-05-24, 2019-03-25
9, 3, 2018-01-26, 2018-11-26
144, 25, 2018-11-01, 2019-04-15
176, 29, 2020-05-06, 2021-02-08
71, 9, 2016-12-16, 2017-05-10
105, 19, 2022-06-18, 2022-09-12
45, 12, 2015-12-30, 2016-12-29
156, 22, 2015-07-20, 2015-09-12
116, 26, 2015-04-15, 2016-05-14
196, 18, 2018-03-24, 2018-06-19
12, 27, 2022-07-14, 2023-11-25
89, 16, 2021-10-15, 2022-08-11
155, 17, 2017-05-12, 2018-06-21
114, 7, 2023-04-24, 2023-11-13
35, 28, 2018-08-14, 2019-10-08
193, 22, 2016-06-02, 2017-10-02
156, 30, 2019-01-31, 2019-02-24
132, 12, 2017-06-23, 2017-12-12
146, 1, 2021-06-20, 2022-07-02
157, 9, 2023-01-01, 2023-12-10
89, 20, 2020-10-28, 2021-04-18
135, 9, 2019-10-28, 2020-12-23
158, 16, 2018-08-03, 2019-12-15
54, 14, 2021-07-14, 2021-10-18
53, 26, 2015-01-25, 2016-05-23
186, 10, 2018-10-13, 2020-02-04
108, 8, 2015-06-24, 2016-03-25
53, 6, 2016-12-05, 2017-05-29
114, 7, 2023-05-12, 2023-06-22
139, 12, 2021-03-21, 2022-03-01
126, 11, 2016-10-06, 2017-12-14
5, 6, 2017-03-08, 2017-07-14
104, 10, 2018-10-24, 2019-12-22
128, 1, 2018-10-04, 2019-03-17
42, 20, 2019-06-25, 2020-03-24
110, 7, 2020-01-27, 2020-03-11
158, 1, 2022-02-09, 2023-06-10
172, 12, 2023-01-17, 2024-02-06
146, 24, 2018-11-14, 2019-01-27
77, 18, 2021-10-07, 2023-02-19
158, 12, 2018-12-07, 2020-02-07
133, 21, 2020-02-12, 2020-04-18
41, 7, 2018-11-02, 2019-03-06
169, 15, 2015-01-24, 2015-12-27
199, 7, 2015-08-24, 2016-03-07
70, 1, 2023-01-26, NULL
55, 21, 2022-11-14, NULL
119, 26, 2018-01-31, 2018-10-22
93, 15, 2021-12-06, 2022-12-26
36, 17, 2022-03-09, 2022-07-20
194, 2, 2017-02-01, NULL
93, 19, 2020-03-13, 2021-05-10
6, 7, 2015-11-26, 2016-11-21
141, 7, 2018-01-02, 2018-04-02
64, 18, 2020-01-12, 2020-12-07
172, 30, 2018-11-29, 2020-01-03
105, 19, 2016-10-28, 2017-12-17
22, 2, 2017-03-10, 2018-04-24
66, 24, 2015-03-06, 2016-01-28
123, 28, 2022-05-01, 2022-12-11
35, 1, 2022-02-22, 2022-08-06
8, 26, 2020-12-28, 2021-02-26
166, 27, 2016-05-19, 2017-03-02
2, 28, 2022-06-16, 2022-07-26
189, 4, 2020-04-06, NULL
123, 16, 2015-10-25, 2016-04-16
140, 17, 2018-02-19, 2018-04-24
101, 20, 2020-03-22, 2021-05-12
54, 23, 2018-03-17, 2018-12-20
25, 19, 2019-04-10, 2020-05-01
66, 8, 2015-02-11, 2016-03-28
181, 1, 2019-05-17, 2020-08-18
62, 23, 2015-02-11, 2015-03-09
139, 2, 2016-01-07, 2016-07-19
148, 27, 2018-01-08, 2019-03-16
129, 26, 2017-10-08, 2018-06-27
3, 19, 2022-11-24, NULL
9, 22, 2020-09-07, 2020-10-19
186, 9, 2022-12-27, 2023-01-18
51, 30, 2018-04-10, 2018-04-21
183, 6, 2020-11-16, 2021-05-18
118, 14, 2020-03-13, 2021-07-19
125, 20, 2021-05-09, 2021-10-03
129, 20, 2022-12-14, 2023-09-19
38, 25, 2023-02-27, 2023-03-24
141, 21, 2023-04-15, 2023-05-09
146, 2, 2015-05-18, 2015-09-22
171, 17, 2022-02-21, 2022-06-08
171, 7, 2021-05-25, 2021-10-06
55, 16, 2017-06-18, 2018-04-09
6, 6, 2017-09-17, 2018-07-20
64, 7, 2015-12-02, 2016-08-29
117, 22, 2018-05-18, 2019-04-29
37, 7, 2018-09-15, NULL
62, 4, 2020-01-22, NULL
163, 14, 2016-06-14, 2016-07-09
161, 27, 2022-04-04, 2022-07-04
196, 17, 2020-07-30, 2020-10-31
151, 23, 2021-02-27, 2021-05-15
126, 18, 2019-08-22, 2020-11-07
30, 13, 2022-02-02, 2022-03-10
120, 12, 2015-04-24, 2016-06-23
97, 8, 2017-10-14, 2018-02-26
55, 13, 2022-03-23, 2022-09-11
19, 18, 2020-04-18, 2020-09-05
159, 11, 2016-06-22, 2017-03-15
155, 28, 2016-08-08, 2017-11-25
164, 4, 2021-08-20, 2022-05-05
102, 13, 2022-04-03, 2023-02-06
113, 9, 2018-09-13, 2019-10-08
29, 28, 2019-04-07, 2020-03-14
21, 16, 2017-06-27, 2017-07-06
34, 16, 2018-02-28, 2018-07-27
40, 9, 2022-03-24, 2023-02-09
145, 21, 2016-04-11, 2016-06-06
63, 2, 2015-01-21, 2015-06-19
56, 1, 2016-09-01, NULL
126, 21, 2018-02-18, 2018-11-26
179, 21, 2021-06-03, 2022-01-13
29, 10, 2015-01-16, 2015-12-20
52, 18, 2023-05-17, 2023-08-31
84, 22, 2017-10-28, 2017-11-09
107, 16, 2017-02-28, 2017-03-21
139, 30, 2022-12-11, 2023-09-16
160, 22, 2018-04-01, 2019-07-18
100, 16, 2020-06-25, 2021-01-18
160, 4, 2021-09-13, 2022-04-13
25, 7, 2020-07-27, 2021-08-22
147, 1, 2022-08-10, 2023-03-13
79, 30, 2017-02-23, 2018-05-29
186, 21, 2020-12-19, 2021-03-03
141, 18, 2020-03-21, 2021-07-07
10, 26, 2022-03-07, 2022-09-01
95, 21, 2018-05-15, 2019-02-21
62, 13, 2017-09-21, NULL
4, 1, 2017-08-04, 2018-09-10
52, 16, 2019-10-21, 2020-06-09
116, 13, 2019-06-19, 2020-01-01
139, 7, 2022-09-24, 2023-02-16
14, 20, 2021-10-04, 2022-04-03
133, 12, 2020-05-07, 2020-05-08
199, 3, 2018-06-21, 2018-12-21
50, 24, 2016-08-22, 2017-11-02
124, 10, 2021-12-01, 2023-01-06
161, 12, 2022-03-03, NULL
119, 18, 2016-09-07, 2017-07-02
52, 25, 2017-03-23, 2018-02-20
26, 26, 2016-03-17, 2016-04-29
39, 13, 2015-12-30, 2016-12-20
200, 24, 2022-09-29, 2023-05-26
23, 10, 2017-09-10, 2018-01-29
103, 7, 2015-12-22, NULL
118, 21, 2021-08-31, 2022-10-22
122, 20, 2022-01-22, 2023-01-29
79, 24, 2016-08-21, 2017-08-27
147, 6, 2021-03-11, 2021-10-19
74, 5, 2020-05-07, 2020-06-06
154, 17, 2022-04-06, 2022-05-24
186, 24, 2021-12-19, 2022-01-19
4, 20, 2016-09-21, 2017-04-16
9, 28, 2021-04-04, 2022-01-28
113, 8, 2018-05-17, 2019-05-11
126, 12, 2016-02-04, 2017-04-30
154, 13, 2019-04-20, 2019-11-12
71, 15, 2019-08-20, 2019-09-27
66, 13, 2021-08-04, 2022-03-30
1, 5, 2021-05-27, 2022-01-31
116, 9, 2015-08-13, 2016-05-18
20, 26, 2021-05-31, 2022-06-25
78, 8, 2017-10-31, 2018-03-20
138, 26, 2020-04-19, 2021-07-18
123, 20, 2018-02-06, 2018-04-15
10, 8, 2021-08-01, 2022-01-01
53, 16, 2017-09-13, 2018-04-19
41, 4, 2022-05-16, 2022-12-10
125, 2, 2021-06-03, 2022-03-20
60, 4, 2020-05-30, 2021-02-05
26, 30, 2021-09-21, NULL
137, 7, 2018-04-26, 2018-05-11
32, 13, 2021-04-20, 2022-04-17
30, 17, 2021-09-29, 2021-10-13
63, 21, 2015-08-01, 2016-10-16
181, 13, 2019-02-06, 2020-02-04
124, 8, 2022-12-19, 2023-08-27
48, 27, 2019-01-28, 2020-05-24
177, 22, 2017-07-06, 2017-09-26
1, 17, 2017-11-27, 2019-04-08
94, 9, 2017-09-17, 2018-06-23
26, 12, 2015-03-04, NULL
62, 17, 2019-08-06, 2020-05-12
135, 8, 2019-04-13, 2020-06-11
20, 18, 2015-11-20, 2016-05-21
40, 23, 2017-12-02, 2017-12-29
5, 5, 2021-01-25, 2021-08-14
42, 21, 2015-07-16, 2016-03-21
18, 12, 2022-04-22, 2022-07-19
38, 19, 2021-07-08, 2022-10-21
192, 24, 2015-11-24, 2016-12-03
53, 12, 2017-02-13, 2017-10-22
68, 21, 2017-10-07, 2018-10-13
70, 8, 2020-11-23, 2021-05-03
109, 27, 2021-10-04, 2021-11-24
172, 22, 2023-05-16, 2024-06-11
67, 3, 2021-05-08, 2021-06-17
76, 8, 2016-01-19, 2016-12-17
117, 4, 2016-12-25, 2018-01-05
76, 3, 2019-07-21, 2020-06-09
13, 9, 2015-04-12, 2015-10-15
48, 18, 2022-12-21, 2023-02-28
97, 21, 2015-01-29, NULL
46, 12, 2016-10-30, 2017-02-21
3, 2, 2018-09-12, 2018-12-16
120, 10, 2023-02-28, 2023-11-20
73, 6, 2018-01-15, 2018-07-25
193, 2, 2020-10-25, 2021-11-06
13, 23, 2020-09-03, 2021-02-17
65, 10, 2019-10-18, 2021-01-15
94, 29, 2022-08-18, 2023-09-05
85, 1, 2020-10-26, 2021-03-13
132, 30, 2020-12-07, 2021-08-26
16, 29, 2018-12-31, NULL
3, 12, 2018-05-25, 2018-07-07
35, 2, 2017-11-18, NULL
65, 11, 2019-02-28, 2019-11-17
23, 26, 2020-05-20, 2020-07-02
19, 5, 2018-10-16, 2019-03-03
154, 27, 2015-05-09, 2016-09-01
63, 8, 2017-01-12, 2017-06-10
134, 24, 2015-04-02, 2015-04-30
25, 7, 2015-10-31, 2016-06-24
10, 28, 2019-05-18, 2019-09-18
157, 17, 2017-03-01, 2017-06-16
133, 19, 2021-06-16, NULL
80, 2, 2020-12-21, 2022-01-30
7, 24, 2015-03-12, 2016-02-22
109, 11, 2023-04-19, 2023-09-01
53, 25, 2020-03-06, 2020-06-11
110, 26, 2020-10-02, 2021-02-03
86, 26, 2016-08-29, NULL
187, 10, 2020-05-02, 2021-02-13
172, 1, 2018-02-09, 2018-09-20
96, 30, 2015-01-06, 2015-11-16
45, 18, 2019-01-03, 2020-02-21
80, 25, 2018-07-08, 2018-08-08
184, 10, 2023-04-20, 2024-08-17
157, 22, 2015-10-31, 2016-09-24
187, 4, 2016-03-05, NULL
54, 25, 2018-01-29, 2018-11-23
197, 26, 2021-09-01, 2021-10-23
88, 24, 2021-06-23, 2022-07-04
88, 16, 2015-12-17, 2016-05-14
9, 29, 2023-02-09, 2023-07-08
187, 21, 2021-09-25, 2022-09-25
21, 30, 2015-05-10, 2015-06-17
3, 13, 2019-03-09, 2019-10-18
138, 16, 2018-06-06, 2018-12-31
53, 9, 2022-02-06, 2022-06-03
73, 3, 2017-04-18, 2017-09-16
104, 13, 2015-11-04, 2015-12-22
92, 5, 2016-07-19, 2017-11-21
143, 18, 2020-06-13, 2021-08-14
101, 4, 2020-01-13, 2021-01-18
90, 9, 2017-03-30, 2017-06-08
136, 30, 2018-06-05, 2018-06-17
23, 12, 2019-02-14, 2019-08-20
55, 16, 2020-08-14, 2020-11-03
173, 5, 2020-04-29, 2021-01-26
44, 3, 2020-01-30, 2020-02-15
107, 30, 2021-09-04, 2021-09-06
62, 26, 2021-05-05, 2022-08-12
171, 14, 2018-04-14, 2018-09-17
200, 27, 2021-02-16, 2021-09-16
32, 21, 2021-09-10, 2022-01-24
107, 21, 2015-04-03, 2015-12-12
109, 16, 2017-10-03, 2018-07-12
74, 3, 2019-12-15, 2021-01-23
184, 30, 2016-02-26, 2016-08-28
66, 23, 2015-06-18, 2016-02-08
80, 5, 2020-08-09, 2020-11-23
110, 19, 2017-06-27, 2018-02-10
62, 26, 2019-02-04, NULL
154, 7, 2017-08-29, 2018-11-01
180, 25, 2018-05-09, 2019-08-22
171, 19, 2020-09-24, 2021-01-02
130, 26, 2016-11-11, 2017-01-14
65, 17, 2017-08-18, 2018-06-26
156, 18, 2016-03-13, 2016-11-05
13, 12, 2016-01-27, 2016-06-03
135, 1, 2020-07-10, NULL
50, 6, 2022-07-16, 2023-06-25
46, 1, 2017-01-04, 2017-06-26
18, 20, 2018-08-24, 2019-08-31
33, 6, 2016-07-08, 2017-10-29
40, 9, 2018-07-05, 2019-02-22
125, 14, 2019-02-27, 2020-01-20
18, 10, 2016-11-10, NULL
118, 18, 2017-01-25, 2017-05-24
150, 21, 2017-01-17, 2018-02-07
132, 19, 2019-03-20, 2020-02-03
99, 22, 2015-11-13, 2016-09-04
92, 22, 2015-12-08, 2016-01-16
142, 29, 2016-10-06, 2017-07-08
70, 10, 2018-09-29, 2019-08-14
164, 5, 2022-09-09, 2023-12-12
102, 15, 2022-12-11, 2023-01-02
152, 4, 2021-11-24, 2022-09-19
170, 29, 2018-04-28, 2019-07-28
102, 5, 2016-10-02, 2016-11-03
183, 7, 2017-06-10, 2018-02-15
23, 16, 2019-10-04, 2019-12-06
106, 4, 2015-06-27, 2016-06-01
146, 18, 2023-02-25, 2023-12-10
55, 20, 2018-03-21, 2019-04-23
35, 19, 2021-12-08, 2022-04-14
42, 25, 2021-03-26, 2021-09-18
89, 15, 2022-01-23, 2022-04-17
58, 11, 2019-07-25, 2020-04-24
196, 19, 2021-02-01, 2021-10-24
98, 26, 2021-04-22, 2022-01-08
187, 22, 2015-07-31, 2016-04-22
157, 11, 2022-06-06, 2023-03-15
174, 8, 2016-07-11, NULL
180, 11, 2022-11-14, 2023-11-23
152, 8, 2015-12-07, 2017-01-26
31, 27, 2015-10-20, 2016-10-12
177, 13, 2015-12-25, 2016-06-07
9, 13, 2020-04-21, 2020-08-03
185, 2, 2022-06-21, 2023-10-20
70, 20, 2015-10-09, 2016-11-18
104, 17, 2019-06-16, 2019-11-28
103, 7, 2019-01-27, 2020-03-16
161, 5, 2018-02-02, 2018-05-02
172, 29, 2016-09-08, 2017-02-28
193, 10, 2022-06-04, 2023-06-29
101, 22, 2019-09-30, 2020-03-29
190, 3, 2016-04-30, 2017-01-11
41, 10, 2018-04-04, 2018-07-23
134, 12, 2022-06-05, 2023-02-28
60, 19, 2022-11-21, 2022-12-12
110, 4, 2016-11-19, 2017-06-15
75, 19, 2015-02-02, 2015-10-03
114, 14, 2020-06-08, 2021-06-09
166, 2, 2015-10-01, NULL
95, 8, 2022-11-07, 2023-06-05
16, 4, 2018-11-02, 2019-08-18
181, 25, 2020-09-28, 2021-03-24
109, 18, 2018-07-03, 2018-11-25
98, 9, 2019-05-16, 2020-06-07
156, 23, 2022-02-22, 2022-05-22
156, 2, 2017-07-28, 2018-10-13
81, 29, 2016-11-12, 2017-05-21
117, 29, 2015-07-18, 2016-03-04
149, 24, 2018-03-17, NULL
67, 19, 2015-06-09, NULL
73, 2, 2019-10-29, 2020-03-05
130, 29, 2018-10-05, 2020-01-29
168, 18, 2019-03-01, 2020-05-17
196, 15, 2022-09-09, 2023-06-16
51, 22, 2018-07-28, 2018-09-07
107, 24, 2023-01-16, NULL
29, 7, 2020-03-06, 2021-04-29
188, 7, 2016-01-09, 2016-05-15
192, 23, 2018-09-06, NULL
200, 29, 2019-08-09, NULL
26, 10, 2017-10-26, 2018-01-12
68, 10, 2019-06-10, 2020-03-02
150, 29, 2015-03-24, 2016-06-10
166, 18, 2018-03-21, 2019-07-14
37, 6, 2017-05-23, 2018-08-01
58, 26, 2021-08-03, 2022-10-23
188, 8, 2023-05-06, 2023-06-05
119, 27, 2018-12-20, 2019-10-15
26, 8, 2016-12-14, 2018-01-04
143, 8, 2021-12-21, NULL
97, 5, 2015-09-01, 2015-09-28
141, 1, 2016-11-16, 2017-04-07
167, 23, 2023-01-28, 2023-08-30
107, 1, 2017-03-29, 2018-02-04
40, 29, 2017-02-08, 2018-05-31
151, 14, 2022-12-01, 2023-01-28
159, 10, 2015-08-19, 2016-11-22
34, 14, 2021-10-11, 2022-11-28
148, 17, 2015-01-25, 2016-05-18
116, 28, 2018-06-11, 2019-03-13
166, 11, 2017-12-27, NULL
35, 27, 2019-08-20, 2019-09-12
99, 4, 2016-07-13, 2017-03-27
143, 14, 2016-04-26, NULL
138, 15, 2018-10-15, NULL
9, 10, 2020-01-30, 2020-02-04
135, 22, 2018-11-20, 2019-07-06
200, 13, 2019-06-25, 2020-09-15
94, 13, 2021-11-20, 2023-01-19
54, 19, 2017-04-02, 2018-03-12
35, 28, 2018-02-06, 2018-03-31
174, 29, 2017-08-14, 2018-07-13
104, 24, 2015-07-07, 2016-05-14
35, 26, 2018-10-02, 2019-04-19
184, 30, 2017-03-02, 2017-07-13
40, 1, 2022-11-04, 2024-03-02
121, 30, 2016-12-29, 2017-07-13
166, 23, 2021-06-01, 2022-02-21
2, 14, 2023-03-18, 2023-06-18
27, 25, 2023-01-18, 2024-05-21
1, 5, 2021-08-17, 2022-02-19
57, 4, 2022-11-21, 2024-01-02
130, 2, 2020-10-15, 2021-11-11
45, 29, 2020-08-01, 2021-10-26
65, 24, 2018-05-02, 2019-02-16
4, 25, 2019-08-17, 2019-09-12
73, 9, 2015-07-10, 2016-01-03
199, 25, 2016-06-27, 2016-07-24
167, 14, 2022-11-20, 2023-11-12
105, 20, 2020-12-14, 2021-10-23
199, 13, 2023-01-20, 2023-09-22
75, 7, 2021-03-30, 2022-02-12
18, 22, 2018-07-01, 2018-09-03
101, 1, 2020-08-12, 2021-03-10
185, 23, 2023-06-01, 2023-06-09
135, 8, 2015-08-16, 2016-10-05
48, 8, 2017-05-14, 2017-07-28
171, 29, 2022-12-17, 2023-11-20
163, 24, 2017-06-21, 2018-05-06
64, 26, 2020-11-10, 2020-12-15
172, 17, 2018-09-26, 2019-07-16
101, 8, 2015-06-11, 2016-09-01
144, 27, 2017-10-15, 2018-10-22
8, 9, 2022-02-20, NULL
81, 28, 2017-03-26, 2017-04-20
40, 8, 2023-04-24, 2024-02-10
100, 25, 2021-04-29, 2022-01-09
191, 6, 2020-08-18, 2021-06-25
31, 12, 2015-11-19, 2016-04-23
13, 21, 2018-03-24, 2018-08-11
133, 11, 2022-03-09, 2022-04-05
80, 25, 2016-06-20, 2016-09-25
79, 8, 2020-12-15, 2022-02-11
109, 23, 2019-12-31, 2021-05-05
62, 13, 2022-02-22, 2022-09-26
51, 21, 2015-09-06, 2016-04-27
147, 17, 2016-07-19, 2017-05-19
150, 16, 2016-09-26, NULL
48, 30, 2018-02-15, 2018-07-31
63, 16, 2020-10-20, 2021-12-28
108, 1, 2017-07-27, 2018-04-10
21, 25, 2018-08-13, 2019-03-06
25, 13, 2019-04-01, 2020-07-27
172, 22, 2016-07-25, 2017-04-16
125, 18, 2017-10-18, 2018-02-02
148, 27, 2018-07-19, 2019-03-03
198, 25, 2016-07-28, 2017-07-17
147, 29, 2018-06-17, 2019-02-09
42, 27, 2021-09-13, 2022-06-16
75, 2, 2016-09-06, NULL
8, 15, 2015-02-27, 2015-05-21
64, 22, 2018-08-04, 2018-10-11
98, 23, 2015-07-05, 2015-12-18
179, 30, 2021-09-10, 2022-05-07
122, 21, 2019-01-07, 2019-08-15
33, 19, 2015-01-12, 2015-07-31
7, 10, 2021-05-14, 2021-09-16
131, 23, 2016-10-26, 2017-12-01
11, 18, 2015-06-24, 2016-05-30
158, 19, 2016-02-07, 2017-01-14
91, 5, 2016-09-24, 2017-06-07
148, 25, 2022-07-16, 2023-07-19
67, 9, 2022-01-16, 2022-07-06
53, 25, 2016-09-12, NULL
10, 1, 2020-09-07, 2021-12-21
131, 17, 2023-05-23, 2024-04-30
7, 11, 2016-10-04, 2017-10-02
192, 13, 2016-12-12, 2018-02-23
186, 22, 2015-07-17, 2016-07-11
7, 12, 2016-06-13, 2017-07-03
34, 30, 2018-09-07, 2019-03-10
118, 9, 2022-03-22, 2022-11-28
145, 7, 2016-07-15, 2016-08-27
85, 16, 2018-06-16, 2019-10-19
187, 1, 2021-05-28, 2021-09-10
114, 15, 2020-05-05, 2021-04-02
123, 2, 2021-12-21, 2023-03-13
5, 28, 2020-12-12, 2022-01-31
47, 26, 2021-08-12, 2021-10-28
126, 8, 2015-05-29, 2016-07-29
26, 29, 2015-07-29, 2016-05-14
145, 8, 2021-08-12, 2021-12-15
30, 30, 2020-07-20, 2021-11-15
16, 5, 2020-06-21, 2020-11-20
97, 13, 2020-03-27, 2020-10-24
106, 1, 2020-02-27, 2020-03-15
91, 12, 2021-01-15, 2021-12-16
67, 18, 2018-07-13, 2019-02-07
120, 8, 2020-09-16, 2022-01-07
13, 30, 2022-06-15, 2023-09-29
70, 29, 2022-03-31, 2023-01-22
170, 13, 2018-12-09, 2020-02-23
173, 12, 2022-03-03, 2022-05-26
130, 10, 2022-10-31, 2023-07-08
1, 7, 2016-05-25, 2017-07-21
131, 15, 2015-11-28, 2017-04-09
128, 21, 2015-06-26, NULL
47, 30, 2016-10-29, 2017-03-08
1, 10, 2021-08-09, 2022-05-08
119, 14, 2017-12-28, 2018-09-09
6, 5, 2022-05-21, 2022-12-03
3, 5, 2022-03-31, 2022-12-10
70, 22, 2017-07-11, 2018-11-03
192, 17, 2018-11-06, 2019-11-13
73, 5, 2019-02-07, NULL
178, 3, 2021-04-07, NULL
155, 8, 2015-10-29, 2016-01-30
129, 17, 2020-07-27, 2021-07-27
101, 3, 2021-01-04, 2022-02-21
156, 18, 2016-12-19, 2017-05-26
100, 10, 2020-12-03, 2021-01-11
92, 11, 2017-12-22, 2019-01-19
87, 24, 2019-01-12, 2019-03-04
142, 16, 2021-07-06, 2022-01-08
152, 5, 2017-09-17, 2018-11-16
131, 11, 2019-02-16, 2019-03-31
153, 13, 2019-01-30, 2019-11-26
110, 11, 2022-09-16, 2023-08-21
2, 26, 2021-05-17, 2022-04-01
134, 17, 2018-09-10, 2019-09-26
63, 22, 2016-01-19, 2017-01-30
1, 8, 2022-12-09, 2023-03-13
113, 7, 2022-01-15, 2023-02-17
144, 11, 2015-06-11, 2016-09-10
138, 25, 2015-10-14, 2016-12-05
74, 7, 2015-09-02, 2016-05-23
61, 19, 2020-01-02, 2020-03-07
87, 25, 2017-05-19, 2017-08-20
151, 23, 2022-08-04, 2022-09-02
149, 7, 2016-06-11, 2017-07-11
93, 1, 2019-10-24, 2021-01-08
118, 14, 2018-03-15, 2018-06-16
131, 6, 2021-09-29, NULL
11, 30, 2019-06-06, 2019-07-23
50, 24, 2016-07-25, 2017-07-11
161, 20, 2023-01-24, 2023-12-17
167, 8, 2020-03-10, NULL
173, 5, 2020-03-03, 2021-03-18
24, 16, 2019-07-15, 2020-05-16
5, 3, 2020-08-20, 2021-01-23
168, 21, 2021-02-14, NULL
10, 21, 2018-05-20, 2019-01-06
130, 22, 2021-11-29, 2022-04-15
172, 26, 2023-04-03, 2024-02-09
158, 2, 2018-04-06, 2018-06-30
67, 21, 2016-05-29, 2016-07-16
118, 3, 2019-12-22, 2020-11-12
89, 12, 2016-06-09, 2017-03-28
51, 4, 2021-11-04, 2022-05-31
29, 21, 2016-03-27, 2016-06-26
187, 15, 2023-02-17, 2023-08-27
74, 13, 2020-03-30, 2020-11-28
15, 23, 2019-07-04, 2020-05-01
88, 9, 2018-07-13, 2018-10-21
152, 18, 2022-10-20, 2024-02-17
110, 14, 2015-11-06, 2016-07-14
33, 14, 2018-12-24, 2019-10-03
111, 9, 2015-05-08, 2016-04-17
125, 7, 2016-12-17, 2018-01-16
133, 4, 2018-05-29, 2019-06-16
88, 30, 2015-03-22, 2016-01-06
104, 4, 2022-12-21, 2023-03-30
119, 22, 2015-01-27, 2015-04-04
11, 29, 2017-08-06, 2017-10-09
132, 12, 2018-08-24, 2019-05-11
56, 27, 2020-09-05, 2021-10-20
153, 19, 2015-09-30, NULL
116, 26, 2019-07-04, 2020-05-14
116, 27, 2015-06-18, 2016-04-24
147, 4, 2018-08-10, 2019-04-01
17, 24, 2020-02-29, 2021-05-14
102, 2, 2017-11-27, NULL
163, 4, 2016-12-06, NULL
138, 15, 2020-07-26, 2021-11-01
4, 2, 2018-11-14, 2019-09-29
22, 19, 2023-05-29, 2024-02-19
23, 5, 2023-01-07, 2023-10-15
144, 25, 2022-06-29, 2023-05-16
88, 19, 2018-11-02, 2019-04-25
178, 23, 2018-09-19, 2019-09-25
44, 10, 2021-10-10, 2022-06-09
183, 27, 2021-05-07, 2022-05-15
155, 19, 2021-06-01, 2021-06-04
63, 30, 2017-07-26, 2018-07-13
165, 21, 2015-12-24, 2017-04-07
107, 20, 2015-05-21, 2016-07-27
14, 18, 2016-05-31, 2017-07-26
55, 19, 2022-12-08, 2023-04-20
54, 11, 2022-04-14, 2022-07-26
100, 26, 2020-03-13, NULL
47, 15, 2023-02-01, 2023-06-16
29, 9, 2019-11-29, 2020-09-02
17, 30, 2021-09-19, 2021-12-07
97, 11, 2016-08-26, 2017-01-28
54, 6, 2023-05-26, 2024-03-28
49, 17, 2015-03-12, NULL
191, 22, 2021-07-05, 2022-10-19
137, 22, 2018-01-27, 2018-10-16
186, 19, 2018-04-09, 2019-08-20
83, 24, 2018-12-11, 2019-11-16
58, 14, 2015-07-15, 2016-11-19
106, 2, 2022-09-04, 2023-08-11
38, 19, 2021-12-03, 2022-10-20
73, 25, 2018-12-05, 2019-02-15
91, 26, 2018-08-06, 2019-03-05
73, 22, 2021-03-11, 2022-05-27
166, 17, 2020-01-27, 2020-04-27
186, 20, 2018-06-02, 2018-08-13
28, 10, 2017-05-07, 2018-07-26
182, 13, 2019-07-25, 2020-11-15
22, 14, 2019-01-05, 2020-05-06
75, 26, 2020-06-13, 2020-11-04
183, 18, 2023-03-07, 2023-11-09
88, 20, 2020-05-27, 2021-10-04
30, 30, 2021-11-17, NULL
26, 22, 2021-07-17, 2021-11-25
14, 24, 2022-11-18, 2023-04-10
39, 26, 2018-07-04, 2019-06-06
172, 7, 2019-05-08, 2020-04-01
56, 27, 2021-11-12, 2022-08-07
34, 23, 2015-05-07, 2015-06-11
115, 3, 2016-11-04, 2016-12-31
122, 11, 2019-03-09, 2019-11-28
93, 6, 2015-04-11, 2015-06-08
122, 18, 2019-07-02, 2019-11-14
179, 13, 2020-09-20, 2021-12-10
100, 1, 2020-03-30, 2021-06-16
57, 23, 2019-04-07, 2020-06-19
117, 12, 2018-04-03, 2018-05-31
178, 6, 2022-04-28, 2023-04-16
77, 10, 2015-03-07, 2015-03-13
23, 25, 2022-06-20, 2023-07-30
13, 14, 2023-05-22, 2023-12-23
180, 16, 2022-10-29, 2023-10-02
182, 22, 2023-03-17, 2024-07-19
141, 1, 2015-11-24, 2015-12-05
165, 10, 2017-03-31, 2017-09-18
129, 15, 2021-04-30, 2022-08-20
142, 20, 2016-04-02, 2017-01-26
117, 24, 2021-06-01, 2022-07-05
52, 9, 2020-09-05, 2020-11-28
157, 18, 2015-05-09, 2015-06-09
47, 8, 2015-11-09, 2016-01-09
137, 26, 2019-08-15, 2020-01-09
128, 28, 2015-09-04, 2016-06-22
25, 18, 2019-12-03, 2021-04-13
57, 4, 2016-04-30, 2016-10-08
114, 4, 2016-04-24, NULL
93, 2, 2020-04-24, 2020-07-08
16, 12, 2022-08-15, 2023-06-01
184, 9, 2022-03-07, 2022-06-16
53, 13, 2020-03-09, 2020-07-05
199, 15, 2021-12-20, 2022-05-09
9, 13, 2018-09-18, 2019-05-28
112, 17, 2019-03-15, 2019-03-31
77, 14, 2022-10-25, 2022-12-25
79, 11, 2022-03-17, 2023-03-01
191, 10, 2021-05-04, 2021-05-29
155, 6, 2015-03-22, 2016-05-13
7, 24, 2019-07-08, 2020-08-02
43, 7, 2022-06-25, 2023-03-10
155, 26, 2019-03-27, 2020-03-28
146, 4, 2021-12-31, 2022-10-07
172, 1, 2018-06-02, 2019-07-06
40, 9, 2023-03-14, 2023-08-23
93, 21, 2022-03-14, NULL
84, 3, 2019-08-02, 2020-09-02
142, 11, 2021-02-03, 2021-05-07
79, 24, 2022-06-06, 2022-11-21
96, 12, 2019-04-02, 2020-08-14
106, 14, 2022-03-23, 2022-08-05
192, 13, 2018-05-02, 2019-09-08
137, 19, 2021-07-09, 2022-04-16
106, 8, 2021-05-21, 2022-04-04
29, 4, 2023-02-16, 2023-10-20
26, 19, 2019-10-18, NULL
93, 27, 2021-08-15, 2022-01-19
81, 11, 2021-04-11, 2022-05-01
163, 27, 2022-06-01, 2023-01-29
198, 14, 2020-10-05, NULL
138, 1, 2020-09-13, 2021-11-29
159, 16, 2020-05-06, 2021-05-10
180, 22, 2019-04-02, 2019-06-23
39, 13, 2019-01-03, 2019-05-21
119, 16, 2022-04-03, 2022-07-30
147, 16, 2016-06-21, 2017-01-22
30, 12, 2021-06-04, 2022-08-28
77, 19, 2020-12-21, 2020-12-24
121, 10, 2016-08-06, 2016-11-17
125, 29, 2015-03-27, 2016-04-23
59, 2, 2018-03-22, 2018-12-15
65, 24, 2019-03-06, 2020-06-30
77, 13, 2017-02-26, 2018-01-10
55, 23, 2023-04-21, 2023-12-26
168, 1, 2018-12-01, 2019-07-17
123, 4, 2022-03-17, 2023-02-25
34, 28, 2021-04-18, 2022-06-18
59, 26, 2022-06-23, 2022-09-25
127, 19, 2016-08-05, 2017-03-27
117, 9, 2021-11-25, NULL
86, 1, 2017-06-18, 2017-11-03
25, 30, 2022-02-25, 2022-11-28
168, 23, 2021-02-10, 2021-04-05
122, 14, 2021-03-18, 2022-06-17
51, 14, 2018-10-11, 2019-08-22
31, 23, 2017-04-14, 2018-03-26
59, 30, 2017-07-23, 2018-11-17
75, 3, 2016-08-11, 2017-08-14
9, 30, 2019-01-02, 2019-12-07
120, 3, 2022-10-21, NULL
122, 10, 2020-03-07, 2021-04-04
19, 17, 2019-12-13, 2020-08-15
105, 30, 2017-08-16, 2018-09-26
178, 8, 2022-02-12, 2022-09-17
135, 18, 2023-02-23, 2024-05-06
31, 25, 2017-08-19, 2018-11-29
54, 30, 2016-02-11, 2016-05-04
89, 9, 2018-10-20, 2019-05-11
27, 21, 2017-11-08, 2018-02-21
160, 26, 2023-03-07, 2024-04-15
109, 21, 2016-12-31, 2017-05-02
179, 22, 2018-10-27, 2019-02-16
173, 25, 2017-08-07, 2018-04-02
147, 19, 2017-03-29, 2017-07-10
47, 19, 2020-11-08, 2021-10-12
177, 26, 2015-05-25, 2016-02-16
101, 21, 2017-10-08, 2017-11-08
79, 18, 2018-11-14, 2019-03-02
2, 18, 2020-11-22, 2021-07-19
18, 4, 2020-03-02, 2021-05-15
186, 24, 2021-10-13, 2022-04-25
10, 19, 2021-11-12, NULL
166, 16, 2022-05-23, NULL
82, 4, 2022-10-11, 2023-01-18
21, 23, 2017-08-15, 2018-04-09
174, 29, 2020-08-15, 2021-07-22
98, 12, 2015-08-29, 2016-01-21
7, 17, 2021-05-11, 2021-09-18
130, 10, 2022-06-12, NULL
146, 18, 2017-02-14, 2018-04-20
35, 29, 2018-05-14, NULL
35, 14, 2018-02-23, 2018-08-09
200, 26, 2017-05-15, NULL
44, 18, 2017-12-16, 2019-01-23
122, 12, 2020-11-04, NULL
191, 5, 2020-03-18, 2020-10-17
197, 27, 2016-07-24, 2016-09-26
79, 17, 2018-11-28, 2020-02-13
60, 10, 2022-12-12, 2024-02-04
79, 27, 2015-07-09, 2015-11-25
98, 22, 2018-11-10, 2019-04-07
138, 18, 2021-12-08, 2022-06-19
48, 28, 2021-11-24, 2022-10-24
153, 14, 2022-10-30, 2023-09-12
14, 6, 2018-04-07, 2018-10-12
190, 5, 2016-09-07, 2016-10-07
84, 20, 2020-05-04, 2020-09-06
70, 1, 2020-08-09, 2021-07-19
139, 23, 2019-11-29, 2020-12-11
94, 8, 2016-05-17, 2016-11-03
115, 13, 2021-02-26, 2022-05-25
69, 28, 2015-11-20, 2016-09-11
29, 3, 2021-10-21, 2022-06-28
198, 14, 2016-04-12, 2016-11-27
192, 19, 2019-01-18, 2019-06-10
3, 15, 2016-04-10, 2016-12-24
157, 23, 2017-11-07, 2018-04-28
67, 16, 2016-02-25, 2017-06-04
9, 20, 2015-12-14, 2017-03-14
7, 29, 2019-02-16, 2019-06-07
192, 30, 2021-07-16, 2022-07-13
50, 14, 2022-08-20, 2022-11-05
158, 16, 2019-03-08, 2020-07-10
109, 14, 2016-04-04, 2016-10-17
13, 18, 2019-01-19, 2020-05-04
132, 1, 2021-10-22, 2022-01-23
43, 26, 2018-02-01, 2019-01-25
70, 8, 2017-11-16, NULL
99, 13, 2020-07-27, 2021-11-25
13, 22, 2016-09-26, 2016-11-19
59, 29, 2018-08-16, 2019-10-01
40, 19, 2023-03-28, NULL
23, 7, 2023-04-17, 2023-08-13
165, 15, 2016-06-10, 2017-08-10
36, 24, 2015-10-30, 2017-02-17
160, 30, 2022-08-27, 2023-02-05
144, 1, 2019-05-27, 2020-05-12
8, 21, 2016-11-08, 2017-10-12
13, 3, 2019-07-25, 2020-11-22
107, 12, 2022-05-28, 2023-01-17
173, 21, 2019-10-02, 2019-10-05
27, 20, 2016-05-25, 2017-03-12
147, 13, 2015-12-24, 2017-01-18
53, 29, 2018-08-22, 2019-02-11
134, 6, 2019-02-09, 2019-05-13
78, 9, 2017-04-15, NULL
29, 11, 2017-05-11, 2017-12-07
164, 2, 2017-12-31, 2018-05-21
29, 10, 2015-07-12, 2016-03-29
31, 13, 2016-03-31, 2016-07-19
140, 16, 2016-06-22, 2016-07-25
57, 17, 2020-12-13, 2021-10-24
91, 20, 2019-08-08, NULL
134, 1, 2020-10-09, 2021-06-24
35, 13, 2017-04-03, 2017-10-05
141, 15, 2018-02-02, 2019-01-15
71, 6, 2022-09-17, 2022-12-13
196, 16, 2018-05-22, 2018-06-06
32, 9, 2016-10-08, 2016-11-17
88, 20, 2015-10-10, 2016-10-26
98, 5, 2022-09-08, 2022-09-24
75, 19, 2022-08-08, 2022-12-24
88, 21, 2015-10-03, 2016-06-26
177, 4, 2018-01-30, 2018-05-18
120, 16, 2021-06-25, 2022-10-27
51, 22, 2020-04-25, 2020-06-18
91, 17, 2016-07-18, 2016-09-09
137, 29, 2017-10-09, 2018-04-22
73, 28, 2019-05-06, 2020-07-01
1, 27, 2016-05-11, 2017-05-22
107, 26, 2015-06-28, 2016-01-18
177, 8, 2017-07-02, 2017-08-03
54, 11, 2016-09-27, 2017-08-19
115, 20, 2019-05-23, 2020-09-12
28, 14, 2021-02-07, 2021-03-27
77, 29, 2022-08-30, 2023-10-03
25, 18, 2018-07-08, NULL
108, 29, 2019-01-04, 2019-12-23
152, 8, 2021-12-07, 2022-11-13
79, 1, 2017-05-08, 2018-05-27
180, 11, 2022-10-22, 2023-03-17
81, 11, 2020-02-01, 2021-01-13
69, 12, 2016-09-04, 2017-04-22
169, 28, 2021-03-10, 2022-01-01
22, 16, 2020-01-31, 2020-08-31
111, 18, 2021-08-09, 2022-01-30
68, 29, 2021-10-16, 2022-05-19
124, 18, 2015-07-17, NULL
15, 22, 2019-10-19, 2020-07-10
33, 7, 2018-06-19, 2019-10-02
158, 5, 2020-09-15, 2021-02-07
186, 21, 2017-01-31, 2018-01-31
178, 27, 2021-09-07, NULL
105, 1, 2022-12-26, 2023-04-02
94, 22, 2022-11-20, 2024-01-11
186, 8, 2015-07-25, 2016-12-01
8, 20, 2019-06-04, NULL
90, 3, 2022-01-10, 2022-01-28
118, 9, 2016-05-06, 2017-09-06
138, 30, 2022-06-26, 2023-08-05
40, 19, 2021-10-29, NULL
121, 13, 2022-04-29, 2022-05-17
84, 18, 2021-11-19, 2022-04-15
155, 28, 2021-04-13, 2021-05-23
137, 4, 2021-02-11, 2021-06-15
181, 13, 2016-08-05, 2017-09-03
161, 28, 2023-03-29, 2023-08-31
1, 10, 2016-02-22, 2017-05-25
75, 25, 2016-11-05, 2017-12-30
152, 7, 2019-12-29, 2020-09-03
143, 29, 2016-09-13, 2017-03-06
175, 3, 2019-08-24, 2020-05-24
138, 1, 2018-12-14, 2019-05-03
15, 20, 2022-02-18, 2022-06-07
142, 13, 2019-08-15, 2020-04-02
122, 25, 2019-02-19, 2019-08-25
55, 11, 2015-07-09, 2016-02-08
120, 6, 2019-04-26, 2020-08-10
168, 25, 2023-05-12, 2024-03-06
98, 10, 2016-04-14, 2016-09-07
4, 9, 2020-03-23, 2021-05-16
153, 20, 2015-12-23, 2016-02-13
36, 30, 2021-10-06, 2021-11-24
115, 9, 2016-12-22, 2017-06-30
112, 11, 2017-10-07, 2018-05-02
151, 21, 2016-08-29, 2017-12-06
98, 7, 2019-03-25, NULL
170, 21, 2018-04-25, 2019-01-27
133, 2, 2021-10-03, 2022-06-15
8, 30, 2017-05-30, 2018-10-01
195, 19, 2019-03-27, 2019-12-18
147, 23, 2021-12-19, 2022-06-23
187, 7, 2017-05-10, 2018-07-05
166, 3, 2015-06-24, 2015-07-05
34, 6, 2023-03-23, 2023-12-14
52, 29, 2017-06-22, 2018-07-06
154, 29, 2015-07-25, 2016-11-04
142, 20, 2017-10-08, 2018-10-28
123, 30, 2016-03-17, 2016-05-13
14, 30, 2017-11-16, 2018-04-12
200, 8, 2021-02-04, 2021-08-30
187, 23, 2020-10-29, 2021-05-31
110, 16, 2020-09-07, 2020-11-02
158, 25, 2018-12-10, 2020-01-01
102, 29, 2016-11-29, 2017-12-30
93, 28, 2021-11-21, 2023-01-18
1, 22, 2020-06-22, 2021-10-12
111, 5, 2022-05-16, 2023-01-10
149, 28, 2018-08-04, 2019-05-23
165, 14, 2020-12-17, 2021-03-02
72, 8, 2023-01-10, 2023-09-10
29, 25, 2015-01-16, 2016-03-09
76, 23, 2018-05-14, 2019-05-03
43, 9, 2017-03-15, 2017-08-09
104, 12, 2016-09-09, NULL
184, 11, 2017-09-21, 2018-01-19
72, 12, 2015-01-06, 2015-03-18
44, 15, 2018-04-28, 2019-06-08
93, 3, 2018-08-18, 2019-01-06
87, 22, 2021-09-29, NULL
187, 6, 2021-03-22, NULL
21, 3, 2020-09-05, 2021-09-08
16, 5, 2018-08-31, 2019-12-11
94, 19, 2016-06-07, 2017-04-16
159, 10, 2022-01-12, 2023-04-29
29, 10, 2016-05-12, 2017-02-01
194, 29, 2020-03-13, 2021-02-20
168, 30, 2016-03-15, 2016-05-24
136, 20, 2020-05-29, 2020-06-01
50, 9, 2015-09-20, 2016-05-31
194, 11, 2018-05-03, 2018-10-03
49, 12, 2021-02-16, 2022-06-02
133, 4, 2016-12-26, 2018-03-16
34, 20, 2018-12-12, 2019-07-04
116, 24, 2018-09-19, 2020-01-16
5, 11, 2018-07-19, 2018-11-01
80, 12, 2018-04-27, 2019-09-08
193, 5, 2017-05-13, 2018-07-01
189, 16, 2017-10-25, NULL
138, 18, 2018-12-08, 2019-03-25
196, 23, 2016-04-24, 2016-08-06
151, 27, 2019-05-29, 2020-08-14
30, 7, 2022-09-04, 2022-11-03
42, 18, 2019-09-16, 2020-10-04
71, 9, 2017-12-24, 2018-04-16
178, 2, 2015-07-17, 2016-10-23
178, 20, 2022-05-24, 2022-08-30
197, 21, 2016-12-18, 2018-03-16
24, 23, 2023-05-09, NULL
8, 19, 2016-11-14, 2018-02-10
22, 15, 2021-09-20, 2022-01-14
101, 2, 2018-11-14, 2019-02-10
104, 21, 2017-03-12, 2018-07-16
43, 24, 2015-01-24, 2015-10-19
101, 25, 2020-04-14, 2020-09-06
167, 7, 2022-09-28, 2022-11-24
61, 24, 2020-06-12, 2020-07-21
109, 15, 2016-11-24, 2017-07-15
41, 4, 2016-03-19, 2017-01-13
132, 6, 2018-07-17, 2019-08-27
196, 15, 2019-01-23, 2019-10-19
1, 11, 2017-02-02, 2017-02-24
53, 6, 2019-04-17, 2020-02-24
33, 9, 2018-07-25, NULL
47, 16, 2022-06-21, 2023-04-19
96, 25, 2023-03-17, 2024-03-28
194, 23, 2016-06-17, 2016-06-21
95, 3, 2019-10-22, 2020-02-29
142, 27, 2017-10-04, 2019-01-22
39, 2, 2021-08-06, 2021-10-12
48, 19, 2018-01-01, 2018-08-14
20, 7, 2018-10-16, 2019-02-24
142, 12, 2021-10-04, 2022-07-20
109, 11, 2022-02-12, 2023-04-21
35, 27, 2021-12-13, 2022-10-06
87, 28, 2019-12-04, 2020-04-09
15, 8, 2016-03-24, 2016-09-09
31, 6, 2018-04-20, 2019-03-18
68, 2, 2021-07-06, 2021-08-25
120, 26, 2019-05-25, 2020-09-09
182, 26, 2022-12-11, 2023-07-30
164, 28, 2021-02-08, 2022-01-17
172, 10, 2016-11-19, 2017-10-05
14, 15, 2017-04-07, 2018-07-05
77, 5, 2019-01-25, 2019-06-07
147, 4, 2015-05-23, 2016-08-07
159, 12, 2019-05-06, 2020-08-04
72, 9, 2016-11-30, 2016-12-05
34, 13, 2020-11-16, 2021-08-03
194, 6, 2023-05-05, 2024-03-11
188, 11, 2016-12-17, 2017-05-20
105, 27, 2018-11-12, 2019-11-07
81, 11, 2019-12-22, NULL
96, 17, 2022-11-23, 2024-03-09
138, 8, 2015-11-24, 2016-11-20
122, 16, 2019-08-18, 2020-07-08
195, 8, 2020-07-06, 2020-07-13
35, 30, 2022-07-03, 2023-08-24
7, 30, 2020-01-21, 2020-09-07
115, 21, 2021-06-07, 2022-05-12
161, 16, 2018-03-21, 2019-04-06
17, 16, 2018-02-08, 2018-11-08
171, 3, 2016-09-30, 2017-05-15
138, 29, 2022-05-05, 2023-07-27
108, 27, 2015-03-02, 2016-04-28
37, 29, 2020-12-16, NULL
35, 18, 2016-03-22, NULL
115, 29, 2017-10-11, 2018-10-12
113, 26, 2016-04-17, 2017-03-11
82, 4, 2022-05-27, 2022-11-15
143, 10, 2022-09-04, 2023-02-28
149, 23, 2019-02-16, 2019-12-21
89, 28, 2021-01-26, 2021-08-11
111, 24, 2016-07-06, 2017-01-08
50, 21, 2019-03-11, 2020-07-05
117, 23, 2017-02-13, 2018-04-03
168, 22, 2019-12-07, 2020-08-14
143, 22, 2018-01-04, 2019-05-07
23, 6, 2016-12-07, 2016-12-23
148, 10, 2015-05-15, 2016-01-12
72, 12, 2015-04-07, 2016-04-15
76, 22, 2022-11-24, 2023-01-12
101, 23, 2015-01-12, 2016-03-08
32, 13, 2023-01-31, 2024-02-13
108, 29, 2021-06-26, 2021-09-03
128, 24, 2023-05-03, 2023-07-06
169, 21, 2021-10-05, 2021-12-05
95, 21, 2021-03-31, 2022-06-07
96, 12, 2015-02-27, 2016-07-05
186, 15, 2021-06-21, 2022-10-12
119, 24, 2016-10-20, 2016-11-01
132, 21, 2015-10-22, 2017-01-08
14, 21, 2018-02-24, 2018-06-14
24, 11, 2017-09-21, 2018-04-29
141, 5, 2018-10-07, 2019-05-23
101, 17, 2019-10-01, 2020-10-29
149, 14, 2017-10-05, 2018-12-10
98, 30, 2016-04-08, 2016-12-08
110, 23, 2017-05-13, 2017-05-21
138, 3, 2015-05-06, 2015-06-23
167, 10, 2019-10-22, 2020-02-02
60, 3, 2018-03-30, 2018-11-03
48, 20, 2022-12-13, 2023-12-29
73, 19, 2022-11-05, 2023-06-10
3, 24, 2016-09-15, NULL
125, 24, 2016-05-27, 2016-12-17
65, 5, 2021-05-08, 2021-10-26
121, 14, 2015-02-01, 2016-03-08
90, 25, 2021-12-01, 2023-01-01
49, 11, 2021-03-29, 2022-01-19
126, 26, 2018-11-11, 2019-02-10
6, 15, 2017-10-02, 2017-12-31
178, 1, 2019-11-16, 2019-12-14
61, 5, 2021-05-01, 2021-11-15
51, 18, 2018-01-18, 2018-08-09
45, 20, 2019-12-12, 2020-08-19
97, 3, 2020-11-28, 2022-03-25
133, 23, 2017-12-16, 2018-10-09
61, 12, 2023-05-16, 2024-05-14
197, 14, 2016-12-28, 2017-05-04
96, 6, 2015-07-13, 2016-02-05
112, 29, 2018-07-08, 2019-09-22
153, 23, 2017-11-05, 2019-02-26
86, 12, 2022-05-03, 2022-08-13
17, 29, 2015-05-27, 2016-07-28
172, 8, 2016-08-20, 2016-10-30
7, 1, 2015-12-27, NULL
55, 10, 2016-01-11, 2017-02-14
131, 25, 2022-12-23, 2023-05-13
43, 16, 2022-02-21, 2022-11-06
189, 22, 2018-07-27, 2019-07-31
174, 15, 2015-06-14, 2016-02-14
165, 6, 2021-10-10, 2022-07-10
31, 19, 2021-07-07, 2022-02-15
162, 25, 2015-11-16, 2016-11-22
159, 16, 2017-07-07, 2018-05-24
20, 8, 2019-02-13, NULL
168, 20, 2021-09-07, 2021-10-20
170, 14, 2019-02-09, 2019-07-12
92, 15, 2020-12-01, 2021-11-01
123, 26, 2018-12-10, 2020-04-15
160, 13, 2022-02-27, NULL
110, 17, 2019-10-02, NULL
29, 14, 2016-09-22, 2017-12-08
110, 26, 2020-03-10, 2020-12-08
39, 7, 2016-03-20, 2016-08-27
59, 26, 2018-11-25, 2019-03-04
37, 16, 2021-01-29, 2021-10-23
46, 27, 2019-07-11, 2020-11-19
12, 16, 2016-08-25, 2017-01-16
19, 9, 2020-11-17, 2021-07-17
75, 17, 2019-08-15, 2019-12-08
188, 12, 2021-01-18, 2021-11-25
32, 20, 2017-11-14, 2018-03-10
48, 8, 2022-03-18, 2022-09-02
165, 20, 2020-08-26, 2021-10-02
15, 5, 2018-07-14, 2019-08-13
82, 21, 2016-02-20, 2016-10-15
43, 14, 2016-06-29, 2016-08-12
195, 29, 2022-11-26, 2023-02-11
116, 27, 2020-06-02, 2020-08-23
168, 30, 2020-04-29, 2021-06-19
40, 15, 2019-07-14, 2020-07-04
9, 17, 2021-07-24, NULL
155, 23, 2020-06-01, 2021-07-19
114, 30, 2021-11-21, 2022-05-04
37, 29, 2016-06-09, 2016-08-06
75, 9, 2023-04-02, NULL
106, 2, 2016-07-27, 2017-05-17
138, 7, 2017-02-06, NULL
99, 2, 2019-07-26, 2020-04-09
163, 16, 2022-03-26, NULL
58, 24, 2018-02-07, 2018-02-16
167, 10, 2019-09-06, 2020-08-30
184, 28, 2022-09-22, 2023-09-04
111, 5, 2020-03-04, 2020-10-09
94, 6, 2016-12-11, 2017-05-16
24, 12, 2020-02-13, 2020-12-31
97, 20, 2021-09-06, 2022-06-02
131, 21, 2015-08-30, 2016-05-13
63, 22, 2020-06-09, 2021-08-30
164, 29, 2022-07-03, 2023-10-14
60, 24, 2022-08-27, 2023-03-01
153, 23, 2019-02-10, 2020-01-12
54, 15, 2016-03-24, 2016-08-31
74, 5, 2016-08-01, 2017-06-12
135, 19, 2020-04-26, 2020-06-22
162, 3, 2020-06-29, 2020-10-02
7, 5, 2023-05-17, 2023-08-12
23, 3, 2017-12-15, 2018-05-18
26, 28, 2021-04-21, 2021-10-23
173, 28, 2022-07-16, 2022-07-21
87, 9, 2022-05-26, 2023-04-23
179, 7, 2015-05-30, 2016-03-23
66, 26, 2019-03-08, 2020-04-10
152, 27, 2022-12-11, 2023-03-13
78, 26, 2021-06-19, 2022-07-24
30, 26, 2021-02-18, 2022-05-03
34, 28, 2018-11-23, 2019-08-27
106, 23, 2021-09-08, 2022-03-15
115, 5, 2020-03-01, 2021-03-24
137, 26, 2022-02-20, 2022-07-20
129, 23, 2015-05-18, 2015-08-14
145, 27, 2015-05-03, 2015-05-15
21, 20, 2015-08-10, 2016-05-07
84, 9, 2021-05-27, 2022-08-18
140, 4, 2018-06-01, 2019-02-28
159, 24, 2018-10-29, 2019-09-09
49, 23, 2017-06-30, 2017-09-09
98, 19, 2022-06-19, 2023-09-16
79, 21, 2021-02-18, 2021-05-07
105, 18, 2015-12-12, 2016-10-06
96, 19, 2017-12-30, 2019-02-07
193, 3, 2021-09-27, 2022-02-27
174, 14, 2016-11-18, 2017-03-27
2, 24, 2018-11-04, 2019-10-25
117, 15, 2018-05-01, 2019-05-29
200, 23, 2023-03-01, 2023-05-17
21, 1, 2016-07-03, 2017-01-15
100, 22, 2019-08-06, 2020-08-29
185, 13, 2023-03-03, 2023-12-31
87, 16, 2020-08-01, 2021-01-02
37, 4, 2017-11-03, 2017-12-23
100, 16, 2022-11-12, 2023-12-08
10, 13, 2020-03-11, 2020-03-26
67, 13, 2020-05-05, 2021-06-29
176, 4, 2015-12-23, 2017-01-28
34, 1, 2018-06-15, 2019-01-20
72, 30, 2016-07-14, 2016-08-11
35, 1, 2019-05-28, 2020-05-31
42, 29, 2023-05-24, 2024-04-16
172, 8, 2017-07-02, 2017-08-14
63, 15, 2020-07-17, 2021-06-17
111, 16, 2016-05-05, 2017-04-08
160, 8, 2018-03-25, 2019-01-12
160, 13, 2023-02-24, 2024-05-03
78, 26, 2019-09-10, 2019-11-07
48, 3, 2020-02-18, 2020-07-28
39, 27, 2015-06-30, 2015-09-08
103, 27, 2021-10-10, 2023-01-30
194, 25, 2015-01-14, 2015-06-20
44, 18, 2021-06-07, 2022-01-20
68, 23, 2016-05-03, 2017-03-29
104, 2, 2020-03-23, 2020-09-24
144, 22, 2020-05-08, 2020-07-08
4, 21, 2018-04-13, 2018-10-16
110, 7, 2022-01-25, 2022-06-13
24, 3, 2021-04-28, 2021-09-11
104, 24, 2016-04-03, 2016-04-16
184, 11, 2021-11-07, 2022-03-19
121, 6, 2018-03-18, 2019-05-25
189, 17, 2020-11-04, NULL
140, 12, 2019-06-17, 2020-07-13
173, 3, 2020-06-08, 2020-10-05
151, 1, 2016-01-23, 2016-08-02
63, 10, 2022-08-31, 2023-10-29
101, 1, 2019-02-21, 2019-03-29
165, 16, 2021-10-10, 2022-10-12
99, 13, 2016-12-22, 2017-01-19
138, 9, 2016-03-19, 2016-05-17
169, 26, 2016-12-01, 2017-06-03
36, 8, 2020-11-16, 2021-11-10
86, 27, 2020-10-01, 2021-02-05
28, 9, 2021-01-15, 2021-02-16
136, 6, 2017-08-02, 2018-01-22
23, 6, 2017-10-30, 2018-12-09
184, 25, 2018-05-13, 2019-08-20
54, 12, 2021-10-27, 2022-06-04
163, 1, 2017-08-27, 2018-04-17
81, 1, 2022-02-19, 2022-05-23
56, 1, 2022-06-29, 2022-12-22
200, 24, 2022-01-25, 2022-11-29
172, 12, 2020-04-30, 2021-07-12
125, 2, 2018-03-11, 2018-12-24
130, 29, 2019-05-09, 2020-07-26
189, 8, 2018-04-26, 2018-08-11
111, 17, 2017-09-30, 2017-11-26
198, 13, 2017-01-14, 2018-02-23
61, 7, 2020-10-11, 2021-01-12
106, 19, 2016-06-03, 2016-12-29
26, 24, 2016-02-22, 2017-04-14
126, 16, 2017-03-19, 2018-05-13
127, 14, 2017-10-07, 2018-05-23
126, 21, 2016-04-01, 2017-02-04
24, 12, 2022-07-07, NULL
191, 17, 2015-11-01, 2017-03-05
192, 25, 2017-04-25, 2017-11-10
4, 1, 2018-11-13, 2019-06-30
127, 27, 2018-10-11, 2019-03-22
86, 30, 2018-07-11, 2019-06-17
193, 2, 2022-11-29, 2024-04-02
151, 6, 2015-03-06, 2016-04-09
80, 22, 2022-11-26, 2024-01-10
106, 5, 2015-01-13, 2016-01-30
88, 6, 2016-09-06, 2017-06-06
95, 12, 2021-03-03, NULL
197, 22, 2016-03-26, 2017-04-21
153, 10, 2018-09-07, 2019-02-23
11, 27, 2016-04-12, 2017-02-18
108, 16, 2022-01-05, 2023-05-09
136, 29, 2020-11-26, 2021-10-17
164, 23, 2016-10-31, 2017-03-01
198, 11, 2023-04-01, 2024-05-23
17, 27, 2020-10-22, 2021-01-14
159, 15, 2019-07-29, 2020-05-26
76, 26, 2019-08-23, 2019-12-05
82, 30, 2017-12-28, 2018-12-19
19, 23, 2018-09-26, 2019-12-05
1, 20, 2022-06-01, 2022-11-09
199, 14, 2017-08-15, 2018-12-02
112, 22, 2017-09-13, 2018-09-14
97, 21, 2019-07-11, 2020-10-13
85, 12, 2015-07-11, 2016-05-15
26, 11, 2021-03-10, 2021-12-10
54, 26, 2021-07-19, 2022-07-12
128, 3, 2015-02-01, 2016-05-15
29, 10, 2022-11-30, 2024-03-15
35, 20, 2015-03-07, 2015-12-27
20, 23, 2020-10-22, 2021-03-18
13, 7, 2015-02-23, 2016-03-25
70, 2, 2022-11-04, 2023-02-04
99, 27, 2016-02-21, 2017-04-14
182, 7, 2018-07-31, 2019-05-14
103, 6, 2022-10-14, 2023-01-07
138, 11, 2019-06-07, 2020-10-18
148, 30, 2016-11-06, 2017-04-22
46, 29, 2018-03-16, 2018-10-04
15, 23, 2019-06-22, 2019-07-03
100, 10, 2017-08-04, 2018-05-07
172, 18, 2021-02-15, 2021-05-22
189, 11, 2022-03-10, 2022-09-21
15, 26, 2022-01-30, 2022-03-14
46, 15, 2020-09-26, 2021-03-19
140, 7, 2016-10-05, 2017-03-24
132, 5, 2017-09-11, 2018-08-19
63, 22, 2017-11-21, 2017-12-26
27, 18, 2020-09-24, 2020-09-27
5, 5, 2021-07-16, 2021-08-28
164, 17, 2019-04-21, 2020-08-25
188, 23, 2023-04-25, 2023-05-17
92, 29, 2021-04-08, 2021-08-07
158, 24, 2022-06-19, 2023-07-18
49, 6, 2021-11-21, 2022-12-25
101, 24, 2021-11-22, 2022-11-03
26, 29, 2020-10-25, 2022-01-29
38, 29, 2016-11-21, 2017-04-27
184, 6, 2019-05-05, NULL
53, 20, 2023-04-29, 2023-10-20
122, 13, 2015-12-13, NULL
176, 7, 2017-12-21, 2018-04-22
12, 18, 2016-05-07, 2017-03-05
179, 5, 2016-03-22, 2017-05-10
27, 13, 2021-06-23, NULL
97, 29, 2021-07-05, NULL
59, 9, 2022-08-28, 2023-03-23
188, 12, 2017-02-04, 2017-09-11
128, 12, 2021-05-14, 2022-02-28
14, 22, 2019-05-24, 2020-06-30
88, 18, 2019-08-01, 2020-03-13
118, 27, 2015-06-28, 2015-08-18
195, 18, 2015-09-16, 2016-06-14
82, 7, 2023-05-07, 2023-08-14
113, 24, 2017-04-14, 2017-05-24
26, 3, 2020-12-28, 2022-04-28
86, 18, 2022-05-05, 2023-01-02
156, 24, 2015-01-05, 2016-03-06
127, 19, 2016-10-08, 2017-05-18
47, 6, 2021-02-06, 2022-03-06
169, 2, 2019-09-26, 2020-05-01
108, 14, 2021-07-19, 2021-11-05
195, 15, 2016-01-17, 2016-04-08
163, 23, 2019-11-24, 2020-11-14
174, 10, 2015-05-28, 2016-01-16
10, 5, 2020-01-26, NULL
108, 5, 2021-02-02, 2021-10-11
1, 27, 2015-04-17, 2015-09-18
35, 23, 2016-03-16, 2016-12-11
127, 11, 2015-04-03, 2015-10-26
185, 27, 2022-06-23, 2023-02-02
101, 13, 2023-04-11, 2024-01-12
142, 15, 2022-10-01, 2022-11-10
50, 14, 2019-06-12, 2020-04-20
41, 8, 2020-11-22, NULL
37, 17, 2017-12-21, 2019-02-21
113, 2, 2017-01-17, 2017-12-27
29, 10, 2021-09-21, 2022-02-06
122, 29, 2015-05-08, 2016-02-06
68, 26, 2018-02-28, 2018-03-25
69, 6, 2016-12-10, 2017-01-25
78, 26, 2017-12-15, 2019-03-17
50, 4, 2016-07-17, 2016-08-04
84, 30, 2016-12-13, 2017-11-10
44, 9, 2022-12-19, 2024-04-17
189, 17, 2016-07-12, 2017-02-04
20, 13, 2022-05-14, NULL
48, 20, 2023-04-14, 2023-06-25
139, 7, 2019-12-11, 2021-04-09
127, 26, 2017-01-16, NULL
49, 28, 2017-04-26, 2017-12-26
88, 30, 2023-05-13, 2024-02-19
116, 14, 2016-07-18, 2016-10-20
192, 24, 2016-12-31, 2017-12-05
60, 5, 2021-03-31, 2022-04-08
98, 16, 2015-01-02, 2015-04-09
177, 27, 2021-09-20, 2022-07-10
171, 5, 2022-10-27, 2023-08-11
123, 6, 2016-12-10, 2017-06-08
5, 6, 2021-01-12, 2021-12-01
102, 16, 2021-11-24, 2022-08-31
6, 7, 2016-12-22, 2018-03-19
188, 8, 2017-10-08, 2017-10-10
148, 7, 2023-04-06, 2023-11-26
95, 12, 2022-04-01, 2022-10-21
142, 14, 2017-12-10, 2018-03-03
109, 26, 2015-10-15, 2015-12-30
107, 11, 2019-04-21, 2020-05-22
158, 27, 2020-10-01, 2021-08-05
72, 14, 2020-12-13, 2021-05-16
183, 4, 2020-08-12, 2021-11-13
64, 23, 2017-09-10, 2018-07-11
123, 19, 2021-04-20, 2022-06-01
75, 20, 2022-11-17, 2023-04-12
169, 22, 2021-06-28, 2022-09-03
125, 30, 2020-04-16, 2020-12-21
142, 27, 2021-11-05, 2022-06-02
5, 11, 2018-08-14, 2019-07-02
107, 24, 2021-10-24, 2022-10-25
62, 20, 2019-04-28, 2020-07-07
136, 21, 2016-12-10, 2018-03-11
51, 23, 2018-12-20, NULL
39, 24, 2018-10-27, 2019-05-15
22, 16, 2019-01-09, 2019-07-09
85, 24, 2018-12-21, 2019-04-20
148, 13, 2017-01-29, 2018-06-08
141, 23, 2016-08-24, 2017-05-13
7, 25, 2020-10-05, 2021-06-22
122, 16, 2016-11-08, 2017-08-08
178, 24, 2017-04-22, 2018-06-12
36, 5, 2021-12-20, 2022-10-05
4, 28, 2020-09-07, 2021-05-13
37, 27, 2015-05-08, 2016-03-11
31, 29, 2016-01-09, 2016-06-12
77, 8, 2022-09-27, 2022-11-26
148, 27, 2017-05-07, NULL
96, 20, 2021-01-04, 2021-09-27
21, 24, 2018-04-16, 2019-02-02
35, 1, 2020-03-16, 2020-08-05
184, 16, 2018-07-03, 2019-09-16
99, 17, 2021-09-21, 2022-06-09
108, 4, 2016-08-27, 2017-04-20
20, 14, 2021-04-01, 2022-06-12
42, 20, 2019-12-11, 2020-01-06
180, 15, 2018-11-24, 2019-01-24
120, 13, 2019-02-13, 2019-04-19
161, 28, 2017-02-16, 2017-10-14
12, 2, 2016-01-01, 2017-02-08
131, 13, 2019-10-23, 2020-04-22
109, 6, 2017-01-07, 2018-02-15
46, 6, 2023-01-22, 2023-04-18
57, 28, 2018-10-23, 2020-01-30
28, 27, 2020-02-24, 2020-11-15
188, 19, 2022-05-23, 2023-01-01
177, 30, 2019-01-13, 2019-06-12
116, 12, 2016-12-10, NULL
118, 5, 2021-10-27, 2023-01-25
1, 25, 2022-04-12, 2023-05-15
28, 28, 2018-03-27, 2018-04-10
97, 26, 2019-11-17, 2020-08-30
197, 26, 2022-01-29, 2022-06-12
200, 14, 2020-06-10, 2021-06-22
145, 7, 2020-04-16, 2021-07-30
91, 17, 2022-12-04, NULL
118, 4, 2019-11-20, 2021-01-29
45, 21, 2017-01-11, NULL
39, 16, 2015-01-14, 2015-12-24
168, 8, 2020-10-01, 2022-01-19
199, 12, 2019-11-24, 2021-03-03
120, 11, 2020-11-13, NULL
144, 26, 2017-04-12, 2017-12-19
77, 29, 2015-01-24, 2015-07-07
87, 5, 2020-06-22, 2020-10-26
45, 9, 2019-01-05, 2019-02-26
3, 5, 2021-03-26, 2022-01-08
124, 10, 2016-09-28, 2017-04-26
12, 19, 2019-01-05, 2019-11-07
192, 4, 2020-08-14, 2020-09-24
131, 10, 2016-10-04, 2017-01-16
173, 21, 2023-02-27, 2024-03-21
27, 18, 2020-06-05, 2020-08-01
150, 2, 2023-04-18, 2023-04-28
170, 18, 2019-05-03, 2020-04-23
127, 17, 2021-12-24, 2022-08-07
46, 9, 2022-10-25, 2023-01-09
97, 5, 2017-03-08, 2017-12-07
135, 3, 2018-02-09, 2018-06-21
196, 15, 2019-02-10, 2019-07-03
125, 3, 2016-06-19, NULL
58, 12, 2016-08-13, 2017-09-18
29, 29, 2021-10-16, 2022-02-24
143, 23, 2017-12-13, 2018-06-26
156, 19, 2023-03-29, 2023-05-30
4, 20, 2019-01-08, 2019-01-19
131, 7, 2019-01-03, 2019-05-29
102, 3, 2022-04-04, 2022-05-30
170, 7, 2020-05-18, 2021-01-10
165, 14, 2016-12-13, 2017-04-04
29, 7, 2015-07-29, 2015-11-22
105, 19, 2017-11-13, 2018-03-24
180, 30, 2022-05-09, NULL
76, 29, 2022-04-25, 2023-05-26
68, 15, 2018-03-19, 2018-08-03
46, 2, 2022-06-26, 2022-09-29
26, 19, 2016-11-16, 2017-05-16
97, 5, 2020-02-23, 2020-04-28
65, 11, 2021-10-27, 2022-12-06
167, 11, 2022-04-19, 2022-05-11
143, 21, 2023-02-20, 2023-09-04
58, 17, 2016-05-19, 2017-03-10
168, 24, 2015-07-30, 2016-06-26
115, 28, 2015-05-26, 2016-07-28
116, 22, 2021-03-26, 2022-01-29
185, 21, 2017-05-31, 2017-10-28
54, 29, 2017-11-24, 2019-02-18
66, 15, 2016-10-04, 2017-04-30
110, 18, 2016-12-09, 2017-08-01
151, 7, 2022-08-12, 2022-12-13
109, 25, 2017-11-18, 2018-01-04
26, 16, 2019-01-16, 2019-06-14
106, 25, 2017-02-08, 2017-09-12
174, 15, 2018-01-09, 2018-10-31
36, 7, 2016-02-05, 2016-05-04
40, 21, 2022-05-31, 2022-11-29
181, 12, 2019-06-12, 2020-10-19
16, 8, 2020-12-05, 2021-09-13
176, 13, 2021-04-29, 2022-09-10
114, 22, 2018-10-17, 2020-01-12
164, 21, 2020-10-14, NULL
49, 9, 2018-05-30, 2019-01-14
39, 10, 2021-07-17, 2022-10-24
50, 29, 2022-07-21, 2023-09-02
192, 17, 2021-08-15, 2021-12-04
130, 8, 2021-02-09, 2022-02-14
192, 28, 2022-12-15, NULL
150, 21, 2015-10-31, 2015-12-10
146, 14, 2021-12-14, NULL
21, 11, 2017-04-10, 2018-03-08
90, 7, 2021-06-25, 2022-06-09
115, 20, 2019-10-03, 2020-09-06
32, 26, 2016-05-30, 2016-12-09
160, 7, 2018-12-07, 2019-05-06
106, 1, 2022-07-22, 2022-11-05
154, 19, 2022-07-24, 2022-10-02
51, 28, 2019-05-06, NULL
23, 2, 2022-01-02, 2022-01-15
93, 11, 2019-12-05, 2020-09-29
94, 24, 2015-08-21, 2016-09-22
119, 15, 2017-12-13, 2018-09-06
47, 3, 2019-04-08, 2019-07-02
16, 30, 2017-02-24, 2017-10-11
99, 10, 2016-04-02, 2016-04-12
29, 12, 2019-09-28, 2020-12-30
174, 10, 2018-09-29, 2019-05-06
184, 17, 2020-12-09, 2021-08-15
159, 28, 2018-07-12, NULL
14, 12, 2020-10-09, 2021-11-16
69, 22, 2020-06-19, 2020-08-26
80, 10, 2023-02-05, 2024-02-21
2, 27, 2017-06-20, 2018-08-25
87, 14, 2021-06-10, 2021-12-11
15, 19, 2015-08-01, NULL
112, 24, 2017-08-22, 2017-09-18
85, 11, 2016-11-20, 2018-01-17
126, 1, 2022-03-03, 2022-09-27
75, 20, 2022-04-24, 2023-07-20
12, 3, 2015-11-11, NULL
103, 14, 2020-06-01, 2020-09-24
137, 5, 2022-11-09, NULL
92, 14, 2015-07-22, 2015-11-30
144, 30, 2018-08-20, 2018-09-09
27, 8, 2016-03-03, NULL
31, 4, 2017-10-05, 2018-05-01
31, 19, 2019-03-14, 2019-12-31
166, 29, 2017-07-26, 2017-10-15
13, 25, 2019-04-16, NULL
127, 1, 2022-12-19, 2022-12-21
51, 17, 2021-05-19, 2022-09-04
58, 17, 2019-10-03, 2020-06-13
9, 20, 2022-05-01, 2022-11-04
45, 8, 2016-11-19, 2018-02-19
23, 13, 2017-02-14, 2018-04-21
195, 19, 2022-10-01, NULL
179, 9, 2018-12-28, 2019-04-18
170, 3, 2019-05-27, NULL
174, 9, 2022-01-10, 2022-09-15
176, 23, 2016-04-12, 2017-02-19
164, 23, 2017-08-13, 2018-12-25
107, 16, 2017-12-20, 2018-04-26
173, 18, 2018-09-06, 2018-12-10
91, 21, 2022-05-15, 2022-11-13
106, 1, 2017-07-05, 2018-10-20
35, 14, 2016-11-04, 2016-12-16
180, 6, 2019-04-19, 2020-07-11
130, 15, 2017-10-24, 2018-10-08
181, 4, 2019-01-02, 2019-09-21
195, 4, 2016-03-22, 2017-03-20
192, 28, 2023-03-22, 2024-03-23
70, 16, 2020-06-16, 2021-07-21
130, 11, 2016-08-20, 2017-03-06
16, 24, 2019-07-13, NULL
95, 4, 2021-04-03, 2021-12-24
31, 13, 2020-11-01, 2021-06-27
110, 13, 2016-11-05, 2017-01-11
190, 14, 2020-05-25, 2020-09-22
42, 29, 2021-02-04, 2021-07-30
16, 3, 2020-10-22, 2021-03-24
178, 19, 2022-08-02, NULL
76, 21, 2018-09-27, NULL
14, 1, 2020-05-29, 2020-12-26
163, 18, 2020-08-13, 2021-08-25
184, 8, 2018-07-22, 2019-01-04
167, 4, 2017-07-25, 2018-07-30
159, 23, 2022-02-06, 2022-03-11
179, 17, 2020-06-13, 2021-05-25
87, 24, 2015-04-18, NULL
4, 15, 2020-11-14, 2021-04-10
175, 29, 2016-07-03, 2017-05-25
7, 6, 2016-03-16, 2017-04-24
150, 11, 2018-10-17, 2019-08-21
15, 27, 2015-06-08, 2015-11-16
107, 22, 2015-09-14, 2016-01-13
36, 23, 2015-11-23, 2016-04-20
178, 14, 2017-04-18, 2018-02-11
126, 21, 2020-10-09, 2021-11-28
163, 6, 2021-02-01, 2021-03-19
65, 29, 2021-10-06, 2022-08-24
114, 2, 2021-01-22, 2021-12-15
100, 9, 2022-09-11, 2022-12-30
49, 12, 2020-03-05, NULL
24, 16, 2016-12-13, 2017-10-20
141, 30, 2019-09-28, 2019-12-04
17, 1, 2015-07-04, 2016-07-01
23, 26, 2019-06-23, 2019-12-27
197, 11, 2020-01-26, 2020-07-08
66, 9, 2015-02-16, 2016-01-11
135, 11, 2016-02-29, 2017-01-14
195, 4, 2022-11-24, 2023-11-11
49, 15, 2016-06-21, 2017-02-11
11, 7, 2019-03-21, 2019-12-07
160, 24, 2021-03-23, 2022-07-26
144, 24, 2015-03-10, 2015-05-29
10, 17, 2020-06-19, 2021-10-13
171, 11, 2018-06-12, 2019-01-22
152, 30, 2022-03-26, 2023-02-26
80, 5, 2015-03-02, 2016-01-11
3, 23, 2019-01-10, 2019-02-04
113, 19, 2018-01-10, 2019-03-11
70, 20, 2017-05-07, 2017-06-18
141, 1, 2015-01-23, 2015-11-15
20, 23, 2015-05-23, 2016-03-18
196, 24, 2018-09-30, 2018-10-04
8, 4, 2018-07-03, 2018-12-05
34, 3, 2016-11-07, NULL
62, 6, 2020-06-25, 2021-06-18
197, 20, 2016-01-15, NULL
49, 30, 2017-08-14, 2018-07-27
105, 23, 2019-04-29, 2019-10-30
173, 5, 2022-01-27, 2022-12-15
144, 28, 2017-04-20, NULL
96, 3, 2022-01-05, 2023-02-10
156, 15, 2019-10-04, 2020-06-08
42, 5, 2019-02-26, 2020-05-08
130, 4, 2017-09-29, 2018-03-12
27, 13, 2015-10-31, 2016-11-15
121, 4, 2015-02-16, 2015-07-16
56, 27, 2021-09-19, 2021-10-11
107, 3, 2022-04-30, 2023-08-22
39, 16, 2023-03-18, 2024-01-26
84, 17, 2019-12-26, 2021-03-08
47, 10, 2022-10-23, 2023-08-09
15, 9, 2022-12-20, 2023-10-02
150, 12, 2021-04-13, 2021-12-06
42, 17, 2018-04-02, 2019-04-15
157, 6, 2018-12-04, 2019-07-07
140, 17, 2021-04-09, 2021-05-14
95, 9, 2023-02-20, 2024-01-26
107, 25, 2020-12-06, NULL
57, 17, 2018-01-21, NULL
185, 24, 2020-01-23, 2021-04-30
184, 12, 2019-01-07, 2020-01-29
124, 30, 2015-01-08, 2016-05-18
34, 20, 2022-09-15, 2022-11-03
193, 16, 2020-12-14, 2021-02-16
106, 8, 2021-12-24, 2022-01-11
170, 17, 2017-05-30, NULL
46, 10, 2021-08-15, 2022-05-15
188, 6, 2022-03-07, 2022-12-26
128, 4, 2019-08-31, 2019-10-24
68, 22, 2022-04-14, 2022-10-01
123, 26, 2015-07-24, 2016-08-02
196, 1, 2018-05-16, 2019-08-30
40, 14, 2021-07-24, 2021-11-23
26, 27, 2016-01-15, 2016-04-09
24, 16, 2017-01-24, 2018-04-27
100, 19, 2020-12-02, 2021-02-21
181, 16, 2017-03-25, 2018-06-06
86, 19, 2019-12-15, 2020-07-18
173, 6, 2021-07-25, 2022-08-28
103, 21, 2021-09-10, 2022-04-19
167, 13, 2021-12-17, NULL
89, 5, 2020-08-13, 2020-12-01
63, 28, 2015-09-13, 2016-06-15
55, 21, 2017-09-18, 2018-11-01
23, 5, 2019-03-29, 2019-10-03
67, 20, 2018-05-20, 2018-08-30
131, 16, 2021-09-23, NULL
145, 21, 2021-02-28, NULL
5, 27, 2022-08-20, 2023-12-03
55, 28, 2017-03-20, 2017-05-01
112, 4, 2016-07-08, 2017-05-18
150, 15, 2020-01-05, 2020-03-13
132, 13, 2017-05-28, 2017-06-21
152, 16, 2016-11-17, NULL
7, 24, 2016-02-02, 2016-12-21
8, 21, 2021-07-16, 2022-02-02
96, 28, 2023-03-07, 2024-07-09
118, 16, 2017-01-24, 2017-05-15
34, 23, 2019-04-04, 2019-12-25
120, 5, 2019-11-30, 2019-12-08
173, 28, 2021-12-15, 2023-04-02
77, 22, 2020-07-24, 2020-11-27
98, 13, 2017-07-10, 2018-02-18
82, 8, 2017-08-31, 2017-10-31
115, 8, 2022-07-02, NULL
157, 12, 2015-08-16, 2016-10-20
177, 12, 2018-12-02, NULL
106, 7, 2018-01-03, 2018-09-21
20, 3, 2020-05-28, 2020-07-27
17, 22, 2020-03-05, 2020-08-04
54, 1, 2017-02-15, 2018-05-29
67, 22, 2023-01-10, 2023-07-20
122, 30, 2017-01-28, 2018-03-24
183, 5, 2016-10-17, 2017-11-17
98, 15, 2023-05-20, 2024-07-09
114, 16, 2020-08-07, 2021-05-27
25, 21, 2019-02-17, 2020-03-27
116, 26, 2017-01-30, 2017-09-23
8, 8, 2015-12-30, 2016-02-11
12, 30, 2020-08-07, 2021-03-08
36, 21, 2021-09-28, 2022-12-04
45, 6, 2019-12-09, 2020-06-19
160, 1, 2021-09-03, 2022-05-16
2, 25, 2023-03-04, NULL
51, 14, 2018-01-19, 2018-01-30
88, 4, 2021-07-12, 2021-12-17
23, 21, 2021-02-17, 2021-09-05
132, 12, 2017-08-28, 2017-10-28
95, 18, 2022-06-27, 2023-08-06
66, 21, 2018-09-20, 2019-08-31
42, 7, 2022-04-27, 2022-08-02
36, 5, 2021-06-03, NULL
132, 13, 2022-10-17, 2023-06-15
94, 12, 2017-08-02, 2018-05-27
52, 27, 2020-01-17, 2020-12-22
149, 30, 2019-11-22, 2020-04-08
49, 18, 2016-12-05, 2017-06-23
150, 3, 2021-05-05, 2021-11-21
4, 25, 2022-05-21, 2023-03-23
107, 25, 2016-02-25, 2016-10-29
77, 28, 2016-03-14, 2017-06-27
29, 28, 2019-08-05, 2020-10-25
49, 20, 2018-01-05, 2018-06-19
82, 17, 2018-09-01, 2019-04-30
139, 8, 2019-11-20, 2020-06-07
60, 11, 2021-04-15, 2021-06-05
11, 19, 2018-07-28, 2019-05-24
181, 25, 2021-04-05, 2021-05-27
159, 5, 2015-10-06, 2016-01-05
28, 11, 2017-02-14, 2017-10-19
137, 4, 2019-09-17, 2020-07-30
32, 6, 2020-06-21, 2021-06-24
176, 10, 2017-01-16, 2017-06-27
21, 10, 2018-01-10, 2018-08-01
199, 10, 2016-03-23, 2016-09-17
161, 3, 2018-04-05, 2019-02-26
90, 23, 2017-04-03, 2018-02-05
96, 24, 2018-01-23, 2019-02-15
176, 26, 2020-08-28, 2021-11-22
88, 5, 2018-04-25, 2018-09-12
87, 11, 2017-11-02, 2017-12-04
148, 9, 2019-08-05, NULL
97, 29, 2020-06-30, 2021-06-12
64, 1, 2021-01-22, 2021-03-22
4, 13, 2022-11-02, 2023-10-16
24, 16, 2020-07-08, NULL
57, 23, 2020-06-27, 2020-11-03
89, 5, 2018-07-30, 2019-03-28
75, 16, 2021-12-22, 2022-04-04
194, 28, 2019-06-15, 2020-02-13
151, 11, 2019-04-19, 2019-05-25
91, 7, 2020-04-15, 2021-01-26
154, 13, 2020-11-09, 2021-01-29
117, 9, 2016-01-02, 2016-11-17
69, 1, 2016-10-23, 2017-08-02
167, 18, 2016-10-13, 2017-09-19
88, 24, 2019-03-10, NULL
26, 10, 2017-09-04, 2018-06-03
128, 24, 2019-03-27, 2020-04-23
40, 3, 2023-05-23, 2023-05-25
174, 13, 2015-02-17, NULL
135, 2, 2016-07-27, 2017-03-22
34, 9, 2018-08-17, 2019-02-07
163, 24, 2022-12-13, 2023-04-22
175, 21, 2021-07-14, 2022-01-27
28, 23, 2019-05-15, 2019-08-14
62, 10, 2016-09-21, 2017-11-05
7, 8, 2016-11-01, 2017-11-09
161, 16, 2018-10-24, 2019-12-26
180, 6, 2017-11-23, 2018-04-08
60, 2, 2015-02-10, 2015-09-30
47, 21, 2019-09-30, 2020-07-15
53, 29, 2020-07-15, NULL
179, 19, 2021-12-14, 2022-02-03
196, 29, 2020-12-08, 2021-08-29
198, 5, 2019-09-18, 2019-12-13
49, 3, 2015-12-19, 2016-05-13
110, 14, 2016-10-21, 2017-06-23
26, 14, 2015-08-31, 2016-08-15
155, 20, 2021-10-15, 2022-03-12
42, 9, 2020-11-12, 2021-06-16
116, 23, 2019-12-15, 2020-10-23
150, 3, 2021-11-18, 2023-01-19
176, 16, 2021-06-15, 2022-08-22
140, 21, 2016-05-03, NULL
149, 9, 2022-12-03, 2023-02-01
156, 20, 2020-03-27, 2020-07-31
122, 10, 2015-05-22, 2015-11-12
152, 6, 2022-02-19, 2022-04-12
160, 17, 2021-03-06, 2021-10-03
97, 21, 2021-09-10, 2022-02-24
137, 1, 2015-02-14, 2016-02-04
141, 28, 2022-10-07, 2024-01-31
31, 6, 2023-01-20, 2023-02-07
170, 9, 2018-05-27, 2018-07-08
82, 15, 2015-10-22, NULL
11, 17, 2015-08-13, 2016-02-07
183, 14, 2016-07-20, 2017-02-24
191, 16, 2021-10-25, 2022-09-23
46, 21, 2022-01-10, 2022-09-16
179, 19, 2021-07-13, 2022-04-06
147, 25, 2015-06-20, 2016-05-05
97, 4, 2015-02-14, 2015-09-02
17, 27, 2023-04-07, 2024-07-25
176, 21, 2019-08-27, 2020-07-27
56, 15, 2019-08-19, 2020-11-11
85, 1, 2022-10-26, 2024-02-01
51, 7, 2015-11-06, 2016-12-27
197, 28, 2021-06-03, 2021-10-09
180, 5, 2019-06-16, 2020-05-23
100, 28, 2019-06-24, 2019-11-10
143, 11, 2023-01-29, 2024-01-29
176, 6, 2019-10-17, 2019-12-18
79, 4, 2018-07-08, 2018-11-23
143, 23, 2021-02-13, 2022-05-25
190, 16, 2017-05-16, 2018-05-25
34, 26, 2022-11-16, 2024-03-11
18, 7, 2016-12-16, 2018-04-14
172, 19, 2019-12-29, 2021-04-05
125, 29, 2022-04-13, 2023-06-11
118, 25, 2023-05-04, 2024-06-04
189, 28, 2017-03-22, 2017-11-15
180, 1, 2015-12-17, NULL
155, 27, 2015-02-22, 2015-06-25
177, 7, 2021-08-28, NULL
57, 7, 2021-02-21, 2021-12-14
107, 5, 2020-09-20, 2021-03-01
124, 21, 2016-07-18, 2016-11-04
105, 18, 2019-12-07, 2020-12-29
187, 27, 2018-02-13, 2019-01-18
164, 27, 2015-02-21, 2016-03-01
37, 19, 2020-10-28, 2021-06-07
48, 28, 2021-12-16, 2022-06-21
156, 28, 2021-01-19, NULL
169, 19, 2018-04-26, 2018-11-13
151, 7, 2022-03-07, 2022-08-07
125, 24, 2019-07-09, 2019-10-27
143, 23, 2016-07-01, 2017-03-11
83, 22, 2016-08-29, 2017-07-31
101, 20, 2017-03-10, 2017-04-05
134, 3, 2015-04-07, NULL
105, 6, 2016-04-24, 2017-02-12
4, 17, 2021-08-04, 2022-04-04
162, 11, 2016-06-10, 2016-12-03
82, 21, 2015-07-22, 2015-07-24
82, 21, 2021-10-02, 2022-02-27
90, 29, 2016-06-27, 2016-07-30
34, 11, 2018-05-24, 2019-07-12
25, 16, 2016-06-14, NULL
82, 7, 2018-05-07, 2019-07-18
124, 23, 2021-05-25, NULL
183, 26, 2021-04-10, 2021-10-20
102, 30, 2021-11-20, 2021-11-22
41, 15, 2021-06-12, 2022-03-09
71, 11, 2021-10-19, 2023-02-27
132, 21, 2021-05-30, 2022-01-22
99, 3, 2020-10-28, 2021-05-19
67, 27, 2020-09-04, NULL
23, 2, 2023-01-03, 2023-05-11
133, 27, 2015-07-16, 2015-11-10
71, 16, 2016-12-21, 2017-04-10
11, 9, 2022-03-08, 2023-02-04
9, 20, 2021-06-11, 2022-09-30
163, 27, 2018-02-11, 2019-04-01
62, 30, 2019-11-08, 2020-10-12
91, 28, 2015-07-20, 2015-11-10
9, 14, 2015-01-20, 2015-02-07
153, 28, 2022-06-15, 2023-03-31
2, 2, 2019-04-05, 2019-11-18
155, 30, 2016-11-23, 2017-09-05
121, 2, 2018-01-17, 2018-05-04
66, 17, 2019-11-01, 2019-11-13
112, 14, 2018-04-14, 2018-12-27
116, 13, 2016-07-24, 2017-09-03
173, 24, 2018-08-25, 2019-11-25
22, 2, 2015-09-15, 2016-09-15
58, 4, 2021-12-02, 2022-12-26
112, 16, 2018-09-15, 2018-11-28
151, 17, 2018-10-03, 2019-03-05
197, 25, 2019-09-26, 2020-03-16
87, 30, 2016-01-10, 2016-06-19
49, 30, 2018-10-11, 2018-10-31
5, 3, 2016-07-03, 2017-03-26
28, 4, 2021-11-28, NULL
162, 3, 2021-05-11, 2022-08-02
126, 21, 2016-12-04, 2017-12-25
30, 14, 2015-02-04, 2015-05-07
50, 4, 2019-12-19, 2020-08-02
11, 22, 2018-06-26, 2018-08-31
114, 23, 2017-03-05, 2017-12-31
178, 19, 2021-05-15, 2021-12-24
12, 22, 2016-02-20, 2016-07-02
159, 27, 2015-06-15, 2016-06-08
60, 5, 2016-07-10, 2017-10-04
102, 5, 2016-11-19, 2016-12-02
66, 7, 2020-06-17, 2020-11-10
193, 30, 2015-09-02, 2016-06-04
92, 4, 2023-05-05, 2024-08-11
142, 16, 2020-02-13, 2021-03-17
53, 2, 2018-10-10, 2018-10-31
149, 2, 2016-10-10, 2016-12-20
68, 29, 2015-04-28, 2016-01-15
177, 5, 2021-04-23, 2022-03-13
61, 9, 2022-08-27, 2023-03-28
89, 2, 2015-11-15, 2017-02-13
105, 26, 2021-06-21, 2022-02-27
199, 29, 2018-04-22, 2019-04-22
151, 30, 2016-11-01, 2017-11-30
136, 12, 2020-10-19, 2021-12-09
98, 6, 2017-04-05, 2018-07-18
65, 19, 2018-01-12, 2018-07-06
195, 29, 2018-08-20, 2019-02-04
15, 19, 2016-09-29, 2017-09-03
173, 19, 2015-06-23, 2016-10-14
171, 19, 2021-08-18, NULL
27, 29, 2019-03-01, 2019-10-17
192, 2, 2021-10-19, 2022-08-07
149, 2, 2021-09-19, 2022-06-28
19, 28, 2017-03-27, 2017-07-17
187, 25, 2015-09-04, NULL
182, 20, 2018-12-30, 2019-07-25
59, 16, 2016-06-21, 2017-09-08
138, 28, 2019-07-05, NULL
174, 30, 2023-01-27, 2023-08-02
13, 11, 2016-11-23, 2017-11-26
100, 27, 2020-02-17, 2020-11-05
80, 6, 2019-11-15, 2021-02-25
86, 16, 2023-03-16, 2023-09-14
21, 23, 2016-12-15, NULL
166, 27, 2017-10-09, 2017-11-09
188, 28, 2018-07-30, 2019-08-31
173, 15, 2018-06-28, 2019-07-12
177, 9, 2017-11-06, 2018-11-04
127, 15, 2018-08-08, 2019-04-14
29, 11, 2023-03-07, 2024-03-19
40, 1, 2022-10-31, 2024-01-20
168, 8, 2020-03-04, 2020-06-14
174, 7, 2020-08-14, 2021-10-25
61, 21, 2015-06-22, 2015-08-29
180, 13, 2022-11-27, 2024-04-10
117, 4, 2020-01-07, 2020-12-01
13, 12, 2021-10-13, 2022-02-13
125, 22, 2022-04-15, 2023-07-20
148, 7, 2015-07-08, 2016-09-15
143, 20, 2020-08-28, 2021-06-24
7, 7, 2021-10-08, NULL
70, 20, 2020-09-27, 2021-08-16
29, 11, 2020-01-19, NULL
198, 26, 2016-03-26, NULL
134, 15, 2019-05-17, 2020-04-06
134, 30, 2023-01-24, 2023-05-23
106, 6, 2015-03-25, 2016-05-30
109, 14, 2017-08-31, 2018-04-19
4, 28, 2022-02-19, 2022-05-16
110, 18, 2016-06-23, 2016-07-28
63, 1, 2017-01-31, 2017-02-06
115, 29, 2017-07-13, 2018-10-20
6, 1, 2016-10-01, 2017-02-09
168, 4, 2019-03-18, 2019-03-25
51, 20, 2015-10-04, 2016-05-02
85, 27, 2019-09-13, 2020-01-09
161, 30, 2020-09-19, 2021-03-17
143, 1, 2016-02-08, 2016-06-07
159, 9, 2015-02-25, 2015-08-14
122, 13, 2020-10-17, NULL
172, 10, 2020-09-14, 2021-01-27
190, 19, 2015-09-11, NULL
82, 15, 2020-12-20, 2021-01-22
104, 1, 2017-06-12, 2017-12-05
168, 6, 2017-11-07, 2018-09-23
118, 1, 2019-02-17, 2020-01-31
98, 7, 2015-04-14, 2015-07-15
140, 5, 2017-05-02, 2018-04-18
150, 4, 2021-03-01, 2021-03-08
75, 7, 2016-02-04, 2016-08-18
180, 3, 2015-02-09, 2015-10-20
132, 17, 2018-05-13, 2019-06-04
21, 9, 2015-01-06, 2015-07-14
195, 28, 2022-08-27, 2023-10-01
110, 30, 2020-09-30, 2021-05-03
197, 10, 2020-11-18, 2021-06-25
50, 24, 2019-10-12, 2020-12-02
62, 11, 2015-10-06, 2016-01-29
96, 15, 2021-01-29, 2021-06-17
179, 23, 2022-02-04, 2022-11-09
39, 29, 2022-10-14, 2023-02-02
24, 27, 2020-05-26, 2020-09-13
174, 19, 2016-09-26, 2018-02-05
177, 5, 2019-05-27, 2020-07-16
79, 3, 2018-10-03, 2019-05-10
112, 25, 2016-07-26, 2017-04-19
147, 19, 2018-11-01, 2019-12-30
146, 17, 2020-12-21, 2021-07-14
57, 7, 2017-05-27, 2018-01-21
18, 26, 2017-03-19, NULL
58, 27, 2015-02-25, 2016-06-23
43, 15, 2020-07-31, 2021-08-01
31, 11, 2022-02-12, 2022-03-29
175, 9, 2019-07-06, 2020-11-05
28, 3, 2021-04-05, 2022-05-19
53, 28, 2018-11-24, 2019-01-01
140, 24, 2017-01-28, 2017-07-22
1, 14, 2015-12-14, 2016-11-30
24, 15, 2021-04-06, NULL
168, 26, 2018-03-16, 2018-10-25
133, 14, 2021-01-04, 2022-01-30
11, 29, 2021-11-26, 2023-01-17
30, 10, 2017-02-01, 2017-05-21
145, 1, 2018-01-16, 2018-06-29
189, 11, 2022-05-01, 2023-02-17
19, 25, 2022-06-27, 2023-01-01
84, 21, 2022-01-27, NULL
115, 30, 2023-03-24, 2024-06-23
147, 4, 2016-06-10, 2016-08-31
143, 11, 2018-09-28, 2019-07-23
146, 12, 2017-04-29, 2018-07-07
140, 16, 2017-07-11, 2018-04-28
18, 13, 2021-11-19, 2022-11-24
145, 29, 2017-01-30, 2018-04-04
189, 26, 2019-10-12, 2020-02-20
145, 21, 2017-01-21, 2017-05-16
67, 18, 2020-08-14, 2020-12-18
99, 20, 2023-04-25, 2023-10-27
143, 11, 2021-07-12, 2022-08-27
172, 10, 2015-04-20, 2016-08-05
101, 18, 2023-02-10, 2023-05-02
117, 11, 2023-04-12, 2023-08-17
53, 29, 2018-05-04, NULL
143, 1, 2023-03-29, 2023-10-15
22, 17, 2019-12-21, 2021-02-17
129, 19, 2018-11-30, 2019-10-04
66, 17, 2016-11-01, NULL
23, 26, 2019-05-25, 2020-09-13
50, 24, 2022-08-03, 2022-11-06
190, 10, 2015-11-14, 2015-12-18
120, 20, 2017-03-04, 2017-12-26
159, 5, 2022-03-31, 2023-01-12
69, 8, 2017-03-02, 2018-01-03
129, 9, 2018-10-03, 2018-11-22
110, 9, 2017-05-31, 2018-08-24
6, 11, 2018-04-27, 2019-04-16
143, 24, 2017-11-15, 2018-10-01
134, 15, 2020-08-05, 2021-10-22
189, 28, 2020-05-22, 2020-12-24
110, 30, 2021-06-17, 2022-06-16
92, 26, 2023-03-17, 2023-08-11
37, 4, 2017-02-04, 2017-11-25
88, 7, 2016-10-30, NULL
182, 1, 2018-12-06, 2019-04-02
161, 27, 2020-07-08, 2020-11-30
148, 1, 2017-10-10, NULL
13, 15, 2015-05-17, 2015-12-16
195, 6, 2015-05-03, 2016-01-18
11, 22, 2022-05-05, 2023-04-10
9, 9, 2016-08-08, 2017-06-05
197, 4, 2019-07-23, 2019-10-23
80, 22, 2016-06-26, 2017-02-12
149, 11, 2017-05-13, NULL
27, 4, 2022-11-26, 2023-11-20
121, 2, 2015-06-05, 2016-03-03
183, 4, 2018-06-03, 2018-09-20
101, 17, 2018-03-25, 2018-12-15
53, 21, 2016-09-25, 2018-01-23
76, 3, 2020-05-21, 2021-02-07
27, 12, 2018-07-22, 2018-11-04
62, 16, 2015-03-22, 2016-05-03
10, 29, 2016-11-20, 2016-12-01
6, 18, 2015-04-12, 2015-05-08
2, 18, 2022-08-25, 2023-02-11
150, 18, 2022-01-16, 2023-03-27
134, 21, 2023-02-08, 2023-03-12
164, 29, 2021-11-16, 2022-04-15
173, 29, 2015-01-10, 2015-01-24
11, 5, 2020-12-06, 2021-09-28
159, 16, 2017-11-23, 2018-05-31
93, 3, 2016-07-19, 2017-10-15
34, 29, 2022-10-10, 2023-11-12
46, 11, 2017-03-18, 2018-05-14
94, 27, 2018-01-07, 2018-02-15
39, 4, 2019-01-22, 2019-08-15
39, 4, 2015-03-01, 2016-04-18
130, 13, 2017-11-29, 2018-09-29
28, 27, 2022-09-11, 2022-12-19
6, 16, 2022-11-10, 2023-01-20
14, 18, 2020-08-08, 2021-01-01
164, 6, 2020-01-05, 2020-04-26
102, 14, 2021-11-25, 2021-12-25
106, 28, 2017-06-28, 2017-08-31
27, 17, 2020-03-16, 2020-12-18
43, 27, 2022-09-19, 2023-12-31
24, 26, 2018-12-13, 2019-07-17
104, 25, 2023-04-03, 2023-10-15
181, 11, 2015-11-12, 2016-03-23
64, 4, 2022-09-22, 2023-01-20
162, 8, 2023-01-05, 2023-01-16
147, 16, 2020-08-26, 2020-11-22
92, 23, 2016-05-09, 2016-07-11
20, 19, 2018-06-09, 2019-09-01
60, 16, 2017-11-25, 2017-12-11
118, 21, 2016-04-14, 2016-09-19
105, 1, 2022-08-15, 2023-06-11
191, 20, 2022-10-22, 2023-01-31
57, 15, 2018-07-13, 2019-01-24
33, 9, 2018-03-29, 2019-07-01
112, 16, 2016-01-27, 2016-11-23
27, 5, 2021-02-13, 2021-03-05
116, 15, 2021-06-22, 2021-06-23
55, 14, 2018-02-18, 2018-11-15
25, 17, 2022-11-22, 2023-09-16
191, 10, 2022-03-02, 2022-07-02
62, 18, 2015-01-01, 2016-01-28
98, 5, 2015-08-10, 2016-09-09
98, 21, 2015-09-05, 2016-06-27
186, 16, 2019-05-27, 2019-09-17
146, 9, 2017-07-25, NULL
146, 16, 2022-06-22, 2023-08-31
16, 13, 2021-04-20, 2022-08-17
200, 25, 2017-10-17, 2018-10-16
130, 28, 2016-03-06, 2016-05-10
115, 23, 2019-01-22, 2019-06-19
70, 2, 2017-10-13, 2018-03-09
8, 17, 2018-10-14, 2020-02-21
190, 9, 2016-07-14, 2017-04-04
4, 8, 2020-08-04, 2021-12-08
127, 18, 2015-12-07, 2016-04-16
110, 7, 2015-11-04, 2016-02-21
107, 3, 2023-04-28, 2023-07-27
184, 24, 2022-04-03, 2022-09-27
151, 28, 2017-09-29, 2018-11-09
94, 13, 2016-09-15, 2017-12-18
57, 19, 2015-06-13, 2015-09-06
107, 5, 2017-12-16, 2018-11-14
111, 9, 2021-07-16, 2022-02-11
119, 3, 2020-04-28, 2020-05-17
78, 5, 2017-05-27, NULL
7, 27, 2015-01-19, NULL
3, 14, 2020-12-20, 2022-01-21
128, 22, 2015-06-03, 2016-06-28
169, 15, 2015-04-25, 2015-07-30
168, 29, 2020-09-16, 2021-05-06
182, 2, 2016-06-11, 2016-08-28
118, 6, 2015-12-19, 2017-04-09
38, 24, 2019-04-15, 2019-06-09
83, 8, 2015-10-07, 2016-03-28
128, 27, 2018-10-27, 2018-11-28
197, 11, 2018-04-30, 2019-06-10
1, 6, 2022-05-18, 2023-08-13
184, 23, 2015-08-12, 2016-06-13
127, 4, 2022-03-08, 2022-11-25
139, 12, 2016-01-04, 2016-04-26
31, 18, 2018-09-05, 2019-01-01
20, 10, 2015-08-18, 2015-12-19
142, 30, 2017-09-14, 2018-02-06
185, 1, 2018-12-03, 2019-04-22
43, 16, 2017-08-24, NULL
184, 25, 2019-01-17, 2020-02-15
122, 27, 2017-07-12, 2018-03-29
149, 19, 2023-02-21, 2024-03-16
78, 9, 2023-04-06, 2024-03-08
110, 2, 2021-07-13, 2021-11-04
70, 22, 2018-05-10, 2019-05-04
11, 15, 2017-04-13, 2018-04-07
189, 29, 2018-10-07, 2018-12-06
188, 15, 2022-12-11, 2023-05-17
134, 24, 2021-07-10, 2021-12-08
180, 26, 2021-11-09, 2022-04-18
152, 11, 2018-08-07, 2019-07-26
174, 14, 2015-07-12, NULL
102, 3, 2021-06-09, 2021-11-14
169, 9, 2020-10-13, 2021-09-13
166, 10, 2018-07-01, 2018-10-29
89, 7, 2021-05-17, 2022-09-02
48, 22, 2019-10-01, 2020-08-30
107, 19, 2019-09-13, 2019-10-16
197, 17, 2016-06-05, 2016-12-20
24, 5, 2020-03-31, 2021-07-12
4, 10, 2016-11-19, 2017-01-29
100, 25, 2016-02-23, 2017-04-04
93, 24, 2022-07-19, 2023-11-08
73, 30, 2019-08-13, 2020-03-12
114, 30, 2019-03-16, 2020-01-10
192, 19, 2016-10-03, 2017-05-12
157, 11, 2015-06-22, 2015-10-02
183, 5, 2017-01-10, NULL
171, 1, 2022-04-29, 2023-02-05
175, 3, 2016-02-03, NULL
152, 15, 2023-04-03, 2023-12-29
68, 3, 2021-12-11, 2023-04-14
5, 27, 2019-03-10, 2019-11-26
121, 16, 2021-08-26, NULL
72, 12, 2022-11-18, 2023-01-22
51, 26, 2019-09-19, 2020-03-19
63, 23, 2022-02-13, 2022-08-22
168, 12, 2015-02-17, 2016-02-12
199, 15, 2018-10-06, 2019-09-09
183, 20, 2015-12-06, 2017-01-05
94, 3, 2021-10-21, 2022-12-28
140, 20, 2021-11-23, 2023-01-01
88, 6, 2021-01-22, 2021-10-09
156, 14, 2017-02-20, 2017-06-13
135, 9, 2015-07-02, 2015-07-14
133, 30, 2019-01-27, 2019-05-08
6, 16, 2022-08-09, NULL
139, 7, 2022-11-19, 2023-01-30
10, 1, 2020-06-28, 2021-03-10
151, 27, 2016-06-30, 2017-02-13
122, 29, 2019-09-10, 2019-10-14
131, 25, 2020-10-27, NULL
182, 12, 2018-06-27, 2019-04-10
3, 4, 2018-03-11, 2018-09-10
126, 26, 2021-05-10, 2021-05-11
99, 28, 2023-02-27, 2023-09-13
48, 7, 2018-06-26, 2018-11-20
15, 4, 2020-12-11, 2021-07-04
194, 24, 2019-01-28, 2020-01-20
50, 9, 2018-03-29, 2019-03-22
136, 22, 2022-12-28, 2023-07-21
24, 12, 2018-10-23, 2019-11-20
184, 26, 2020-05-06, 2021-07-05
73, 24, 2020-05-25, 2020-10-23
13, 6, 2016-10-27, 2017-12-01
176, 21, 2020-11-16, 2021-04-29
158, 23, 2018-06-28, 2019-09-10
15, 22, 2015-05-28, 2015-06-18
150, 26, 2023-05-02, 2023-12-22
91, 17, 2021-07-13, 2022-10-09
166, 23, 2016-01-03, 2016-02-12
35, 21, 2022-11-23, 2023-08-26
73, 15, 2015-08-10, NULL
196, 20, 2022-12-19, 2023-05-18
18, 3, 2017-12-18, NULL
40, 24, 2023-05-07, 2024-09-09
28, 9, 2021-10-17, 2022-09-13
9, 27, 2017-01-28, 2017-08-09
114, 29, 2022-06-08, 2023-09-02
168, 12, 2017-08-18, 2018-11-12
198, 16, 2023-02-26, 2023-07-25
118, 20, 2019-08-23, 2020-09-25
173, 6, 2019-08-24, 2019-09-15
72, 25, 2020-03-12, NULL
154, 12, 2016-11-26, 2017-06-10
110, 3, 2020-09-28, 2021-12-23
95, 1, 2023-03-03, 2023-12-28
11, 9, 2021-12-08, NULL
17, 30, 2021-08-02, 2022-01-25
43, 13, 2016-07-12, 2016-10-23
140, 19, 2021-11-26, 2022-06-21
29, 19, 2018-11-25, 2019-05-29
26, 16, 2017-12-12, 2018-06-19
195, 18, 2023-02-12, 2023-06-04
17, 25, 2015-02-21, 2015-04-25
49, 29, 2022-10-02, 2023-05-08
125, 7, 2020-01-02, NULL
158, 26, 2023-03-23, 2023-10-08
158, 11, 2016-11-19, 2017-12-14
127, 16, 2021-09-05, 2021-11-12
165, 5, 2016-05-09, 2017-01-28
107, 8, 2017-06-27, 2017-08-30
163, 8, 2020-10-22, 2021-08-09
161, 20, 2018-08-20, 2019-10-02
173, 17, 2018-07-13, 2019-02-07
31, 5, 2018-06-29, 2019-06-27
185, 5, 2022-08-11, 2023-05-02
2, 5, 2016-01-08, 2016-08-04
21, 23, 2019-01-04, 2019-04-09
193, 23, 2020-08-25, 2020-11-06
60, 11, 2017-02-24, 2017-04-18
127, 10, 2016-04-07, 2016-07-15
174, 1, 2019-05-30, 2020-01-14
76, 1, 2018-08-18, 2018-10-23
16, 25, 2023-04-21, 2024-04-25
194, 17, 2020-07-02, 2021-05-11
89, 23, 2015-09-09, 2016-10-08
189, 28, 2015-05-09, 2015-10-10
160, 17, 2023-01-24, 2024-05-29
95, 14, 2023-02-01, 2023-07-23
10, 22, 2018-01-18, 2018-04-21
192, 9, 2021-11-28, 2022-09-26
12, 6, 2016-08-22, 2017-02-28
12, 15, 2023-02-18, 2024-01-16
122, 11, 2020-09-09, 2021-11-13
158, 12, 2021-12-17, 2023-02-24
187, 15, 2016-03-05, NULL
41, 7, 2016-07-13, 2017-03-19
41, 20, 2021-05-26, NULL
35, 1, 2015-01-20, 2016-04-01
32, 18, 2016-04-10, 2016-04-23
146, 20, 2017-08-09, 2017-12-01
51, 27, 2015-08-13, 2015-08-21
55, 28, 2019-06-06, 2019-08-27
77, 2, 2019-11-03, 2020-11-29
146, 12, 2021-12-25, 2022-06-03
98, 29, 2021-09-10, 2023-01-09
167, 28, 2022-12-07, 2023-01-19
81, 20, 2020-11-21, 2021-06-02
135, 24, 2016-10-29, 2017-01-18
117, 17, 2019-07-02, 2019-08-25
115, 1, 2017-01-28, 2017-01-30
101, 18, 2022-06-08, 2023-06-23
125, 2, 2019-08-12, 2019-10-16
81, 9, 2020-04-13, NULL
11, 7, 2015-03-28, 2015-06-30
132, 5, 2022-12-02, 2024-03-31
41, 1, 2016-07-14, 2016-10-07
61, 28, 2020-03-25, 2021-02-05
199, 20, 2016-06-24, 2017-08-06
80, 29, 2019-01-26, 2019-07-18
62, 12, 2019-03-04, 2020-01-29
139, 5, 2015-11-10, 2016-03-17
60, 1, 2022-09-13, 2023-02-10
198, 7, 2021-08-15, 2021-10-10
18, 2, 2020-11-06, 2021-09-24
166, 6, 2018-08-16, 2019-12-28
102, 26, 2016-09-10, 2017-08-12
17, 3, 2017-09-25, NULL
84, 28, 2019-01-06, 2019-03-22
144, 13, 2021-07-14, 2021-09-08
121, 4, 2022-02-24, 2022-06-18
47, 14, 2018-12-11, 2019-12-20
179, 6, 2019-05-02, 2020-02-06
147, 18, 2020-12-28, NULL
164, 28, 2023-06-01, 2023-07-18
81, 1, 2022-10-06, 2023-10-09
115, 2, 2020-01-30, 2020-03-08
100, 4, 2019-10-12, 2020-05-01
149, 23, 2019-08-03, 2020-02-10
179, 26, 2021-01-03, 2022-01-04
126, 5, 2018-06-04, 2019-07-07
131, 22, 2021-10-16, 2021-12-13
91, 18, 2018-12-06, 2019-06-20
67, 21, 2019-06-08, 2020-07-13
20, 26, 2022-02-27, 2022-12-05
181, 19, 2023-04-14, 2024-07-21
175, 28, 2019-06-28, 2019-07-21
40, 5, 2020-12-08, 2021-12-11
20, 28, 2020-05-27, 2021-04-16
99, 9, 2016-02-27, 2016-05-15
191, 7, 2017-10-17, 2018-01-28
85, 11, 2021-06-08, 2021-08-11
116, 11, 2017-07-12, 2017-10-13
81, 24, 2021-11-12, 2022-01-29
60, 5, 2016-07-26, 2017-01-05
31, 7, 2018-12-06, 2019-09-19
27, 17, 2017-11-27, 2017-12-31
80, 8, 2015-06-22, 2016-03-28
62, 7, 2017-12-17, 2018-10-12
143, 21, 2015-11-25, NULL
6, 21, 2019-06-20, NULL
162, 26, 2016-04-05, 2016-10-11
40, 24, 2021-04-11, 2022-03-02
124, 7, 2016-06-08, 2016-12-08
121, 12, 2016-07-10, 2017-08-11
87, 30, 2021-12-04, 2023-04-13
177, 14, 2020-12-20, 2022-01-03
137, 2, 2023-04-09, 2023-07-04
163, 19, 2017-07-22, 2017-09-17
168, 8, 2022-06-17, 2023-09-24
20, 6, 2021-04-14, 2021-12-02
178, 23, 2022-02-16, 2022-03-03
135, 21, 2021-04-17, 2021-07-27
192, 5, 2017-02-14, 2018-04-28
177, 2, 2021-08-30, 2022-12-11
61, 10, 2016-09-08, 2017-08-22
196, 15, 2017-01-01, 2017-07-03
90, 10, 2016-09-12, NULL
111, 10, 2015-10-30, 2017-02-10
133, 13, 2023-05-17, 2024-06-11
152, 15, 2021-05-04, 2022-08-10
130, 6, 2023-03-04, NULL
24, 5, 2018-02-27, 2018-12-13
160, 11, 2023-02-24, 2023-12-19
87, 12, 2022-12-10, 2024-01-19
111, 7, 2020-12-08, 2022-01-08
39, 6, 2016-06-04, 2017-01-13
78, 7, 2015-08-03, 2016-09-25
68, 21, 2015-07-21, 2015-07-22
43, 13, 2018-03-26, 2019-04-16
72, 2, 2017-09-16, 2018-04-20
186, 12, 2022-12-08, 2023-09-26
87, 25, 2019-05-07, 2019-11-22
121, 18, 2022-10-25, 2024-02-04
53, 8, 2023-03-07, 2023-08-08
123, 10, 2023-01-05, 2023-12-31
33, 15, 2017-04-22, NULL
194, 13, 2016-11-04, 2017-08-02
76, 30, 2018-03-21, 2018-04-04
71, 27, 2016-01-29, NULL
155, 14, 2015-02-01, 2016-02-12
107, 26, 2019-09-14, 2020-11-05
100, 15, 2019-08-27, 2020-12-01
4, 11, 2016-03-21, 2017-06-09
84, 9, 2015-11-25, 2016-05-19
85, 5, 2018-10-14, 2018-12-17
44, 28, 2022-02-25, 2023-07-06
133, 19, 2022-01-05, 2022-02-23
46, 28, 2019-01-16, 2019-10-17
128, 30, 2020-04-05, 2021-02-08
66, 6, 2021-10-26, 2022-09-24
162, 8, 2017-07-24, 2017-09-08
30, 19, 2020-12-31, 2021-05-24
3, 19, 2016-02-13, 2016-03-12
39, 5, 2017-01-22, 2017-03-11
157, 12, 2020-05-01, 2021-03-25
134, 7, 2020-09-02, 2021-11-27
125, 6, 2023-01-18, 2023-03-14
144, 22, 2021-11-16, NULL
113, 20, 2021-04-03, 2021-07-28
166, 10, 2022-11-10, 2023-05-21
78, 6, 2015-02-01, 2015-10-17
12, 25, 2019-10-01, 2019-12-30
27, 12, 2023-01-31, 2023-02-24
170, 22, 2017-06-12, NULL
133, 3, 2017-08-12, 2018-06-24
144, 21, 2015-02-04, 2015-10-31
79, 4, 2022-03-25, 2022-11-30
134, 9, 2017-04-07, 2017-12-19
22, 26, 2015-07-25, 2015-10-09
9, 12, 2022-09-04, NULL
20, 4, 2015-02-26, 2016-02-25
34, 20, 2021-05-02, 2021-05-14
91, 6, 2019-03-16, NULL
189, 14, 2017-10-14, 2018-03-08
72, 20, 2016-01-13, 2016-05-12
95, 20, 2018-09-16, 2019-09-12
16, 12, 2019-11-12, 2020-01-02
170, 19, 2019-10-27, 2020-06-12
97, 5, 2016-01-19, 2016-04-30
80, 18, 2015-05-26, 2015-09-14
167, 22, 2015-03-10, 2016-05-24
42, 11, 2015-04-10, 2015-06-22
130, 26, 2022-08-19, 2023-08-07
154, 12, 2018-10-08, 2019-09-23
115, 25, 2020-09-10, 2021-12-22
87, 12, 2020-08-16, 2021-12-17
189, 22, 2021-07-07, 2021-09-29
16, 28, 2018-02-12, 2018-12-26
49, 7, 2015-11-05, 2016-07-15
133, 28, 2021-03-16, 2021-07-26
93, 19, 2018-12-20, 2019-09-27
13, 10, 2015-04-09, 2015-12-08
123, 29, 2021-11-08, NULL
21, 29, 2015-01-22, 2016-02-07
196, 22, 2019-10-27, 2020-09-08
94, 15, 2019-04-18, 2019-04-21
25, 17, 2020-10-23, 2021-07-22
81, 27, 2020-08-20, 2020-11-16
1, 16, 2022-07-28, 2022-09-24
108, 12, 2020-04-05, 2020-09-20
23, 21, 2022-11-07, 2023-06-16
197, 17, 2020-02-24, 2020-04-22
114, 2, 2022-04-09, NULL
181, 25, 2015-11-04, 2016-06-06
19, 4, 2022-02-28, NULL
170, 10, 2018-12-09, 2019-04-02
104, 19, 2019-03-02, 2019-07-23
89, 18, 2021-04-01, 2021-08-05
27, 21, 2020-10-09, 2022-01-17
106, 17, 2021-02-11, 2022-06-02
160, 14, 2019-03-08, 2020-04-23
167, 14, 2022-10-27, 2023-01-04
149, 11, 2016-02-09, 2016-11-25
154, 7, 2015-05-17, NULL
188, 26, 2022-03-20, 2023-03-23
183, 25, 2017-04-24, 2018-03-19
34, 13, 2016-10-12, 2016-11-18
132, 25, 2016-11-13, 2017-04-13
81, 11, 2020-07-30, 2021-05-24
140, 3, 2019-02-20, 2019-07-31
124, 9, 2023-01-06, 2023-06-28
23, 26, 2020-08-02, 2021-08-26
8, 4, 2018-09-07, NULL
176, 2, 2019-07-16, 2019-08-26
70, 23, 2022-03-18, 2023-05-14
121, 11, 2016-05-07, 2017-03-16
61, 7, 2018-08-16, 2018-12-08
181, 1, 2019-03-29, 2019-08-20
185, 11, 2020-09-06, 2021-04-09
128, 17, 2017-04-13, 2018-05-15
175, 11, 2019-06-05, 2020-04-08
57, 7, 2022-09-23, 2023-12-14
98, 19, 2015-09-28, 2015-12-06
124, 22, 2023-04-15, 2023-05-02
199, 18, 2016-05-04, 2017-07-30
67, 28, 2016-08-27, 2017-06-17
162, 30, 2016-04-26, 2016-09-01
19, 22, 2021-03-23, 2022-03-29
111, 18, 2022-09-08, 2023-09-29
116, 27, 2019-10-23, 2020-07-06
77, 17, 2015-07-15, 2016-02-08
59, 28, 2022-10-16, 2024-02-24
139, 21, 2022-11-14, NULL
4, 28, 2023-04-27, 2024-01-08
88, 10, 2022-11-24, 2023-03-17
39, 27, 2023-02-23, 2023-02-26
150, 22, 2019-12-12, 2020-05-16
69, 10, 2019-08-13, 2020-10-04
24, 24, 2016-11-18, 2018-01-17
128, 20, 2019-09-10, NULL
196, 4, 2020-06-25, 2021-03-08
119, 29, 2015-05-27, 2016-04-14
173, 7, 2019-04-04, 2020-07-13
149, 19, 2015-11-04, 2016-09-27
56, 7, 2019-07-08, 2020-05-30
13, 30, 2018-11-24, 2020-02-21
42, 25, 2021-08-28, 2022-02-08
70, 21, 2016-02-09, 2017-01-04
120, 18, 2020-02-13, 2021-04-11
34, 16, 2019-04-05, 2020-05-18
144, 15, 2020-04-26, 2020-06-17
124, 24, 2016-06-22, 2017-01-29
62, 28, 2015-06-19, NULL
44, 13, 2023-04-11, 2023-09-29
35, 30, 2015-07-25, 2016-08-15
116, 25, 2023-02-14, 2023-07-24
16, 3, 2018-06-27, 2018-08-15
25, 11, 2017-09-22, 2018-05-16
161, 25, 2015-10-05, 2015-12-09
74, 13, 2021-11-20, 2022-06-28
195, 21, 2016-05-28, 2016-11-08
183, 5, 2017-02-10, 2018-03-04
137, 28, 2023-05-09, 2024-05-31
160, 15, 2016-03-08, 2017-03-22
122, 8, 2016-06-06, 2017-05-20
121, 10, 2017-12-17, 2018-08-24
77, 4, 2020-05-31, 2021-03-24
99, 30, 2015-09-27, 2015-12-09
157, 21, 2015-01-14, 2015-12-26
32, 20, 2016-01-05, 2016-12-12
25, 16, 2022-11-03, 2023-06-29
198, 17, 2016-08-09, 2017-01-21
79, 3, 2022-05-04, 2022-08-01
89, 22, 2021-05-05, 2021-08-17
84, 13, 2022-05-19, 2023-09-06
42, 22, 2016-02-27, 2016-08-20
2, 18, 2020-04-06, 2020-12-26
21, 19, 2016-12-16, 2017-02-28
193, 3, 2016-04-15, 2017-04-01
143, 17, 2015-04-09, 2015-10-15
181, 22, 2022-09-26, 2023-05-07
22, 8, 2020-02-17, 2021-01-15
152, 16, 2017-06-24, 2018-07-14
132, 9, 2021-03-19, 2021-11-21
158, 1, 2019-03-06, 2020-02-15
125, 4, 2019-08-28, 2020-08-18
112, 6, 2020-02-27, 2021-04-07
40, 15, 2019-10-05, 2020-04-10
41, 12, 2022-01-14, 2022-08-07
1, 26, 2019-11-14, 2020-10-24
35, 11, 2017-01-12, 2017-11-07
39, 15, 2021-07-20, 2022-06-08
143, 16, 2016-09-22, 2017-06-12
40, 12, 2019-12-12, 2020-08-03
77, 26, 2018-05-14, 2019-03-25
141, 13, 2019-11-03, 2020-04-13
36, 1, 2021-01-26, 2022-03-29
125, 25, 2018-02-07, NULL
92, 7, 2018-02-04, 2019-04-03
70, 29, 2019-05-21, 2019-06-29
106, 27, 2020-07-11, 2021-03-24
81, 11, 2021-11-28, 2022-07-07
86, 15, 2021-12-28, 2023-02-23
113, 5, 2018-06-17, 2018-12-17
69, 9, 2021-07-02, 2021-07-11
119, 16, 2023-04-04, 2023-08-30
97, 10, 2017-01-15, 2017-05-22
46, 8, 2016-12-20, 2017-02-06
17, 14, 2017-05-22, 2018-09-11
72, 14, 2020-06-02, 2020-06-17
3, 24, 2021-02-10, 2021-05-10
123, 22, 2021-01-26, 2021-09-06
140, 5, 2023-01-15, 2023-11-30
62, 16, 2022-06-03, 2023-02-12
132, 27, 2015-07-25, 2016-06-04
98, 15, 2019-07-01, 2020-09-06
148, 24, 2015-05-31, 2015-10-26
11, 11, 2021-05-09, NULL
81, 7, 2015-09-16, 2017-01-08
190, 2, 2018-05-08, 2018-08-19
72, 25, 2022-04-16, 2023-01-19
186, 19, 2016-08-10, NULL
79, 16, 2019-01-17, NULL
4, 10, 2017-04-14, 2018-07-01
170, 12, 2017-06-04, 2017-12-20
196, 30, 2015-10-24, 2016-10-21
114, 3, 2018-05-21, 2019-02-21
58, 5, 2023-04-22, 2024-02-24
46, 29, 2017-01-03, 2017-08-11
75, 25, 2016-04-02, 2016-08-09
14, 23, 2018-10-22, 2019-07-30
166, 30, 2015-08-23, 2016-02-03
123, 2, 2017-07-05, NULL
96, 24, 2020-09-14, NULL
113, 30, 2021-12-01, 2022-01-09
170, 19, 2015-12-17, 2016-10-30
19, 15, 2015-02-10, 2015-07-09
116, 22, 2019-11-13, 2020-07-16
45, 25, 2018-06-29, 2019-09-29
135, 6, 2017-04-09, 2018-07-15
50, 26, 2022-04-26, 2023-03-19
117, 18, 2016-07-02, 2016-09-28
146, 3, 2022-10-06, 2023-11-25
188, 19, 2022-10-28, 2023-09-04
79, 4, 2015-01-22, 2015-07-08
52, 2, 2016-06-23, 2016-07-22
189, 30, 2016-02-07, 2016-10-04
92, 1, 2016-07-01, 2017-08-27
89, 1, 2017-06-26, 2018-08-31
79, 19, 2022-08-26, 2022-12-08
169, 29, 2016-04-18, 2016-08-07
29, 9, 2019-08-26, 2019-10-29
139, 24, 2016-12-25, 2017-11-25
185, 21, 2015-02-01, 2015-12-15
130, 3, 2020-09-22, 2020-12-13
158, 21, 2023-03-15, 2023-09-16
109, 19, 2019-05-12, 2019-06-04
100, 23, 2018-10-12, 2019-06-11
170, 17, 2016-10-05, 2017-01-06
146, 13, 2019-05-22, 2020-08-14
51, 11, 2020-10-28, 2022-01-26
71, 8, 2020-11-06, 2021-01-26
163, 1, 2021-12-09, 2022-04-07
152, 9, 2023-01-15, 2023-10-14
60, 25, 2021-01-03, 2021-07-27
81, 29, 2019-07-27, NULL
123, 30, 2018-05-28, 2019-06-07
191, 15, 2019-01-31, 2019-09-29
9, 19, 2019-01-16, 2019-07-31
164, 4, 2016-11-12, 2018-02-10
184, 22, 2018-11-01, NULL
6, 2, 2022-09-06, 2023-09-15
94, 28, 2017-08-22, 2018-09-10
175, 2, 2020-01-12, 2020-09-17
158, 30, 2021-04-27, NULL
46, 29, 2021-05-17, 2021-06-11
61, 2, 2022-09-25, 2023-07-28
170, 12, 2016-02-22, NULL
149, 17, 2020-01-03, 2020-09-02
145, 24, 2015-02-28, NULL
94, 19, 2017-12-28, 2018-10-01
14, 22, 2015-08-26, 2016-12-08
44, 27, 2015-08-23, 2016-05-23
72, 17, 2018-03-01, 2019-05-04
149, 26, 2022-10-10, 2023-08-21
40, 13, 2019-04-26, 2020-06-12
188, 17, 2018-12-19, 2020-02-05
121, 29, 2021-02-20, 2022-02-05
10, 8, 2016-06-13, 2016-11-26
127, 7, 2018-12-22, 2020-02-09
183, 28, 2021-06-17, 2021-10-26
103, 14, 2015-04-05, 2016-05-17
8, 6, 2016-12-07, NULL
172, 30, 2022-05-29, 2023-08-14
79, 29, 2015-11-10, 2016-06-22
188, 13, 2021-05-27, NULL
40, 26, 2023-03-05, 2023-06-11
47, 30, 2020-06-22, 2021-09-26
156, 19, 2015-04-07, 2016-06-17
53, 16, 2023-02-26, 2023-08-29
15, 20, 2022-04-04, 2022-09-02
42, 29, 2019-03-23, 2020-07-06
130, 3, 2020-08-26, 2021-04-14
45, 5, 2020-01-31, 2021-02-22
4, 16, 2020-10-24, 2021-12-16
9, 25, 2019-10-18, 2020-06-30
54, 6, 2020-11-30, 2021-03-15
120, 7, 2022-11-09, 2023-07-07
90, 18, 2023-03-09, 2024-05-18
52, 15, 2020-10-06, 2020-12-23
104, 6, 2019-02-27, 2019-12-16
67, 13, 2016-09-12, NULL
173, 1, 2019-12-11, 2021-03-01
69, 30, 2020-11-03, 2021-07-25
183, 10, 2019-08-01, 2020-07-17
152, 8, 2020-03-21, 2021-02-03
174, 28, 2015-08-03, 2016-02-27
98, 16, 2020-01-17, 2021-03-09
41, 3, 2022-06-08, 2022-07-28
96, 29, 2016-09-05, 2017-06-30
105, 27, 2022-11-19, 2023-04-19
196, 11, 2019-01-19, 2019-03-23
87, 24, 2022-12-14, 2024-01-07
180, 16, 2021-04-15, 2021-10-22
180, 26, 2023-02-14, 2023-05-21
169, 22, 2015-12-26, 2016-07-28
20, 29, 2019-04-28, 2019-12-07
110, 1, 2023-04-03, 2024-06-26
33, 28, 2020-06-28, 2021-04-11
135, 16, 2021-02-09, 2022-02-26
160, 20, 2016-01-25, 2016-10-02
78, 9, 2021-06-15, 2021-11-21
107, 3, 2023-03-12, 2023-11-28
20, 28, 2020-03-25, 2021-01-13
200, 6, 2022-11-06, 2023-02-22
4, 26, 2015-07-22, 2016-02-18
76, 12, 2023-04-14, 2023-07-19
120, 26, 2015-05-27, 2015-06-13
123, 2, 2021-01-02, 2021-12-16
88, 17, 2021-08-15, NULL
53, 1, 2015-05-23, 2016-01-12
89, 30, 2022-01-25, 2023-03-06
144, 23, 2015-11-05, 2017-01-17
53, 3, 2019-02-10, 2020-03-14
111, 7, 2020-06-22, 2021-05-04
136, 9, 2015-01-08, 2016-03-22
105, 23, 2022-06-04, 2023-09-06
85, 11, 2015-06-15, 2015-12-31
90, 21, 2020-04-28, 2021-08-28
68, 11, 2016-07-28, 2017-03-05
149, 15, 2023-03-04, 2023-09-19
23, 24, 2023-05-08, 2024-06-14
130, 23, 2019-05-08, 2020-04-18
122, 5, 2021-04-30, 2021-07-29
138, 7, 2021-06-02, 2022-06-05
46, 9, 2022-06-05, 2022-08-02
114, 30, 2016-03-19, 2017-04-23
84, 24, 2019-01-04, 2020-02-17
40, 7, 2017-04-11, 2018-03-20
172, 16, 2019-08-08, 2019-12-19
124, 24, 2019-09-28, 2020-04-25
104, 15, 2020-06-01, 2021-07-08
166, 26, 2020-05-02, 2020-12-25
16, 3, 2023-03-06, NULL
185, 14, 2016-08-30, 2016-09-03
155, 21, 2022-09-26, 2024-01-17
35, 20, 2020-07-15, 2020-08-14
17, 8, 2022-07-03, 2023-10-04
76, 14, 2015-09-26, 2016-06-13
100, 24, 2016-05-16, 2016-12-21
197, 26, 2019-09-14, 2020-10-15
32, 6, 2015-02-26, 2015-04-12
176, 17, 2015-02-09, 2015-04-06
68, 15, 2017-10-06, 2018-12-04
101, 10, 2021-01-20, 2021-07-31
43, 21, 2015-05-09, 2016-08-29
18, 18, 2017-11-11, 2018-01-13
25, 25, 2022-03-09, 2023-04-25
79, 7, 2018-04-19, 2019-03-31
33, 18, 2017-05-16, 2017-09-21
73, 24, 2016-03-05, 2016-07-20
185, 6, 2019-01-15, 2019-06-03
122, 24, 2021-07-24, 2021-08-11
35, 15, 2019-07-03, 2020-01-22
171, 1, 2021-12-13, 2022-10-03
64, 19, 2015-03-16, 2016-04-21
26, 22, 2022-10-28, 2023-06-24
2, 22, 2017-05-30, 2018-02-25
96, 28, 2020-06-19, 2021-10-25
179, 13, 2020-09-23, 2021-05-06
94, 20, 2016-09-30, 2017-07-30
52, 5, 2020-10-03, 2021-04-08
196, 3, 2022-12-22, 2023-03-30
144, 22, 2022-03-20, 2023-05-13
38, 19, 2022-01-12, 2022-11-05
68, 20, 2022-04-12, 2023-03-26
84, 19, 2015-12-10, 2016-05-09
56, 4, 2015-05-05, 2016-08-02
70, 16, 2021-05-13, 2021-11-02
50, 23, 2019-08-11, 2020-08-17
174, 2, 2021-03-02, 2021-04-14
80, 13, 2016-08-12, 2017-02-08
143, 18, 2017-08-02, 2018-05-28
106, 26, 2022-11-23, 2023-04-30
17, 7, 2022-11-16, 2022-12-18
48, 30, 2016-10-05, 2017-04-17
12, 8, 2016-07-15, 2017-05-11
15, 22, 2017-04-09, 2017-06-23
105, 3, 2021-10-04, 2022-02-13
23, 27, 2021-01-11, 2021-03-08
163, 21, 2016-10-10, 2017-07-14
46, 13, 2017-10-10, 2017-12-25
82, 3, 2020-04-12, 2020-07-16
118, 27, 2016-11-19, 2016-12-29
52, 16, 2018-03-26, 2018-08-20
108, 18, 2019-08-18, 2020-06-26
29, 20, 2015-06-14, 2016-07-30
197, 14, 2022-10-09, 2023-11-28
96, 8, 2020-05-12, 2021-01-14
157, 15, 2017-01-12, 2017-10-16
45, 16, 2015-02-04, 2015-04-14
74, 28, 2018-06-30, 2019-01-09
51, 4, 2018-06-20, NULL
177, 4, 2016-01-05, 2016-08-29
135, 15, 2015-04-16, 2015-11-23
147, 8, 2017-10-01, 2018-06-04
174, 23, 2015-06-06, 2016-03-08
171, 28, 2020-09-08, 2021-02-01
126, 8, 2021-01-22, 2022-01-03
31, 29, 2020-07-14, 2020-11-03
176, 30, 2018-02-19, 2018-06-10
13, 10, 2016-02-09, 2017-02-16
81, 18, 2019-06-14, 2020-10-16
147, 18, 2016-11-12, 2017-01-08
120, 29, 2016-12-21, 2016-12-28
160, 3, 2020-01-03, 2020-06-01
100, 28, 2015-02-13, 2015-09-12
39, 27, 2016-01-12, 2016-03-22
8, 2, 2017-12-18, 2019-01-01
135, 20, 2019-04-29, NULL
45, 9, 2023-05-28, 2024-08-16
185, 21, 2021-06-15, 2021-10-25
162, 7, 2015-04-07, 2016-06-29
160, 22, 2020-05-01, 2021-07-21
166, 3, 2019-10-12, 2020-04-02
74, 14, 2020-04-01, 2020-09-27
144, 6, 2017-06-01, 2018-01-28
159, 21, 2022-12-21, 2024-02-23
91, 2, 2020-01-16, NULL
26, 27, 2019-09-15, 2021-01-19
82, 5, 2020-03-23, NULL
43, 26, 2019-11-12, 2021-01-21
76, 3, 2019-07-01, 2019-10-14
38, 16, 2021-12-03, 2022-09-13
36, 20, 2016-06-24, 2017-10-27
193, 9, 2017-04-28, NULL
110, 3, 2021-10-11, 2022-05-02
190, 15, 2023-01-28, 2023-09-09
54, 4, 2015-10-04, 2016-11-08
29, 23, 2020-12-22, 2021-10-07
178, 30, 2021-11-18, NULL
74, 11, 2015-02-15, 2015-04-07
118, 25, 2016-05-14, 2017-02-13
80, 2, 2016-03-07, 2016-11-27
197, 7, 2022-03-13, 2023-07-20
77, 9, 2015-08-22, 2016-07-15
187, 15, 2016-01-03, 2017-01-17
92, 9, 2015-06-05, 2016-09-02
97, 30, 2019-11-06, 2020-01-17
91, 22, 2015-02-14, 2015-04-06
72, 21, 2021-01-23, 2021-06-25
41, 25, 2018-07-24, 2019-02-26
181, 5, 2017-11-14, 2018-10-20
172, 13, 2022-06-30, 2023-01-17
136, 18, 2018-10-08, 2019-11-01
186, 4, 2018-07-09, 2018-12-12
82, 23, 2023-03-29, 2023-09-03
19, 1, 2015-06-01, NULL
180, 4, 2022-07-27, 2023-04-14
20, 8, 2016-05-30, 2017-02-19
41, 19, 2015-08-23, 2015-08-29
199, 12, 2021-01-22, 2022-04-07
59, 26, 2021-10-12, 2022-10-15
55, 20, 2015-12-31, 2016-02-24
7, 25, 2020-06-23, 2021-10-06
61, 14, 2015-10-06, 2016-05-07
184, 7, 2016-10-25, 2017-02-04
198, 29, 2018-06-06, 2019-08-08
93, 13, 2016-04-13, 2017-03-26
77, 28, 2022-01-27, 2022-02-13
13, 27, 2019-02-23, 2020-07-04
149, 4, 2020-09-08, 2021-03-31
172, 16, 2022-04-29, 2022-10-03
165, 26, 2017-09-06, 2017-10-14
145, 17, 2017-09-22, NULL
110, 30, 2020-10-02, 2021-08-09
186, 24, 2020-08-01, 2021-02-22
140, 9, 2015-10-23, 2016-09-24
153, 6, 2020-04-04, 2020-11-13
16, 28, 2018-11-19, 2020-01-30
6, 20, 2018-03-05, 2018-05-30
3, 30, 2019-02-21, NULL
4, 6, 2018-03-01, 2018-07-27
184, 20, 2017-06-20, 2018-01-07
133, 9, 2023-02-14, NULL
73, 7, 2020-02-25, 2020-09-26
130, 6, 2020-11-16, NULL
31, 6, 2015-08-30, 2015-10-07
52, 14, 2020-05-19, NULL
20, 16, 2020-06-16, 2020-11-09
39, 28, 2019-12-22, 2020-06-07
78, 7, 2017-02-28, 2017-03-28
163, 25, 2017-10-21, 2018-09-13
186, 9, 2021-09-27, 2022-05-05
35, 10, 2021-03-02, 2022-04-24
112, 9, 2016-07-01, 2017-09-06
20, 19, 2018-04-25, 2018-08-04
143, 19, 2021-01-15, NULL
164, 19, 2018-07-24, 2019-02-27
22, 4, 2019-09-07, 2020-07-22
76, 1, 2017-06-28, 2018-02-05
177, 29, 2021-07-25, NULL
199, 16, 2015-06-27, 2016-07-21
52, 21, 2017-03-15, 2018-02-13
53, 20, 2019-09-22, 2020-02-25
157, 18, 2020-02-25, 2021-04-16
184, 19, 2019-04-20, 2019-08-11
83, 11, 2021-10-06, 2022-02-13
170, 16, 2016-06-28, 2017-08-27
32, 12, 2019-02-09, 2020-01-04
193, 11, 2020-11-25, 2022-01-16
108, 3, 2016-07-06, 2017-02-21
174, 26, 2021-09-25, 2021-11-10
109, 19, 2017-07-14, 2018-04-26
68, 11, 2021-06-19, 2022-06-22
196, 10, 2022-04-17, 2023-03-26
60, 21, 2016-06-29, 2016-09-27
158, 27, 2016-07-16, 2017-06-09
2, 10, 2017-01-11, 2017-06-20
21, 27, 2017-02-08, 2017-12-22
107, 14, 2023-03-18, 2023-09-23
102, 11, 2015-06-02, 2016-04-03
154, 12, 2017-08-04, 2018-06-02
151, 2, 2015-11-27, 2016-05-17
33, 29, 2016-03-07, 2017-05-19
17, 9, 2020-07-24, 2021-03-04
181, 6, 2019-09-24, 2020-12-14
46, 14, 2021-04-27, NULL
161, 29, 2021-03-01, 2021-05-08
50, 18, 2016-09-28, NULL
11, 12, 2016-08-17, 2017-01-29
188, 28, 2015-08-29, 2015-10-02
33, 3, 2019-02-24, 2019-07-29
114, 17, 2017-07-01, 2017-09-03
137, 18, 2022-08-30, 2023-09-08
146, 14, 2015-03-24, 2015-07-11
1, 25, 2022-04-03, 2022-04-10
92, 16, 2016-05-10, NULL
173, 23, 2016-04-23, NULL
117, 16, 2016-08-25, 2016-10-04
27, 22, 2017-06-19, 2018-05-26
120, 10, 2019-01-06, 2020-03-25
179, 17, 2018-06-15, 2018-07-19
180, 13, 2021-12-17, 2022-12-17
52, 19, 2018-06-30, 2018-10-08
99, 24, 2019-05-15, 2020-08-27
128, 5, 2016-06-04, 2017-02-23
88, 1, 2021-08-13, 2022-04-08
111, 16, 2019-02-20, 2019-06-18
182, 8, 2022-05-25, 2022-11-26
40, 7, 2018-03-21, 2019-02-13
124, 16, 2018-05-12, 2019-09-03
82, 17, 2015-09-29, NULL
180, 29, 2022-05-29, 2023-09-30
132, 9, 2016-10-08, 2017-11-11
89, 3, 2022-03-12, 2023-03-17
111, 22, 2016-10-02, 2018-01-25
17, 17, 2023-04-30, 2023-09-22
98, 21, 2015-10-11, 2016-02-25
24, 26, 2019-06-16, 2019-11-02
28, 14, 2017-08-31, 2018-03-29
35, 22, 2023-02-05, 2023-03-24
87, 13, 2016-07-16, 2017-07-22
72, 13, 2020-12-12, 2021-10-11
126, 23, 2020-09-17, 2021-06-15
167, 23, 2017-08-20, 2018-05-19
143, 26, 2018-01-08, 2019-02-14
71, 17, 2017-07-21, 2018-09-10
5, 26, 2015-10-18, 2015-11-30
119, 7, 2017-12-28, 2019-04-25
187, 5, 2020-02-09, 2021-01-29
3, 14, 2022-02-18, 2022-08-20
139, 1, 2018-05-27, 2019-08-08
32, 26, 2018-08-03, 2019-04-05
124, 29, 2021-11-08, NULL
105, 1, 2017-07-09, 2018-10-13
111, 16, 2019-05-17, 2019-07-17
51, 8, 2022-06-04, 2022-08-22
154, 28, 2023-02-14, 2024-03-27
111, 26, 2019-05-03, 2019-09-21
110, 27, 2020-04-02, 2021-03-15
91, 3, 2018-05-09, 2019-02-10
54, 2, 2023-02-02, 2024-02-09
125, 11, 2018-06-17, 2018-07-20
2, 8, 2021-10-22, 2022-07-22
116, 30, 2016-09-29, 2016-10-30
50, 9, 2018-03-26, 2019-05-04
76, 10, 2019-05-24, NULL
49, 5, 2016-11-04, 2017-01-27
11, 6, 2023-05-09, 2024-03-14
139, 9, 2018-08-22, 2018-10-28
79, 18, 2017-07-11, 2018-05-10
153, 10, 2019-04-19, 2019-05-23
121, 6, 2019-05-25, 2019-12-04
71, 16, 2015-12-05, 2016-06-09
53, 15, 2019-01-31, 2019-03-22
168, 9, 2016-12-27, 2017-08-21
52, 3, 2018-08-09, 2019-07-18
66, 7, 2018-10-22, 2019-05-05
107, 1, 2021-12-02, NULL
147, 12, 2017-06-29, 2018-02-03
163, 14, 2019-08-16, NULL
176, 16, 2022-07-12, 2023-02-06
80, 9, 2019-05-10, 2020-06-01
82, 29, 2016-12-20, 2018-03-01
179, 7, 2019-03-27, 2019-12-04
158, 22, 2022-04-14, 2022-07-27
152, 3, 2020-04-03, 2020-06-01
83, 15, 2020-09-01, 2020-12-02
152, 19, 2019-08-18, 2020-03-11
62, 9, 2018-09-19, 2020-01-22
80, 29, 2015-02-18, NULL
102, 23, 2022-05-31, NULL
183, 17, 2016-04-07, 2016-08-09
24, 30, 2016-11-22, 2016-12-04
109, 2, 2019-07-25, 2020-06-10
72, 14, 2017-06-27, 2018-03-26
43, 21, 2018-06-12, 2018-08-20
88, 11, 2022-11-05, 2023-05-17
182, 17, 2021-02-15, 2022-03-07
145, 25, 2018-11-03, 2019-03-27
157, 8, 2019-06-15, 2020-03-19
32, 15, 2020-02-08, 2020-08-20
191, 13, 2019-03-26, 2020-05-30
160, 4, 2020-09-09, NULL
114, 16, 2017-01-18, 2017-08-15
94, 4, 2017-05-22, 2017-12-13
39, 25, 2023-02-22, 2024-03-24
179, 25, 2019-03-14, 2019-04-12
120, 24, 2018-10-16, NULL
62, 1, 2019-09-04, 2020-11-15
154, 26, 2020-02-19, 2020-08-31
12, 3, 2018-08-18, NULL
39, 21, 2018-06-25, 2019-02-22
64, 27, 2022-12-07, 2023-01-29
100, 11, 2018-07-31, 2018-11-02
197, 22, 2018-12-24, 2019-08-17
179, 30, 2016-04-08, 2017-04-17
16, 25, 2021-09-22, 2022-12-16
130, 6, 2016-03-18, 2016-05-13
88, 28, 2021-02-17, 2021-11-27
91, 10, 2016-03-18, 2017-02-23
168, 9, 2016-10-15, 2017-08-04
134, 14, 2016-05-05, 2016-12-05
134, 3, 2020-08-11, 2021-02-02
161, 27, 2023-05-09, 2023-09-05
34, 19, 2020-02-22, 2021-06-03
33, 9, 2016-04-25, 2016-06-11
5, 26, 2015-01-14, 2015-12-20
6, 30, 2018-10-12, 2019-09-22
165, 17, 2021-02-16, 2021-09-17
16, 3, 2021-01-29, NULL
9, 7, 2015-04-11, 2016-08-03
53, 14, 2016-03-21, 2017-07-20
142, 7, 2015-12-10, 2016-07-21
67, 26, 2015-06-14, 2016-05-08
36, 2, 2019-09-13, 2019-12-27
111, 20, 2020-06-13, 2021-10-05
160, 26, 2023-02-19, 2023-11-04
12, 30, 2015-03-20, 2015-08-03
87, 10, 2015-06-22, 2016-02-08
39, 8, 2019-08-05, 2020-05-19
176, 16, 2015-06-07, NULL
94, 14, 2020-04-19, 2021-08-06
13, 2, 2020-09-19, 2020-12-12
89, 2, 2017-12-24, 2019-03-19
173, 10, 2015-12-19, 2016-03-31
46, 7, 2016-02-04, 2016-06-14
36, 21, 2016-12-15, 2017-02-22
118, 23, 2016-01-21, NULL
99, 11, 2021-04-12, 2021-06-15
116, 13, 2015-10-05, 2016-04-26
146, 5, 2017-01-21, 2017-08-16
123, 14, 2020-09-12, 2021-03-21
43, 18, 2019-10-29, 2020-06-26
106, 13, 2015-03-27, 2015-05-16
184, 10, 2017-06-22, 2017-07-04
50, 7, 2022-02-12, 2022-09-28
31, 30, 2018-02-16, 2018-11-21
195, 20, 2023-03-16, 2023-11-18
136, 15, 2016-02-26, 2016-06-14
116, 2, 2017-09-06, 2017-10-03
107, 22, 2015-03-23, 2015-10-27
158, 14, 2023-02-03, 2024-01-07
24, 4, 2018-11-03, NULL
110, 20, 2019-09-04, 2019-10-05
65, 7, 2021-03-18, 2022-03-07
82, 27, 2021-04-09, 2021-12-27
123, 3, 2022-08-12, 2023-07-29
184, 25, 2016-06-10, 2016-12-13
115, 21, 2017-12-20, 2019-05-01
123, 4, 2022-05-22, 2023-04-27
61, 12, 2019-08-04, 2019-10-03
31, 11, 2022-12-04, 2024-04-04
118, 19, 2022-02-06, 2023-01-15
3, 17, 2020-03-22, NULL
165, 14, 2020-11-08, 2021-01-06
184, 5, 2023-03-25, 2024-07-03
156, 29, 2022-06-13, 2023-03-04
21, 9, 2019-08-22, 2020-02-27
82, 26, 2022-10-04, 2023-03-29
33, 27, 2017-06-14, 2018-07-30
38, 27, 2021-04-11, NULL
94, 1, 2018-06-17, 2018-09-23
199, 23, 2022-11-16, 2023-09-13
35, 24, 2022-02-14, 2022-04-24
64, 10, 2015-11-30, 2016-01-10
112, 12, 2022-12-15, 2024-04-04
177, 9, 2020-04-20, NULL
188, 1, 2020-03-17, 2020-04-12
168, 15, 2015-08-15, 2015-12-25
154, 20, 2022-11-26, 2022-12-05
97, 2, 2022-03-08, 2022-07-30
75, 21, 2019-10-12, 2021-01-02
91, 17, 2016-12-07, NULL
31, 30, 2019-08-01, NULL
12, 14, 2022-01-03, 2022-11-26
87, 6, 2016-01-06, 2016-04-03
85, 17, 2019-07-31, 2020-04-08
192, 18, 2022-11-11, 2023-08-10
174, 2, 2017-04-13, 2018-01-16
181, 15, 2016-10-20, 2017-11-17
26, 4, 2016-01-29, 2017-01-17
82, 11, 2022-11-11, 2024-03-06
86, 22, 2021-12-20, 2022-01-08
95, 20, 2017-06-03, 2017-10-15
156, 21, 2022-03-10, 2023-04-04
59, 6, 2016-08-07, 2017-01-16
198, 3, 2023-03-01, NULL
84, 19, 2021-12-25, 2022-05-09
71, 24, 2020-01-21, 2020-10-07
157, 27, 2018-05-29, 2019-08-10
124, 8, 2022-06-26, 2023-07-29
173, 12, 2019-01-05, 2020-03-02
199, 18, 2023-01-29, NULL
92, 11, 2020-03-18, 2020-04-01
54, 16, 2018-08-05, 2019-11-03
1, 14, 2018-09-11, 2019-08-14
41, 19, 2018-10-15, 2020-02-21
103, 1, 2021-10-25, 2022-10-22
88, 11, 2017-06-14, 2018-06-04
69, 9, 2019-09-30, 2019-11-21
12, 27, 2020-12-18, 2021-06-16
6, 12, 2023-02-08, NULL
35, 15, 2017-09-03, 2018-01-01
54, 30, 2018-08-23, 2019-05-23
1, 29, 2015-07-13, 2016-03-13
135, 16, 2016-01-20, 2016-08-01
9, 9, 2021-04-04, 2021-09-25
68, 21, 2019-01-16, 2020-02-06
96, 9, 2017-11-15, NULL
15, 25, 2019-01-17, 2019-12-10
103, 27, 2015-02-19, 2016-04-18
74, 26, 2018-06-02, 2019-03-31
55, 1, 2017-12-07, 2018-06-23
190, 3, 2019-03-10, 2020-01-28
184, 22, 2015-06-12, 2015-12-13
38, 6, 2018-02-23, 2018-08-17
133, 29, 2022-04-06, NULL
168, 9, 2020-01-29, 2021-01-16
161, 23, 2023-01-03, 2024-01-31
26, 11, 2023-02-04, 2024-05-02
9, 21, 2016-12-20, 2017-12-19
199, 20, 2016-01-04, NULL
65, 6, 2019-04-11, 2019-09-15
194, 15, 2018-05-21, 2018-12-26
77, 14, 2021-09-15, 2022-04-27
182, 20, 2022-02-20, 2023-05-20
88, 24, 2022-11-06, 2024-03-09
51, 16, 2019-12-23, 2020-09-03
62, 11, 2015-07-09, 2016-07-10
96, 28, 2015-10-06, 2016-06-07
93, 12, 2017-02-18, 2017-03-24
191, 15, 2015-11-08, NULL
105, 17, 2016-01-03, 2016-02-15
122, 12, 2022-07-31, 2023-01-27
58, 28, 2016-03-09, 2017-06-16
101, 25, 2021-11-02, 2022-03-29
24, 10, 2021-12-11, 2022-09-25
77, 29, 2015-10-07, 2016-06-30
160, 18, 2015-07-14, 2016-09-17
136, 24, 2019-06-05, 2020-10-01
187, 5, 2016-02-25, 2017-02-08
128, 12, 2020-06-25, 2020-12-07
142, 24, 2015-08-16, 2015-08-27
167, 12, 2018-11-16, 2019-06-23
174, 25, 2023-02-01, 2023-09-16
166, 6, 2022-01-24, 2022-08-16
139, 26, 2018-12-17, 2019-02-05
137, 5, 2021-03-09, 2022-02-10
125, 28, 2016-06-12, 2017-04-13
170, 3, 2023-03-31, 2024-06-12
184, 27, 2015-07-07, 2016-08-12
60, 27, 2015-08-06, 2016-10-18
143, 2, 2018-02-10, 2019-02-08
143, 17, 2017-03-06, 2017-06-17
46, 27, 2018-06-08, 2019-10-14
125, 10, 2022-08-09, 2023-09-06
18, 14, 2017-05-03, 2018-03-28
3, 4, 2015-10-11, NULL
122, 23, 2023-04-06, 2024-04-13
175, 7, 2015-10-11, 2016-10-21
15, 13, 2018-04-12, 2019-01-03
146, 4, 2019-08-05, 2020-02-12
122, 22, 2020-11-28, 2021-01-13
154, 27, 2022-05-19, 2023-05-26
124, 19, 2021-04-04, 2022-04-03
84, 23, 2017-10-08, 2018-07-19
98, 10, 2021-10-03, 2023-01-29
153, 20, 2015-08-28, 2016-09-22
119, 22, 2016-05-23, 2017-02-07
79, 16, 2020-02-11, 2020-03-31
102, 1, 2017-06-29, 2018-06-28
155, 6, 2016-09-06, 2017-11-21
23, 13, 2017-07-18, 2018-05-28
114, 16, 2021-08-30, 2022-02-26
158, 22, 2017-05-09, 2018-01-03
162, 23, 2018-12-01, 2019-04-11
185, 29, 2022-04-07, 2023-06-26
126, 12, 2017-05-02, 2018-07-22
11, 24, 2018-02-13, 2018-07-30
92, 6, 2019-02-06, 2019-05-20
137, 25, 2016-09-30, 2017-04-16
57, 4, 2019-02-12, 2019-06-03
46, 20, 2022-02-05, 2022-03-11
37, 17, 2019-03-11, 2019-09-12
38, 9, 2021-12-04, 2021-12-09
35, 19, 2023-02-09, 2023-08-22
147, 16, 2021-01-04, NULL
48, 6, 2018-06-19, 2019-02-25
80, 19, 2016-04-05, 2016-08-29
64, 2, 2018-07-20, 2018-11-26
62, 19, 2023-02-28, 2023-10-12
161, 30, 2016-11-26, NULL
189, 11, 2020-02-22, 2021-05-30
193, 17, 2023-01-17, 2023-10-12
158, 20, 2019-12-22, 2020-04-01
51, 4, 2021-07-19, 2021-10-06
21, 27, 2016-06-28, 2016-08-29
188, 26, 2016-04-10, 2016-04-26
186, 18, 2020-01-09, 2020-09-13
39, 14, 2017-11-26, 2018-07-20
98, 16, 2018-06-09, 2019-03-17
118, 3, 2021-01-14, 2021-02-07
142, 8, 2023-02-16, 2023-04-13
25, 11, 2019-05-29, 2019-10-13
89, 26, 2018-05-30, 2019-01-25
104, 29, 2021-10-04, 2021-10-16
5, 25, 2016-01-31, 2017-01-23
88, 28, 2018-12-16, 2020-03-14
100, 15, 2017-10-29, NULL
31, 28, 2017-07-27, 2017-10-14
8, 19, 2017-10-01, 2018-01-30
178, 3, 2016-08-30, 2017-07-14
184, 21, 2020-08-18, 2020-08-27
163, 7, 2022-03-05, NULL
62, 29, 2019-05-05, 2019-07-30
73, 24, 2017-11-03, 2017-11-24
166, 3, 2015-01-20, 2016-04-20
186, 22, 2016-08-18, 2017-10-21
50, 12, 2020-07-13, 2021-01-13
16, 26, 2022-06-25, 2023-08-24
191, 16, 2015-07-12, 2016-04-23
93, 25, 2017-05-30, 2018-01-08
39, 29, 2018-04-28, 2019-01-23
151, 26, 2020-12-03, 2021-08-07
2, 22, 2015-11-07, 2016-10-11
64, 6, 2022-05-29, 2023-01-06
133, 9, 2022-12-03, 2023-03-03
43, 5, 2022-04-10, 2023-05-16
168, 2, 2020-05-15, 2020-11-02
170, 6, 2015-01-06, 2016-01-29
126, 12, 2021-06-01, 2022-09-24
113, 12, 2023-05-23, 2023-08-28
199, 28, 2019-12-21, 2021-04-12
80, 12, 2021-02-03, 2022-03-27
132, 16, 2017-03-09, 2017-12-03
102, 19, 2020-04-06, 2021-02-02
129, 17, 2020-07-21, 2020-09-01
96, 20, 2019-12-06, 2020-11-02
81, 6, 2018-06-08, 2018-09-21
35, 26, 2022-06-27, 2023-08-11
76, 11, 2016-04-14, 2017-03-04
21, 7, 2018-07-31, 2019-02-26
81, 22, 2021-04-24, 2022-04-25
13, 13, 2022-04-23, 2022-09-21
9, 15, 2015-12-30, 2016-01-28
171, 5, 2020-02-23, 2020-10-26
77, 30, 2019-09-11, 2021-01-12
169, 30, 2022-09-26, 2023-01-12
5, 11, 2017-07-31, 2017-12-05
30, 28, 2021-11-20, 2022-03-20
159, 17, 2017-12-01, 2019-03-04
140, 29, 2021-12-24, 2023-01-26
123, 27, 2018-11-02, 2019-05-04
1, 7, 2015-01-10, 2015-07-20
152, 10, 2015-09-12, 2016-10-02
121, 9, 2017-06-09, 2018-07-10
112, 26, 2020-04-16, 2021-05-23
86, 16, 2018-07-31, 2019-07-18
125, 16, 2018-01-12, NULL
60, 14, 2019-03-17, 2019-04-12
56, 25, 2017-07-18, 2018-11-10
23, 9, 2023-01-24, 2023-07-22
67, 2, 2016-08-31, 2017-01-17
33, 18, 2022-07-19, 2022-09-19
94, 19, 2022-10-19, 2022-12-24
17, 16, 2021-02-28, 2021-10-26
118, 18, 2017-12-31, 2018-05-16
51, 27, 2023-03-23, NULL
43, 16, 2019-10-27, 2019-11-20
80, 27, 2018-06-29, NULL
38, 29, 2017-03-14, 2018-07-24
26, 21, 2015-04-20, 2015-06-01
2, 26, 2020-06-26, 2021-04-11
49, 25, 2018-09-07, 2019-09-10
96, 19, 2016-05-10, 2016-06-09
153, 2, 2018-12-25, 2019-06-28
180, 5, 2016-08-08, 2017-08-13
185, 16, 2018-09-17, 2019-03-18
34, 22, 2018-02-02, NULL
133, 15, 2017-10-01, 2018-03-29
129, 6, 2021-03-22, 2021-04-19
128, 23, 2020-02-07, 2021-03-04
138, 29, 2016-02-22, 2016-11-26
44, 3, 2020-04-29, 2020-09-04
45, 24, 2019-09-06, 2020-08-08
15, 19, 2021-04-12, 2022-01-24
157, 24, 2016-09-04, 2016-10-15
82, 4, 2019-08-12, 2020-10-09
59, 13, 2020-08-25, 2021-03-04
15, 27, 2018-03-29, 2018-04-28
43, 22, 2020-01-16, 2021-03-05
23, 15, 2022-04-04, 2023-06-16
130, 1, 2023-04-07, 2023-12-06
118, 23, 2019-06-16, 2020-07-08
44, 11, 2022-08-13, NULL
170, 20, 2018-12-27, 2019-10-07
39, 7, 2019-10-29, 2020-11-09
103, 29, 2017-06-12, NULL
157, 28, 2021-06-17, 2021-09-01
71, 19, 2022-11-28, 2023-01-28
28, 1, 2018-08-09, 2019-01-22
195, 19, 2020-03-18, 2020-07-14
8, 24, 2022-11-24, 2024-01-07
136, 3, 2019-11-18, NULL
195, 27, 2022-06-05, 2022-12-12
160, 28, 2022-03-25, 2023-03-29
189, 16, 2016-05-31, NULL
47, 15, 2023-03-02, 2023-07-14
54, 9, 2017-11-28, 2019-02-28
16, 10, 2019-03-31, 2020-05-25
155, 22, 2022-03-17, 2023-03-21
121, 11, 2018-11-06, 2018-12-09
182, 21, 2022-04-27, 2022-07-27
37, 11, 2021-06-23, 2022-04-09
77, 27, 2019-11-07, 2020-11-07
128, 25, 2015-10-31, 2016-02-01
144, 25, 2015-11-22, 2016-01-04
123, 7, 2017-07-27, 2018-05-06
15, 26, 2019-07-26, 2020-10-14
170, 3, 2021-06-26, 2022-04-04
178, 24, 2018-12-31, 2019-06-21
154, 17, 2022-09-19, 2023-05-27
75, 17, 2018-05-02, 2018-08-22
115, 23, 2017-09-23, 2018-09-02
91, 20, 2017-05-11, 2018-08-19
99, 19, 2020-10-16, 2020-11-12
71, 26, 2015-08-05, NULL
60, 2, 2018-11-14, 2019-08-28
1, 28, 2017-07-10, 2018-02-26
13, 19, 2017-11-19, 2018-12-13
157, 5, 2017-03-09, NULL
21, 19, 2018-06-23, 2019-10-26
158, 6, 2016-11-05, 2016-11-06
111, 9, 2019-08-20, 2019-11-24
134, 21, 2019-10-28, 2020-05-15
175, 29, 2018-04-27, 2019-03-26
3, 25, 2021-08-03, 2021-12-26
22, 13, 2018-04-03, 2018-10-23
165, 24, 2016-10-12, 2016-12-30
151, 6, 2017-04-17, 2017-10-14
18, 19, 2019-11-14, 2020-09-21
46, 27, 2016-04-28, 2016-05-23
117, 24, 2022-08-23, 2023-02-04
25, 11, 2017-05-10, 2018-01-07
100, 16, 2021-11-03, 2022-01-25
52, 6, 2018-09-30, 2018-12-01
4, 27, 2023-05-03, 2023-09-10
161, 28, 2015-09-05, 2016-04-20
62, 6, 2016-12-17, NULL
193, 9, 2023-02-19, 2023-08-21
54, 23, 2017-05-19, 2018-05-24
37, 28, 2020-12-05, 2021-04-21
49, 16, 2019-10-09, 2020-06-01
146, 22, 2018-10-16, 2019-02-22
124, 8, 2015-07-28, 2016-07-09
54, 11, 2022-11-22, 2022-11-24
164, 5, 2020-10-29, NULL
88, 13, 2022-01-31, 2023-04-27
178, 6, 2016-06-25, 2017-06-25
191, 7, 2015-04-19, 2016-02-06
59, 30, 2020-02-15, 2020-04-20
183, 5, 2018-05-28, 2018-08-04
174, 5, 2016-06-20, 2016-08-08
160, 13, 2023-01-23, NULL
79, 12, 2021-02-13, 2021-03-07
26, 28, 2023-05-04, 2023-06-29
31, 4, 2017-09-14, 2018-10-22
59, 24, 2022-07-04, 2023-10-19
186, 4, 2016-02-13, 2016-08-11
146, 5, 2019-03-02, NULL
73, 16, 2022-12-18, 2023-03-27
139, 9, 2019-12-05, 2021-03-13
65, 1, 2018-06-17, 2019-09-23
49, 10, 2022-02-18, 2022-05-22
172, 25, 2021-04-08, 2022-02-15
108, 7, 2016-08-25, NULL
45, 19, 2016-12-20, 2017-02-12
129, 11, 2018-08-18, 2018-10-18
111, 26, 2019-04-22, NULL
139, 9, 2017-01-03, 2018-03-26
109, 4, 2022-05-14, 2022-09-29
59, 15, 2015-05-30, 2015-12-10
130, 27, 2018-02-06, 2018-08-13
157, 10, 2017-12-15, 2018-01-21
87, 11, 2020-03-17, 2020-09-19
4, 23, 2020-06-20, 2021-08-12
160, 18, 2016-11-16, 2018-02-25
159, 16, 2022-07-14, 2023-11-19
89, 1, 2022-10-31, 2023-10-31
179, 20, 2021-02-10, 2021-07-08
96, 25, 2019-03-19, 2020-02-25
82, 17, 2017-03-21, NULL
41, 6, 2022-11-09, NULL
62, 22, 2017-06-17, 2017-11-05
56, 30, 2018-11-18, 2020-02-01
113, 29, 2021-08-11, 2022-08-08
38, 20, 2022-05-05, 2023-04-13
29, 20, 2016-12-28, 2017-11-18
135, 20, 2023-05-24, 2024-01-10
137, 21, 2016-03-27, 2017-05-06
81, 16, 2021-10-17, 2022-06-16
54, 29, 2019-12-22, NULL
28, 18, 2019-05-13, 2019-12-15
61, 19, 2017-03-02, NULL
84, 25, 2017-08-21, 2018-06-07
97, 21, 2023-02-05, 2023-09-02
144, 26, 2020-09-09, 2021-01-17
161, 15, 2022-07-21, 2023-01-07
85, 23, 2022-11-09, 2023-03-16
72, 23, 2015-01-22, 2016-05-22
153, 28, 2016-07-10, 2017-10-08
80, 10, 2021-10-29, 2022-04-21
4, 28, 2019-12-25, 2020-10-28
81, 2, 2018-12-13, 2019-12-12
11, 10, 2017-06-26, 2018-10-20
100, 2, 2017-02-23, 2017-05-12
183, 26, 2016-03-12, 2016-10-24
29, 30, 2015-11-16, 2016-03-12
10, 30, 2018-09-12, 2018-10-22
135, 3, 2021-02-21, 2021-03-30
16, 6, 2021-07-23, 2022-04-04
196, 10, 2019-01-11, 2019-09-27
164, 8, 2017-06-11, 2018-05-18
109, 25, 2016-06-02, 2017-09-01
191, 10, 2017-01-20, 2017-05-20
192, 25, 2021-09-01, 2022-09-20
131, 6, 2016-05-30, 2017-08-29
133, 18, 2022-10-19, 2023-04-12
13, 13, 2015-07-17, 2016-03-09
161, 11, 2020-05-14, 2021-04-11
28, 20, 2021-08-25, 2022-03-05
79, 4, 2018-08-21, 2019-02-13
115, 9, 2023-03-30, 2024-01-25
76, 13, 2017-03-21, 2017-06-25
75, 17, 2017-02-25, NULL
65, 21, 2018-04-12, 2018-12-08
63, 11, 2018-08-10, 2019-03-02
5, 30, 2021-01-27, 2021-02-18
106, 30, 2017-10-24, 2018-05-24
115, 18, 2020-04-16, NULL
127, 12, 2016-07-10, 2017-03-21
51, 21, 2021-02-21, 2021-09-18
54, 21, 2017-09-09, 2018-03-19
188, 1, 2019-08-04, 2020-10-11
165, 3, 2020-09-23, 2020-11-27
112, 11, 2017-04-27, 2018-04-06
127, 9, 2020-10-23, 2020-10-31
50, 12, 2020-09-02, 2020-09-17
1, 2, 2020-02-02, 2020-03-17
82, 16, 2015-01-15, 2015-04-23
118, 8, 2018-12-05, 2020-01-24
152, 22, 2023-04-15, 2023-07-03
198, 10, 2016-02-09, 2016-09-17
70, 5, 2021-06-20, 2022-09-07
58, 18, 2023-02-01, 2023-07-28
21, 8, 2020-05-14, 2021-05-23
155, 21, 2015-02-15, 2015-04-16
169, 24, 2019-10-22, 2020-09-06
22, 22, 2016-09-10, NULL
41, 25, 2016-05-08, 2016-10-19
159, 1, 2020-03-17, 2021-02-14
143, 8, 2020-02-16, 2020-12-29
153, 10, 2017-08-24, 2017-10-18
161, 17, 2020-02-22, 2020-05-17
196, 5, 2017-07-06, 2018-07-02
161, 29, 2020-07-25, NULL
112, 19, 2018-06-11, 2019-03-17
27, 23, 2016-09-07, 2017-06-15
144, 7, 2015-12-06, 2016-10-13
153, 6, 2015-06-27, 2016-05-03
144, 6, 2022-09-05, 2022-11-25
187, 8, 2018-06-12, 2019-06-01
86, 16, 2021-08-31, 2022-04-13
149, 22, 2021-07-12, 2021-09-19
158, 25, 2015-04-24, 2016-02-24
153, 17, 2019-11-12, 2019-12-07
177, 20, 2017-01-30, 2017-05-17
64, 24, 2021-04-20, 2022-07-11
72, 18, 2021-04-23, 2021-10-03
96, 15, 2020-06-22, 2021-07-23
187, 4, 2018-07-15, NULL
147, 6, 2022-07-30, NULL
101, 21, 2021-05-27, 2022-04-05
77, 19, 2022-08-15, 2023-02-10
146, 27, 2019-04-06, 2020-05-17
53, 6, 2016-06-24, 2017-01-16
161, 13, 2021-08-10, 2022-07-18
48, 30, 2018-06-29, 2019-07-06
24, 10, 2019-03-06, 2019-05-14
111, 16, 2015-06-30, 2016-10-30
134, 2, 2017-07-15, 2018-08-04
173, 21, 2017-04-16, 2017-10-10
70, 21, 2019-04-20, 2019-11-29
156, 12, 2017-05-06, 2018-05-01
185, 26, 2017-06-27, 2018-04-28
54, 15, 2023-05-24, 2023-12-02
192, 16, 2022-01-12, 2022-10-01
151, 24, 2016-11-30, 2017-12-22
73, 3, 2019-10-15, 2020-09-10
92, 23, 2021-07-31, 2022-02-04
14, 12, 2015-11-26, NULL
130, 16, 2016-09-13, NULL
81, 22, 2017-07-23, 2018-08-13
126, 1, 2022-02-23, 2023-03-17
127, 10, 2023-01-23, 2024-01-07
67, 2, 2022-11-23, 2023-11-09
17, 3, 2022-02-26, 2023-04-09
194, 7, 2017-05-17, NULL
127, 20, 2016-02-25, 2016-08-31
68, 6, 2023-01-03, 2023-09-11
66, 19, 2022-03-23, 2022-05-08
199, 27, 2016-12-31, 2017-09-09
74, 1, 2022-07-07, 2023-07-21
54, 6, 2019-09-18, 2020-12-02
79, 7, 2020-04-15, 2021-06-02
26, 25, 2016-04-09, 2016-11-24
193, 28, 2020-04-03, 2020-11-10
169, 8, 2017-06-29, 2017-07-15
62, 24, 2021-02-01, 2021-03-29
34, 1, 2020-11-24, 2022-03-09
198, 9, 2018-02-20, 2018-04-28
145, 13, 2016-03-16, 2016-04-02
174, 20, 2015-02-06, 2015-07-08
197, 18, 2015-11-07, 2016-01-22
151, 22, 2018-01-04, 2018-06-08
128, 8, 2021-07-07, 2021-10-12
55, 17, 2016-08-24, 2016-09-16
181, 2, 2020-06-26, 2020-10-07
60, 22, 2023-05-25, 2024-01-04
127, 17, 2016-07-25, 2016-10-17
14, 8, 2016-12-23, NULL
151, 29, 2017-02-25, 2018-01-21
3, 24, 2020-10-28, 2021-06-09
67, 5, 2020-01-11, NULL
26, 17, 2015-07-22, 2015-09-13
98, 21, 2018-09-21, 2019-08-09
148, 1, 2018-08-06, 2019-07-22
145, 20, 2015-08-18, 2016-04-26
54, 22, 2022-10-01, 2022-11-28
96, 22, 2019-07-30, 2020-06-17
51, 15, 2016-12-10, 2018-03-19
176, 18, 2021-03-13, 2021-11-24
63, 16, 2020-08-09, 2021-05-13
121, 8, 2017-06-07, 2018-05-06
154, 20, 2021-12-05, NULL
23, 12, 2021-10-12, 2022-06-23
183, 24, 2019-10-23, 2021-01-03
71, 4, 2017-08-22, 2018-12-25
89, 23, 2019-03-01, 2019-06-04
106, 7, 2016-11-16, 2017-01-29
199, 21, 2017-01-14, 2018-04-01
179, 15, 2023-05-09, NULL
187, 17, 2018-01-22, NULL
151, 30, 2015-08-09, 2016-09-24
5, 4, 2018-11-15, 2019-07-23
76, 26, 2018-10-08, NULL
94, 15, 2020-01-24, 2020-04-13
183, 30, 2022-03-02, 2023-01-05
90, 18, 2017-05-08, 2017-08-11
128, 16, 2018-09-13, 2019-03-19
127, 5, 2016-04-13, 2016-06-04
83, 19, 2020-06-25, 2021-11-02
60, 23, 2017-10-20, 2018-04-03
68, 20, 2019-06-01, 2019-10-01
25, 26, 2015-11-19, 2017-03-29
79, 28, 2016-11-15, 2016-12-18
185, 5, 2020-01-24, 2020-08-19
125, 1, 2022-09-09, NULL
103, 29, 2019-05-18, 2019-06-09
185, 12, 2015-09-15, 2016-02-21
172, 23, 2016-02-17, 2017-04-10
37, 25, 2018-08-04, 2019-02-19
187, 22, 2015-08-29, 2016-08-10
140, 6, 2022-03-10, 2022-09-09
147, 4, 2018-09-13, 2019-03-15
87, 30, 2021-12-05, 2022-08-08
123, 4, 2021-01-13, 2022-01-01
188, 7, 2020-09-05, 2021-05-10
49, 27, 2015-11-26, 2016-08-04
30, 30, 2022-03-13, 2022-05-07
31, 11, 2022-04-23, 2022-08-29
136, 18, 2017-10-16, 2018-05-13
199, 6, 2018-08-27, NULL
174, 30, 2017-05-27, 2017-06-05
133, 25, 2018-09-28, 2018-11-23
16, 11, 2016-10-01, 2017-04-21
53, 26, 2019-02-17, 2019-08-18
139, 24, 2021-10-24, 2022-09-27
25, 29, 2021-10-06, 2022-08-25
147, 4, 2022-06-20, NULL
60, 14, 2016-03-22, 2016-04-11
78, 24, 2020-03-13, 2020-04-15
1, 16, 2020-05-17, 2021-01-09
82, 8, 2020-12-27, 2022-01-05
25, 25, 2022-12-27, 2023-10-24
162, 29, 2015-08-29, 2016-02-25
63, 11, 2016-09-15, 2017-05-19
130, 11, 2021-07-18, 2022-05-11
185, 26, 2019-12-25, 2020-05-22
110, 14, 2023-04-03, 2024-05-04
181, 8, 2023-05-17, 2023-09-20
94, 2, 2021-03-31, NULL
108, 27, 2018-01-01, 2019-01-03
51, 22, 2022-02-17, NULL
177, 5, 2017-01-08, 2017-03-27
189, 3, 2016-07-20, 2017-11-08
80, 15, 2022-12-02, 2024-03-02
140, 16, 2015-02-21, 2015-08-14
161, 16, 2022-10-13, 2024-02-02
133, 8, 2017-10-26, 2019-01-18
97, 28, 2022-11-03, 2022-12-02
22, 6, 2015-09-20, 2016-02-06
146, 3, 2016-04-28, 2016-05-22
181, 21, 2016-05-12, 2017-05-25
175, 19, 2016-12-14, 2017-05-08
155, 20, 2021-04-03, 2021-06-02
1, 1, 2022-02-08, NULL
64, 9, 2020-06-21, 2021-08-02
39, 23, 2021-03-15, 2021-05-11
162, 27, 2019-04-26, 2020-01-15
115, 30, 2021-07-06, 2022-02-01
115, 14, 2018-10-15, 2019-12-08
186, 24, 2017-09-05, 2018-02-07
103, 22, 2020-06-16, 2021-08-22
122, 7, 2016-02-18, 2017-06-12
13, 12, 2020-07-28, 2020-11-11
49, 26, 2022-10-28, 2023-09-15
133, 27, 2015-03-30, NULL
106, 9, 2018-07-21, NULL
125, 19, 2021-01-30, 2021-02-23
178, 4, 2017-10-07, 2019-01-03
66, 5, 2023-03-20, 2024-04-17
131, 14, 2019-05-27, NULL
64, 4, 2017-08-26, NULL
28, 3, 2020-08-23, 2021-08-05
31, 13, 2016-11-22, 2017-12-30
68, 2, 2017-07-06, 2018-09-29
121, 11, 2020-11-14, 2022-01-16
140, 21, 2022-03-01, 2022-08-08
172, 24, 2017-08-23, 2018-08-17
40, 3, 2022-08-27, NULL
186, 8, 2019-07-01, 2020-10-08
146, 25, 2017-03-05, 2017-05-20
185, 8, 2018-08-13, 2019-07-12
107, 8, 2021-02-05, 2022-04-08
51, 19, 2018-10-18, 2018-11-21
12, 26, 2022-09-08, 2023-03-05
83, 23, 2016-04-11, 2016-08-30
131, 15, 2017-10-06, 2018-10-15
37, 29, 2015-06-27, 2016-04-21
87, 4, 2016-04-02, 2016-11-28
195, 3, 2023-01-08, 2023-03-29
156, 4, 2021-08-09, NULL
35, 2, 2020-02-05, NULL
149, 17, 2018-11-13, 2019-06-29
102, 22, 2016-07-26, NULL
56, 12, 2018-08-22, 2019-04-11
76, 10, 2022-10-25, 2023-08-06
198, 7, 2019-05-14, 2019-10-22
123, 22, 2017-10-31, 2018-01-07
143, 12, 2021-09-17, 2022-11-30
20, 30, 2019-03-04, 2019-04-16
188, 18, 2017-04-08, 2018-01-10
77, 11, 2020-06-13, 2021-06-30
9, 5, 2021-05-30, 2021-10-31
92, 30, 2015-06-16, 2016-06-22
10, 4, 2022-02-26, 2023-04-25
143, 19, 2019-10-14, 2020-03-01
19, 26, 2016-08-11, 2016-10-24
118, 26, 2017-02-01, 2017-09-27
181, 23, 2015-01-05, 2016-04-22
185, 17, 2018-09-21, 2018-10-23
51, 9, 2017-06-22, 2018-10-04
3, 28, 2021-03-28, 2022-03-27
51, 22, 2023-05-18, 2023-06-02
111, 28, 2018-07-26, 2019-11-15
166, 15, 2018-09-02, 2018-11-03
188, 17, 2023-02-02, 2023-07-01
105, 28, 2021-04-11, 2021-04-19
45, 25, 2022-10-10, 2023-06-27
130, 24, 2019-08-09, 2020-04-11
177, 24, 2017-12-05, 2017-12-07
191, 27, 2021-11-28, 2022-10-21
69, 21, 2018-08-19, NULL
133, 1, 2017-12-08, 2018-10-04
111, 23, 2017-04-16, 2018-02-25
91, 20, 2017-08-22, 2018-10-18
82, 27, 2019-05-19, 2020-06-17
92, 11, 2021-12-26, 2022-06-02
90, 13, 2017-03-22, 2018-04-23
187, 21, 2019-11-30, 2020-09-15
26, 7, 2022-06-19, 2023-06-20
159, 19, 2015-02-01, 2015-11-07
71, 27, 2020-02-08, NULL
185, 5, 2017-04-04, 2017-04-25
110, 16, 2021-01-24, NULL
184, 1, 2017-05-06, 2017-06-02
24, 20, 2018-03-29, 2018-12-06
124, 16, 2015-03-15, 2016-03-07
108, 16, 2016-02-20, 2017-04-23
43, 14, 2019-02-01, 2019-06-15
68, 28, 2016-09-01, 2016-12-17
126, 17, 2022-09-20, 2023-05-06
162, 12, 2016-04-13, 2017-04-20
84, 3, 2019-11-08, 2020-10-28
62, 6, 2020-04-23, 2021-02-23
200, 14, 2020-03-25, 2021-03-03
24, 23, 2017-07-19, 2017-11-15
158, 10, 2018-12-23, 2019-05-08
136, 12, 2018-10-04, 2019-11-24
167, 1, 2016-02-19, 2016-07-15
76, 9, 2019-12-09, 2020-03-27
28, 29, 2018-04-17, 2018-11-14
181, 6, 2021-08-29, 2022-05-31
39, 7, 2021-05-04, 2022-04-20
63, 1, 2019-04-16, 2020-07-08
52, 24, 2019-03-28, 2020-06-14
17, 25, 2018-02-06, 2018-07-21
180, 19, 2019-07-09, 2019-10-08
8, 9, 2021-03-14, 2022-04-24
55, 21, 2020-03-20, 2021-07-10
126, 24, 2015-02-26, 2016-07-02
49, 10, 2016-01-20, 2017-03-07
123, 7, 2015-03-06, 2015-12-28
34, 21, 2017-10-30, 2018-12-20
56, 27, 2015-01-13, 2015-10-12
13, 11, 2016-03-22, 2017-06-29
200, 3, 2018-03-27, NULL
17, 26, 2019-05-04, 2020-08-26
64, 24, 2020-12-04, 2021-09-11
114, 4, 2018-06-11, 2019-09-10
69, 12, 2022-10-01, 2023-09-03
161, 10, 2017-01-31, 2017-12-11
76, 7, 2017-02-11, 2017-08-29
156, 20, 2020-03-26, 2020-06-21
79, 25, 2018-12-09, 2019-03-22
139, 3, 2022-06-29, 2022-09-22
25, 19, 2021-04-12, 2022-02-21
200, 21, 2022-01-13, 2022-04-24
148, 24, 2019-03-26, NULL
4, 17, 2016-11-27, 2017-11-30
79, 25, 2015-11-04, 2016-03-13
13, 16, 2017-07-07, 2018-08-19
175, 12, 2016-02-11, 2017-06-20
121, 10, 2015-08-06, 2015-12-14
59, 21, 2017-01-04, 2017-09-22
120, 22, 2020-07-30, 2020-10-07
124, 10, 2020-05-17, NULL
47, 7, 2015-12-17, 2016-06-13
87, 25, 2017-10-15, NULL
177, 19, 2017-04-23, 2017-10-05
186, 14, 2019-07-28, 2020-05-16
89, 7, 2021-05-25, 2022-05-12
92, 6, 2021-07-05, 2021-11-14
127, 11, 2016-01-26, 2016-12-02
92, 3, 2017-12-13, 2018-05-17
159, 24, 2017-07-12, 2018-05-15
190, 6, 2018-10-09, NULL
9, 18, 2021-08-01, 2022-05-11
79, 3, 2016-05-10, 2017-04-30
33, 30, 2020-02-23, 2020-11-02
69, 17, 2020-05-31, 2021-08-16
142, 13, 2022-07-21, 2023-06-16
108, 3, 2015-05-17, 2016-03-05
145, 28, 2022-05-12, 2023-04-16
15, 19, 2020-02-07, 2020-03-18
112, 21, 2015-02-27, 2015-06-09
146, 21, 2017-07-12, 2017-09-11
143, 1, 2016-10-01, 2017-01-12
187, 8, 2015-04-14, 2015-07-30
62, 11, 2021-05-28, 2022-05-14
127, 16, 2021-08-25, 2021-09-09
135, 28, 2017-08-18, 2018-12-31
27, 21, 2020-09-16, 2021-03-10
73, 5, 2017-08-22, 2018-05-27
5, 29, 2021-09-01, 2022-08-09
102, 1, 2023-02-12, 2024-02-24
168, 30, 2015-11-12, 2017-02-16
82, 26, 2018-05-03, 2018-09-08
45, 17, 2022-12-13, 2024-03-11
128, 13, 2015-02-24, 2015-06-02
123, 13, 2017-02-22, 2017-11-24
47, 28, 2015-08-07, 2016-07-24
137, 22, 2020-09-13, 2021-06-09
32, 12, 2020-06-16, 2021-08-02
133, 18, 2020-12-20, 2021-03-04
137, 11, 2018-08-16, 2018-11-03
33, 13, 2019-02-25, 2020-06-06
98, 10, 2015-05-01, 2016-02-27
191, 2, 2018-05-23, 2019-01-13
163, 19, 2018-03-09, 2019-06-27
63, 25, 2016-01-19, 2016-10-05
94, 19, 2017-06-03, 2017-11-03
195, 9, 2017-06-29, 2018-06-16
155, 29, 2015-07-05, 2016-04-25
136, 5, 2017-09-20, 2017-12-08
5, 6, 2016-11-15, 2017-04-25
56, 24, 2016-02-23, 2016-08-23
123, 20, 2018-12-01, 2019-10-28
17, 30, 2017-12-25, 2018-06-06
140, 26, 2017-06-19, 2017-11-30
114, 24, 2020-09-19, NULL
59, 21, 2018-02-17, 2018-11-14
92, 20, 2023-05-24, 2024-03-09
108, 13, 2019-05-27, 2019-12-31
3, 10, 2016-03-17, 2017-05-21
147, 6, 2015-09-25, 2015-10-01
50, 29, 2016-07-31, 2016-10-26
188, 8, 2017-12-01, NULL
121, 30, 2016-07-13, 2017-07-28
155, 17, 2015-01-31, 2015-02-22
116, 14, 2022-03-25, 2023-03-10
22, 17, 2016-11-20, 2018-02-20
105, 30, 2022-08-10, 2023-03-17
17, 21, 2018-03-16, NULL
150, 17, 2020-02-06, 2021-01-22
83, 16, 2022-09-19, 2024-01-24
185, 30, 2023-03-12, 2023-03-31
152, 22, 2021-11-20, 2022-05-24
25, 7, 2022-09-16, 2023-02-28
5, 29, 2015-01-17, 2015-11-30
139, 17, 2022-11-16, 2024-01-02
114, 26, 2022-04-26, 2022-10-12
177, 3, 2020-05-07, 2020-06-30
138, 10, 2016-08-31, 2017-09-15
175, 22, 2020-06-13, 2021-07-16
105, 23, 2019-11-15, 2020-03-12
125, 22, 2021-06-25, 2021-10-23
110, 12, 2015-10-13, 2016-09-13
96, 18, 2015-10-28, 2016-06-27
66, 15, 2020-02-21, 2020-09-24
156, 10, 2018-12-31, 2020-05-05
84, 4, 2017-06-29, 2018-07-23
27, 20, 2016-04-23, 2016-08-23
187, 8, 2019-04-29, 2020-08-10
18, 25, 2015-12-05, 2015-12-24
119, 17, 2019-09-19, 2020-03-18
24, 13, 2016-06-27, 2016-09-09
104, 28, 2021-09-26, 2022-11-17
118, 22, 2015-02-19, 2015-10-26
33, 2, 2023-01-30, 2024-03-25
103, 14, 2021-07-03, 2022-04-30
1, 27, 2015-05-23, 2015-07-07
178, 13, 2017-11-19, 2018-04-16
44, 21, 2016-09-17, 2017-02-20
100, 8, 2017-10-10, 2018-08-14
102, 5, 2015-06-18, 2016-09-11
182, 10, 2023-05-06, 2023-08-08
156, 27, 2018-03-18, 2019-03-08
157, 15, 2020-12-02, 2021-10-24
29, 1, 2018-12-26, 2020-01-27
102, 19, 2018-09-05, 2019-12-14
36, 18, 2021-09-17, 2022-09-02
165, 24, 2019-09-01, 2020-11-09
69, 15, 2017-03-12, NULL
197, 12, 2021-04-02, 2021-08-27
151, 12, 2021-06-29, 2021-08-09
12, 2, 2020-03-31, 2020-07-24
111, 3, 2019-03-24, NULL
165, 14, 2016-11-21, 2016-12-10
125, 30, 2019-11-23, 2020-06-05
78, 15, 2020-08-16, 2021-02-11
191, 17, 2020-04-01, 2020-08-04
122, 7, 2019-08-21, 2019-08-24
72, 12, 2019-07-25, 2020-05-23
178, 8, 2016-08-30, 2017-02-23
11, 20, 2019-08-23, 2020-05-28
34, 13, 2016-03-10, 2016-05-18
102, 15, 2019-04-29, 2019-12-23
134, 9, 2020-11-08, 2022-01-01
149, 12, 2016-10-13, 2017-10-27
188, 4, 2018-02-22, 2018-07-24
38, 14, 2016-12-20, NULL
138, 13, 2022-12-01, 2024-03-09
194, 8, 2015-04-01, 2015-05-19
66, 6, 2018-06-15, NULL
143, 14, 2015-12-06, 2016-06-11
199, 29, 2017-01-20, NULL
133, 16, 2016-11-08, 2017-12-11
190, 27, 2016-11-23, 2018-01-05
101, 14, 2017-03-23, 2017-09-27
34, 16, 2022-02-05, 2022-10-01
51, 14, 2018-07-18, 2019-08-04
141, 8, 2020-04-14, 2021-08-06
92, 27, 2016-03-23, 2016-03-24
182, 1, 2015-05-12, 2016-04-28
123, 7, 2019-02-05, 2019-08-17
135, 11, 2016-12-11, 2017-12-01
126, 6, 2017-09-03, NULL
46, 6, 2022-05-08, 2022-11-05
45, 27, 2016-07-13, 2016-11-23
64, 16, 2020-12-25, 2021-01-07
146, 1, 2015-07-01, 2016-03-31
132, 12, 2016-08-31, 2016-12-16
193, 2, 2017-09-24, 2018-03-13
164, 27, 2020-06-15, 2021-02-19
176, 2, 2023-02-18, 2023-04-13
199, 1, 2018-07-27, 2019-06-02
83, 2, 2017-10-20, 2019-02-05
16, 8, 2019-06-26, 2020-03-08
59, 23, 2015-04-03, 2015-12-27
191, 22, 2020-10-28, 2021-03-03
190, 17, 2019-10-02, 2020-07-30
20, 6, 2019-08-11, 2019-10-16
66, 2, 2017-03-31, 2017-12-03
167, 1, 2019-08-23, 2019-08-26
180, 15, 2016-12-18, 2017-11-21
163, 17, 2017-10-01, 2018-10-02
21, 9, 2022-01-01, 2022-11-09
13, 14, 2015-04-10, 2015-12-18
105, 25, 2015-02-21, 2016-02-12
96, 18, 2016-10-23, 2017-06-06
14, 2, 2023-01-07, 2023-08-11
114, 5, 2015-08-19, 2015-10-13
9, 25, 2021-10-31, 2022-02-01
189, 28, 2016-06-20, 2016-10-07
36, 22, 2021-04-21, 2021-05-31
124, 6, 2015-02-17, 2015-12-30
151, 23, 2021-08-08, 2021-12-24
115, 12, 2017-10-08, 2018-05-03
12, 7, 2023-03-31, 2023-06-03
35, 9, 2022-10-23, 2022-10-26
162, 9, 2021-04-09, 2021-06-08
149, 2, 2015-03-19, 2016-07-20
32, 11, 2023-01-28, 2023-11-13
115, 30, 2019-12-17, 2020-10-16
191, 21, 2019-06-24, NULL
98, 5, 2020-08-29, 2021-12-14
91, 25, 2018-02-24, 2019-02-21
111, 14, 2022-06-24, 2022-12-30
198, 26, 2022-01-05, 2022-09-12
38, 7, 2019-06-23, 2019-12-06
10, 8, 2016-05-17, 2016-07-24
87, 7, 2023-02-27, 2024-04-14
46, 2, 2018-11-20, 2019-07-10
133, 10, 2020-02-07, 2020-04-17
90, 17, 2016-07-28, 2017-10-10
45, 22, 2020-12-05, 2021-02-04
24, 3, 2022-12-27, 2023-05-11
98, 4, 2015-02-13, 2015-12-28
15, 24, 2015-10-13, 2015-10-30
160, 29, 2017-03-27, 2018-02-28
92, 5, 2016-07-12, 2016-08-25
132, 22, 2016-01-08, 2017-05-22
149, 15, 2017-04-27, NULL
178, 19, 2015-11-06, 2016-01-28
30, 23, 2019-01-13, 2019-04-23
109, 4, 2018-03-16, 2018-04-26
74, 3, 2016-08-29, 2017-08-24
191, 23, 2022-07-16, 2022-07-20
154, 24, 2015-05-11, 2016-01-08
70, 1, 2020-05-10, 2021-05-11
188, 12, 2019-03-17, 2019-08-09
151, 12, 2016-09-05, 2018-01-16
84, 10, 2015-01-15, 2015-03-08
120, 24, 2022-10-27, 2023-09-30
81, 10, 2018-01-10, 2019-05-12
185, 29, 2018-03-08, 2018-08-08
130, 17, 2016-07-26, NULL
186, 3, 2023-05-20, 2024-09-28
194, 10, 2017-04-25, 2017-07-11
65, 16, 2018-03-08, 2019-02-21
91, 12, 2020-05-30, 2021-03-26
93, 6, 2018-06-19, 2019-07-15
79, 24, 2023-06-01, 2023-12-13
186, 23, 2020-11-04, 2021-08-30
152, 27, 2018-05-30, 2019-03-22
181, 12, 2022-03-13, 2022-08-20
81, 30, 2016-04-06, 2016-11-12
73, 27, 2023-04-21, 2024-02-08
89, 17, 2021-04-03, 2021-11-10
2, 9, 2017-12-29, 2018-07-06
31, 22, 2017-09-11, 2018-04-16
169, 19, 2020-12-14, 2021-12-10
192, 5, 2018-04-26, NULL
117, 9, 2017-10-01, 2018-03-02
127, 11, 2020-02-22, 2020-05-01
8, 30, 2019-12-29, NULL
62, 18, 2022-11-10, NULL
100, 17, 2022-04-13, 2023-06-11
140, 2, 2018-08-10, 2019-11-09
25, 26, 2021-03-12, 2021-05-09
157, 19, 2020-01-15, 2020-06-28
185, 13, 2022-12-12, 2024-01-25
33, 5, 2015-04-04, 2016-03-23
142, 19, 2016-10-08, 2017-09-18
5, 13, 2021-01-22, 2021-11-11
65, 14, 2020-05-11, 2020-12-02
104, 22, 2020-12-28, 2021-08-29
165, 30, 2021-05-02, 2021-07-14
138, 27, 2019-05-29, 2019-09-16
142, 1, 2021-11-05, 2022-05-19
76, 13, 2021-02-15, 2021-03-23
190, 1, 2016-04-23, 2016-10-02
177, 10, 2016-10-11, 2017-11-03
97, 28, 2015-12-29, NULL
136, 25, 2017-07-22, 2017-11-03
26, 12, 2015-05-18, NULL
30, 25, 2015-04-19, 2015-07-18
41, 7, 2023-04-18, 2024-01-22
167, 2, 2017-07-07, 2017-07-11
47, 21, 2019-02-04, 2019-07-05
12, 18, 2015-08-22, 2016-08-09
106, 4, 2015-12-05, 2017-04-13
166, 12, 2020-04-01, NULL
28, 7, 2015-06-27, 2015-08-30
84, 11, 2020-09-18, 2020-10-31
191, 14, 2016-02-21, 2017-07-02
24, 24, 2016-05-14, 2016-12-21
95, 27, 2021-04-28, 2021-10-10
48, 15, 2019-07-09, 2020-11-19
169, 23, 2023-05-22, 2024-08-28
96, 21, 2016-08-21, 2016-09-17
178, 6, 2021-12-27, 2022-05-25
93, 2, 2018-06-05, 2019-04-10
174, 15, 2022-12-08, 2023-01-09
81, 9, 2020-11-25, 2021-08-18
104, 12, 2019-07-03, 2020-10-31
19, 11, 2021-06-25, 2022-06-29
39, 15, 2016-05-23, 2017-06-05
60, 11, 2020-10-20, 2021-08-21
153, 13, 2017-11-08, 2018-11-21
61, 9, 2019-01-16, NULL
163, 5, 2017-05-19, 2018-08-12
111, 3, 2023-05-21, 2024-09-05
135, 1, 2019-08-23, 2020-10-27
92, 1, 2018-05-31, 2018-08-28
52, 2, 2016-08-05, 2017-02-05
20, 30, 2022-07-12, 2022-10-28
158, 30, 2019-09-29, 2021-02-10
151, 24, 2022-01-29, 2023-03-29
53, 26, 2023-03-07, 2023-07-11
121, 4, 2017-02-13, 2017-09-08
47, 8, 2022-02-21, 2022-09-21
37, 21, 2017-01-18, 2018-05-28
162, 4, 2016-03-18, 2017-03-31
140, 20, 2018-12-07, 2019-09-24
69, 10, 2015-04-09, 2016-03-25
165, 20, 2019-05-14, 2020-06-11
17, 8, 2016-08-28, NULL
104, 17, 2022-07-11, 2023-10-04
60, 12, 2021-04-12, 2021-10-15
193, 13, 2015-08-20, 2015-10-13
13, 11, 2022-04-14, 2023-03-30
43, 13, 2019-04-27, 2020-08-09
25, 27, 2020-09-17, 2021-07-16
70, 30, 2016-08-18, 2016-11-27
108, 18, 2020-12-30, 2021-03-28
198, 27, 2020-08-26, 2021-01-15
175, 19, 2023-03-04, 2023-09-20
50, 15, 2018-06-03, 2019-06-08
138, 10, 2019-12-04, NULL
160, 17, 2016-08-28, 2017-11-29
85, 19, 2021-07-01, 2021-07-07
97, 18, 2019-02-01, 2020-05-07
39, 23, 2018-01-25, 2019-03-01
84, 9, 2016-03-25, 2016-10-28
165, 1, 2020-09-21, 2021-12-13
164, 20, 2022-03-14, 2022-12-24
92, 25, 2017-10-15, 2018-12-09
110, 8, 2017-08-26, 2017-09-12
173, 12, 2016-10-11, 2018-01-09
160, 1, 2019-09-17, 2019-12-30
22, 22, 2021-03-22, 2022-04-19
128, 28, 2016-09-23, 2017-10-29
146, 4, 2020-09-28, 2021-02-10
139, 5, 2015-10-30, 2017-01-16
61, 17, 2021-08-12, 2022-04-07
106, 2, 2022-12-03, 2022-12-08
165, 5, 2022-10-25, 2023-09-20
139, 4, 2020-04-04, 2020-09-02
114, 26, 2015-04-27, 2015-07-26
34, 11, 2018-12-19, 2019-01-27
106, 4, 2017-05-26, 2018-05-13
193, 15, 2022-01-02, NULL
12, 15, 2021-04-20, 2022-07-27
132, 18, 2021-12-08, 2022-09-16
98, 9, 2017-05-18, 2018-04-28
133, 25, 2019-05-16, 2019-09-21
194, 11, 2020-12-20, 2021-01-29
41, 6, 2017-03-10, NULL
129, 8, 2018-07-26, 2019-06-27
123, 27, 2022-12-07, 2023-11-08
195, 28, 2021-03-30, 2021-05-31
72, 11, 2020-09-24, 2021-08-19
150, 23, 2019-04-02, 2020-01-25
23, 17, 2019-03-03, 2020-06-07
151, 24, 2022-12-15, 2023-12-25
7, 18, 2019-11-25, 2021-01-12
165, 28, 2022-01-30, 2023-05-15
9, 5, 2019-08-19, 2020-05-12
156, 18, 2019-03-16, 2019-03-19
185, 7, 2020-04-13, 2020-12-31
180, 1, 2022-10-23, 2023-04-17
17, 25, 2016-08-03, 2017-06-15
191, 9, 2020-04-04, 2021-02-27
43, 5, 2022-06-04, 2022-07-22
182, 14, 2022-07-17, 2023-03-28
128, 23, 2023-02-08, 2023-09-20
105, 3, 2015-05-08, 2015-08-18
193, 13, 2018-11-24, 2019-03-14
27, 5, 2020-03-13, 2020-12-25
21, 2, 2022-07-24, 2023-07-31
87, 21, 2018-09-30, 2019-06-10
26, 2, 2015-12-16, 2016-12-02
200, 12, 2021-09-05, 2022-01-26
53, 27, 2015-05-26, 2016-05-28
14, 4, 2016-07-16, 2017-06-22
116, 16, 2017-05-02, 2018-04-04
92, 24, 2017-12-29, 2018-05-16
14, 11, 2019-08-07, 2019-10-20
37, 10, 2019-08-03, 2020-07-22
171, 20, 2019-10-24, 2020-06-30
136, 14, 2019-09-20, 2020-05-21
69, 6, 2023-03-01, 2023-08-13
28, 12, 2022-11-18, 2023-09-19
30, 7, 2021-06-11, 2022-09-05
132, 14, 2016-05-29, 2017-01-09
117, 30, 2015-08-10, 2016-02-09
143, 25, 2015-03-19, 2015-12-26
71, 5, 2016-06-02, NULL
73, 4, 2017-01-18, 2017-10-02
200, 27, 2021-11-12, 2022-09-06
158, 22, 2019-03-12, 2019-10-14
200, 2, 2022-09-22, 2023-03-17
27, 9, 2021-04-28, 2022-03-26
90, 6, 2023-02-11, 2023-07-10
16, 24, 2022-05-24, 2023-08-15
111, 7, 2020-11-09, 2022-03-03
128, 17, 2015-02-12, 2015-06-28
137, 24, 2015-04-24, 2016-07-27
83, 7, 2023-03-31, 2023-10-02
184, 26, 2017-06-26, 2018-02-18
192, 28, 2018-07-05, 2019-09-01
19, 5, 2016-04-04, 2016-07-27
130, 4, 2015-02-02, NULL
123, 28, 2017-11-22, 2019-02-09
102, 23, 2016-01-04, 2017-04-09
88, 27, 2021-03-19, 2022-02-09
191, 1, 2017-03-01, 2017-03-12
192, 10, 2022-10-24, 2022-12-04
155, 20, 2020-11-09, 2021-10-16
199, 19, 2015-10-28, 2016-07-29
168, 18, 2016-09-04, 2016-10-31
41, 2, 2016-12-31, 2017-06-14
60, 5, 2017-11-10, 2019-01-21
91, 15, 2022-07-12, 2023-04-10
164, 19, 2022-07-29, NULL
8, 13, 2021-09-08, 2022-02-25
138, 14, 2022-04-27, 2022-09-16
125, 3, 2021-12-23, 2023-02-19
15, 12, 2017-10-05, 2018-10-18
52, 18, 2021-10-19, 2022-12-10
164, 17, 2017-10-20, 2018-02-23
26, 4, 2020-12-28, 2022-02-11
92, 4, 2020-05-19, 2021-04-06
192, 29, 2020-06-20, NULL
94, 10, 2016-10-05, 2017-02-17
26, 26, 2015-01-26, 2016-02-07
37, 5, 2015-06-01, 2016-10-06
34, 4, 2022-12-13, 2023-07-04
56, 19, 2021-02-21, 2022-04-09
140, 29, 2022-03-16, 2022-11-03
33, 29, 2022-12-18, 2023-05-26
1, 23, 2020-12-07, 2021-01-27
195, 2, 2015-03-01, 2016-04-19
97, 26, 2016-12-05, 2017-09-03
71, 6, 2021-10-13, 2022-07-04
39, 26, 2019-11-01, 2020-05-17
32, 1, 2017-08-06, 2017-11-26
70, 30, 2019-07-20, 2020-10-31
38, 17, 2022-04-18, 2023-01-06
87, 28, 2016-10-29, 2017-10-07
5, 9, 2015-10-11, 2015-12-31
37, 27, 2021-05-22, 2022-02-24
65, 26, 2021-01-17, 2021-11-11
97, 19, 2016-01-20, 2016-08-03
138, 21, 2015-11-30, 2016-04-08
11, 26, 2018-01-05, 2018-08-08
138, 10, 2018-06-07, 2018-11-17
144, 22, 2023-04-03, 2024-01-21
70, 3, 2018-08-01, 2018-10-19
140, 2, 2017-08-30, 2017-12-09
32, 3, 2022-04-15, 2023-06-04
67, 6, 2019-01-30, NULL
119, 22, 2019-09-16, 2019-11-08
39, 27, 2018-01-20, 2018-12-25
132, 29, 2021-03-31, 2022-04-16
197, 5, 2022-11-11, 2024-01-03
132, 12, 2021-05-10, 2022-03-18
81, 24, 2019-07-14, 2020-08-18
137, 18, 2015-08-01, 2016-03-06
79, 30, 2021-01-06, 2022-03-05
130, 8, 2017-12-22, 2018-08-05
176, 21, 2023-02-06, 2023-03-12
44, 25, 2017-06-06, 2017-09-19
60, 7, 2022-03-12, 2022-05-27
141, 22, 2016-12-25, 2017-04-26
180, 8, 2017-02-26, 2017-11-24
149, 22, 2023-01-26, 2023-06-07
13, 25, 2021-10-08, 2021-12-17
61, 13, 2023-01-06, 2024-04-28
95, 11, 2019-08-27, 2020-03-26
79, 25, 2021-04-10, 2022-04-15
126, 26, 2020-10-18, 2021-02-13
93, 21, 2017-07-16, 2018-06-12
74, 13, 2020-06-19, 2020-12-30
128, 4, 2019-10-26, 2021-02-21
181, 2, 2020-09-28, 2021-04-21
159, 11, 2020-10-20, 2022-01-18
128, 15, 2018-12-14, 2020-02-28
73, 22, 2018-10-07, 2019-07-31
162, 20, 2018-05-08, 2018-12-14
152, 17, 2019-08-29, NULL
62, 13, 2021-09-07, 2022-09-09
118, 7, 2016-04-02, 2017-04-26
3, 29, 2015-07-20, 2016-08-22
12, 20, 2018-03-19, 2019-04-18
144, 5, 2020-05-10, 2020-09-20
49, 15, 2023-04-23, 2024-02-09
136, 9, 2017-04-13, 2017-06-03
157, 23, 2018-11-21, 2020-04-01
115, 28, 2022-01-22, 2023-02-14
199, 28, 2021-09-16, 2022-08-03
46, 1, 2019-08-04, 2019-11-13
102, 5, 2020-11-17, 2021-09-22
2, 22, 2017-10-12, 2018-09-02
25, 3, 2018-05-26, 2018-10-04
71, 3, 2022-03-04, 2023-01-06
3, 1, 2019-02-09, 2019-10-09
177, 12, 2018-11-24, 2019-08-26
58, 1, 2018-08-10, NULL
166, 20, 2021-08-04, NULL
152, 29, 2023-01-11, 2023-11-28
113, 26, 2021-06-25, NULL
144, 8, 2015-05-24, 2015-05-26
154, 15, 2017-06-17, 2017-09-08
194, 15, 2022-11-11, 2023-04-13
86, 29, 2021-06-16, 2021-08-26
53, 27, 2019-01-27, 2019-03-19
86, 21, 2022-02-22, 2022-05-27
140, 12, 2016-09-03, 2017-08-24
131, 26, 2023-03-30, 2023-08-18
72, 17, 2021-10-24, 2021-12-21
96, 19, 2022-04-05, 2023-01-24
16, 17, 2016-08-22, 2016-10-18
30, 13, 2023-05-28, 2024-06-23
38, 28, 2018-05-11, 2019-09-02
161, 21, 2019-09-06, 2020-01-25
184, 28, 2016-11-03, 2017-06-18
175, 26, 2020-07-21, 2021-03-26
164, 16, 2021-08-05, 2021-10-03
144, 22, 2020-12-11, 2021-04-06
113, 10, 2018-10-05, 2019-04-13
166, 1, 2016-05-22, 2017-06-03
142, 6, 2020-11-05, 2021-08-02
127, 28, 2022-06-23, 2023-10-17
150, 25, 2019-04-19, 2020-07-26
80, 6, 2018-01-01, 2019-02-03
119, 6, 2018-09-24, 2019-05-05
178, 21, 2019-10-20, 2020-04-03
62, 8, 2021-06-19, 2022-05-27
24, 22, 2020-03-16, 2021-07-08
91, 5, 2020-02-09, 2021-04-01
184, 27, 2020-06-29, 2021-06-23
95, 19, 2021-03-27, NULL
29, 15, 2016-06-04, 2017-06-26
5, 10, 2016-08-06, 2017-06-30
54, 28, 2019-05-11, 2019-05-12
184, 27, 2021-05-11, 2022-01-12
123, 15, 2023-04-23, 2024-02-08
161, 1, 2020-12-27, 2021-03-10
49, 5, 2022-05-09, 2023-08-15
110, 28, 2021-12-27, 2022-03-22
172, 10, 2019-08-13, 2019-11-05
43, 2, 2023-02-23, 2023-12-19
9, 20, 2020-04-21, 2020-08-31
112, 18, 2019-06-05, 2020-06-29
59, 10, 2017-03-06, 2018-01-23
54, 17, 2018-02-05, 2018-12-12
10, 1, 2016-09-21, 2016-09-30
100, 18, 2015-08-22, 2016-02-25
48, 5, 2018-07-07, 2018-10-19
43, 9, 2021-10-19, 2023-03-03
180, 24, 2022-01-01, 2022-12-16
98, 28, 2018-09-29, 2019-06-22
187, 18, 2022-11-07, 2022-12-03
91, 2, 2015-06-10, 2016-03-16
122, 8, 2019-02-13, NULL
22, 24, 2018-10-06, NULL
160, 8, 2018-09-16, 2019-10-06
102, 22, 2015-04-11, 2016-08-23
14, 14, 2019-07-16, 2020-06-13
19, 10, 2017-08-19, 2018-09-04
14, 11, 2022-09-17, 2023-04-02
186, 3, 2019-04-21, 2019-12-03
88, 24, 2018-06-30, 2019-05-08
46, 15, 2019-08-01, 2019-12-20
167, 25, 2020-03-19, 2021-05-21
43, 3, 2019-06-19, 2020-09-02
197, 28, 2021-07-09, 2022-08-13
99, 13, 2015-04-15, 2016-06-30
160, 18, 2023-03-22, 2023-09-12
174, 25, 2020-12-27, 2022-01-25
3, 1, 2021-09-17, NULL
6, 10, 2021-05-18, 2021-08-08
78, 10, 2015-08-16, NULL
195, 21, 2019-12-01, 2020-06-13
6, 13, 2020-04-09, 2021-04-22
45, 8, 2016-08-16, 2017-02-12
154, 3, 2015-09-21, 2016-11-30
195, 21, 2019-04-01, 2020-08-06
186, 27, 2022-08-17, 2023-12-26
14, 3, 2016-11-28, 2017-08-13
86, 12, 2020-07-22, NULL
105, 17, 2019-10-13, 2019-11-06
179, 14, 2020-01-24, 2020-05-17
126, 12, 2019-04-25, NULL
1, 14, 2017-12-24, 2019-01-29
8, 24, 2022-03-02, 2023-04-19
16, 13, 2018-09-01, 2019-02-21
105, 18, 2021-12-14, 2022-11-28
147, 17, 2018-11-11, 2019-09-30
193, 17, 2020-04-10, 2021-08-21
122, 12, 2017-02-27, 2017-07-28
183, 14, 2023-05-18, 2024-05-10
118, 30, 2016-08-09, 2017-09-06
55, 3, 2017-10-07, 2018-03-31
144, 18, 2020-08-22, 2021-03-20
46, 6, 2019-04-15, NULL
88, 12, 2021-06-23, 2022-06-16
173, 10, 2019-07-31, 2020-03-11
51, 14, 2017-10-12, 2018-07-20
158, 12, 2022-09-26, 2022-11-24
99, 30, 2022-05-31, 2023-04-13
59, 21, 2015-08-31, 2016-09-12
66, 1, 2016-07-01, 2017-10-14
66, 29, 2016-11-07, 2017-01-10
19, 14, 2015-05-05, 2015-10-17
176, 9, 2016-08-05, 2017-03-04
118, 8, 2018-09-07, 2019-05-23
110, 5, 2016-09-12, 2017-01-25
71, 28, 2015-01-11, 2015-12-31
192, 6, 2016-08-25, 2017-06-21
149, 27, 2018-04-04, 2018-09-28
9, 9, 2020-01-19, 2020-08-09
115, 13, 2019-09-20, 2021-01-31
197, 30, 2016-03-20, 2017-02-19
153, 22, 2019-05-22, 2020-02-03
85, 28, 2019-04-17, 2019-08-06
4, 16, 2020-03-26, 2021-05-23
166, 27, 2020-01-28, 2021-04-30
143, 18, 2018-03-20, 2018-11-26
92, 15, 2021-12-09, 2022-07-12
28, 24, 2020-06-06, 2021-03-02
44, 2, 2021-09-10, NULL
122, 6, 2015-05-19, 2016-05-17
93, 20, 2022-07-08, 2023-03-31
116, 6, 2021-06-12, 2022-01-15
28, 1, 2017-08-14, 2018-11-07
120, 29, 2022-06-30, 2023-06-11
184, 27, 2018-05-21, 2018-08-28
156, 29, 2015-02-08, 2015-10-24
43, 9, 2022-11-08, 2024-01-14
33, 24, 2021-04-22, 2022-02-14
56, 13, 2020-03-25, 2020-10-16
147, 21, 2017-11-14, 2017-12-18
61, 11, 2020-03-03, 2020-09-06
199, 21, 2016-02-02, 2016-07-16
25, 19, 2019-10-18, 2020-01-31
102, 19, 2017-01-10, 2017-05-26
151, 12, 2020-06-18, NULL
179, 3, 2020-08-26, 2020-09-16
116, 6, 2019-07-15, 2020-11-08
71, 26, 2023-05-09, 2024-03-30
32, 14, 2022-12-04, 2023-04-25
73, 2, 2021-04-12, 2022-04-04
194, 14, 2021-12-12, 2022-09-17
2, 2, 2020-12-09, 2021-12-19
32, 20, 2016-12-17, NULL
104, 12, 2020-05-10, 2021-07-28
138, 6, 2019-11-13, 2019-12-05
152, 24, 2021-11-22, 2021-12-19
33, 3, 2016-06-12, 2017-09-18
156, 5, 2018-11-24, 2019-01-25
116, 1, 2015-07-01, NULL
19, 18, 2017-04-24, 2018-03-16
196, 9, 2016-11-23, 2017-06-10
170, 22, 2023-02-27, 2024-07-06
27, 18, 2021-05-03, 2021-07-04
62, 25, 2018-08-25, 2019-09-14
161, 5, 2015-09-28, 2016-01-12
168, 3, 2022-10-02, 2023-07-22
117, 27, 2017-08-14, 2018-03-02
120, 22, 2020-12-24, 2021-03-30
134, 9, 2019-10-15, NULL
106, 17, 2021-10-26, 2022-11-01
56, 11, 2019-10-13, 2021-01-19
38, 18, 2022-12-03, 2022-12-19
30, 14, 2019-12-22, 2020-08-02
83, 12, 2021-08-18, 2022-06-18
147, 21, 2020-12-09, 2021-11-20
107, 16, 2020-02-29, 2020-03-08
59, 18, 2022-02-25, 2023-02-09
199, 6, 2017-07-17, 2018-07-08
101, 27, 2022-10-27, 2022-11-25
185, 30, 2015-05-24, 2015-11-24
125, 19, 2023-02-14, NULL
10, 19, 2018-07-08, 2019-10-15
153, 9, 2016-03-05, 2017-01-02
57, 8, 2020-02-09, 2021-03-07
23, 16, 2015-05-09, 2016-01-06
159, 19, 2020-01-27, 2020-06-24
67, 18, 2016-09-04, 2016-11-11
148, 29, 2022-12-10, 2024-02-28
49, 6, 2022-11-30, NULL
196, 16, 2017-12-20, 2018-01-28
45, 6, 2021-07-31, 2022-04-04
146, 8, 2021-05-02, 2021-09-03
191, 21, 2018-11-30, 2019-05-07
39, 25, 2017-06-01, 2017-10-13
101, 10, 2015-06-20, 2016-03-23
104, 8, 2018-03-30, 2019-01-18
97, 19, 2020-06-03, 2020-08-10
160, 5, 2015-08-04, 2015-09-18
86, 30, 2022-01-11, 2023-05-14
97, 4, 2016-11-25, 2017-05-05
56, 24, 2022-10-28, 2023-04-05
185, 1, 2021-09-09, 2022-07-03
25, 27, 2021-07-23, 2021-09-21
187, 30, 2018-09-20, 2018-10-30
44, 27, 2022-08-14, 2023-07-08
101, 17, 2017-07-12, 2018-04-12
101, 16, 2022-09-26, 2024-01-04
56, 30, 2019-03-05, 2019-06-30
19, 27, 2021-03-01, 2021-08-18
25, 20, 2022-03-26, NULL
73, 29, 2018-04-21, 2019-02-02
153, 25, 2020-06-30, 2021-03-15
38, 20, 2022-12-01, 2023-01-28
69, 21, 2018-08-13, 2018-11-23
88, 18, 2019-11-09, 2019-11-30
102, 11, 2015-11-19, 2016-01-28
101, 21, 2022-10-17, 2023-07-20
186, 24, 2015-12-08, 2016-12-13
117, 26, 2017-03-15, 2018-05-01
121, 6, 2020-06-04, 2021-02-07
56, 3, 2020-06-14, 2020-11-28
190, 2, 2015-04-10, 2015-04-30
143, 1, 2016-07-23, 2017-06-26
58, 5, 2018-08-17, 2019-09-24
88, 8, 2021-03-30, 2021-10-10
58, 28, 2019-05-13, 2019-08-23
105, 30, 2018-04-03, 2018-10-27
181, 16, 2019-05-26, 2019-06-22
38, 13, 2016-03-08, 2017-03-03
110, 22, 2022-06-06, 2023-05-25
121, 10, 2019-09-14, 2020-01-21
44, 22, 2021-12-15, 2022-02-13
120, 26, 2018-02-23, 2018-09-18
3, 6, 2016-12-25, 2017-12-25
50, 27, 2016-03-04, 2017-02-12
59, 14, 2015-09-01, 2016-09-04
36, 11, 2015-10-13, 2017-02-04
36, 23, 2022-06-17, 2022-09-10
109, 15, 2022-02-27, 2022-10-10
86, 7, 2020-12-21, 2021-10-02
9, 13, 2022-05-08, 2022-05-28
196, 4, 2020-06-20, 2020-10-06
171, 6, 2018-03-01, 2018-03-12
140, 7, 2020-10-28, 2021-10-18
80, 2, 2017-07-07, 2018-07-09
85, 3, 2022-11-06, 2023-10-15
190, 13, 2023-05-24, 2023-11-26
168, 27, 2021-10-14, 2022-01-02
15, 11, 2021-12-12, 2023-01-20
93, 5, 2021-11-15, 2021-12-27
8, 3, 2020-02-10, 2020-11-04
177, 24, 2018-08-21, 2018-11-21
121, 24, 2021-07-18, 2022-05-05
21, 27, 2021-01-06, NULL
108, 19, 2017-11-20, 2018-01-23
44, 23, 2017-05-26, 2018-02-13
153, 9, 2015-05-29, 2016-07-11
95, 8, 2020-08-02, NULL
94, 14, 2016-07-09, NULL
26, 29, 2017-07-04, 2017-10-15
46, 14, 2016-02-18, 2016-03-05
37, 20, 2018-06-18, 2019-06-16
53, 19, 2021-09-30, 2022-03-08
73, 5, 2021-02-02, NULL
133, 1, 2022-09-11, 2022-11-26
179, 18, 2015-11-13, 2016-05-16
152, 24, 2019-02-18, 2019-12-26
173, 12, 2021-12-31, 2022-05-31
36, 28, 2021-12-21, 2022-01-04
12, 27, 2019-03-09, 2019-07-31
4, 2, 2023-02-27, 2023-09-13
107, 13, 2016-06-10, 2017-10-16
93, 21, 2020-02-09, 2021-04-01
39, 3, 2022-05-22, 2022-09-28
138, 26, 2020-07-17, 2020-12-23
7, 29, 2020-12-19, 2021-04-23
11, 18, 2017-05-01, 2018-07-23
63, 24, 2017-11-14, 2018-12-04
76, 18, 2015-12-26, 2016-09-22
160, 28, 2017-06-07, 2017-08-09
46, 5, 2016-06-30, 2017-04-24
36, 28, 2016-07-18, 2017-07-31
108, 3, 2020-06-11, 2021-10-22
118, 10, 2021-12-27, NULL
16, 26, 2016-07-26, 2017-10-20
173, 3, 2019-01-15, 2019-09-15
15, 28, 2016-10-12, 2016-12-08
47, 20, 2021-03-23, 2021-05-22
17, 18, 2015-08-24, NULL
145, 21, 2019-03-03, 2019-04-25
80, 16, 2017-02-04, 2017-05-20
71, 13, 2020-04-30, 2020-12-14
111, 26, 2022-03-01, 2022-12-15
118, 16, 2022-10-14, 2023-05-15
93, 22, 2015-01-11, 2015-11-02
24, 1, 2019-11-14, 2020-05-22
118, 17, 2019-06-08, 2020-06-29
115, 17, 2015-06-30, 2015-11-28
117, 14, 2022-07-06, 2023-05-16
73, 25, 2020-12-27, 2021-12-21
188, 26, 2018-06-10, 2019-03-17
193, 23, 2019-03-13, 2019-03-21
165, 12, 2015-11-27, 2017-01-24
91, 21, 2019-08-29, 2020-06-11
28, 17, 2015-08-03, 2015-11-16
99, 1, 2021-04-20, 2022-02-01
160, 29, 2017-08-28, 2018-12-08
142, 6, 2022-11-04, 2023-10-11
160, 30, 2022-01-04, 2022-02-11
8, 19, 2021-11-17, 2022-12-25
100, 27, 2016-01-22, 2016-02-26
40, 17, 2020-12-26, 2020-12-27
88, 29, 2021-12-22, 2023-01-30
126, 29, 2018-08-28, 2018-12-19
25, 2, 2020-12-03, 2021-02-08
34, 20, 2016-11-22, 2017-03-24
168, 28, 2021-01-28, 2021-05-20
88, 22, 2020-03-02, 2020-10-31
34, 20, 2021-02-09, 2022-04-01
137, 6, 2018-02-02, 2018-07-06
81, 15, 2015-07-14, 2016-06-05
136, 14, 2016-11-18, 2017-12-17
182, 25, 2020-08-15, 2021-08-14
56, 28, 2019-06-28, 2020-04-27
183, 11, 2018-08-20, NULL
156, 13, 2017-03-14, 2018-01-09
111, 10, 2017-04-13, 2018-02-17
26, 24, 2018-11-20, 2019-06-19
11, 25, 2016-02-09, 2016-05-05
95, 25, 2015-10-15, 2016-02-20
118, 7, 2017-03-19, NULL
80, 22, 2018-07-23, NULL
50, 24, 2023-03-18, 2023-09-24
61, 4, 2015-11-14, 2016-10-21
18, 6, 2018-07-28, 2019-09-07
36, 23, 2015-03-05, 2015-06-19
82, 1, 2020-09-17, 2021-10-04
90, 4, 2019-06-24, 2020-07-27
38, 14, 2021-01-18, 2021-12-12
89, 27, 2017-06-12, 2018-07-26
3, 24, 2018-11-06, 2019-02-17
37, 25, 2023-03-14, 2024-07-13
98, 16, 2015-07-13, 2016-07-27
68, 9, 2019-05-13, 2019-05-16
140, 17, 2021-04-25, 2022-04-15
140, 2, 2020-03-11, 2020-08-12
116, 23, 2020-11-07, 2021-11-08
59, 30, 2018-02-14, 2018-09-06
199, 17, 2020-09-04, 2021-02-20
32, 24, 2020-01-17, NULL
116, 22, 2016-09-06, 2017-03-04
98, 21, 2015-01-12, 2016-01-18
177, 20, 2021-09-10, 2022-11-15
146, 20, 2015-12-16, 2016-02-25
134, 23, 2017-09-11, 2018-12-15
107, 15, 2022-12-09, NULL
75, 18, 2017-03-05, 2017-04-17
165, 25, 2016-09-14, 2016-09-28
63, 18, 2023-05-03, 2024-01-21
120, 20, 2016-09-20, 2017-12-02
81, 13, 2018-10-12, 2020-02-21
156, 15, 2017-10-29, NULL
86, 23, 2017-08-15, NULL
174, 1, 2021-12-10, 2022-11-12
165, 9, 2023-05-31, 2024-01-26
169, 30, 2015-07-28, 2015-09-02
86, 21, 2021-12-18, 2022-07-31
167, 20, 2018-12-23, 2019-09-02
198, 25, 2019-05-06, 2020-09-12
38, 26, 2018-12-17, 2020-02-21
46, 29, 2018-05-06, 2019-07-19
91, 22, 2020-04-01, 2021-05-30
189, 30, 2016-10-03, 2017-12-01
140, 30, 2019-06-07, 2020-08-30
47, 7, 2021-06-02, 2022-09-04
186, 24, 2021-03-13, 2021-05-29
87, 15, 2018-08-29, 2019-02-07
21, 14, 2022-09-17, 2022-11-23
2, 12, 2018-10-20, 2020-02-25
147, 28, 2016-02-28, 2016-12-28
6, 25, 2017-04-04, NULL
44, 23, 2021-10-24, NULL
17, 4, 2016-07-22, 2017-04-28
57, 4, 2016-03-17, 2016-08-26
1, 11, 2019-08-08, 2020-02-18
149, 27, 2023-03-29, 2024-04-14
49, 30, 2015-04-19, 2015-07-27
78, 1, 2020-07-06, 2021-11-10
118, 11, 2017-04-26, 2017-05-22
50, 28, 2021-05-16, 2021-09-15
89, 9, 2019-04-21, 2020-06-20
195, 22, 2016-10-08, NULL
138, 15, 2021-03-11, 2022-01-13
155, 22, 2016-04-01, 2016-07-19
54, 14, 2016-06-06, 2016-11-04
8, 19, 2019-10-11, 2020-09-10
174, 6, 2016-06-27, 2016-08-15
59, 27, 2021-05-21, NULL
186, 8, 2020-12-23, 2021-09-10
146, 13, 2019-07-01, 2020-06-29
59, 6, 2020-12-15, 2022-03-07
7, 10, 2021-07-20, 2022-04-26
135, 20, 2018-05-18, 2019-01-05
75, 29, 2021-03-28, 2022-07-29
105, 22, 2019-02-01, 2019-08-15
52, 2, 2018-06-07, 2019-05-16
24, 18, 2020-06-22, NULL
52, 5, 2016-06-27, 2017-09-30
82, 27, 2017-10-02, 2018-10-09
89, 26, 2019-06-19, 2019-12-24
188, 26, 2019-02-03, 2020-05-10
145, 20, 2017-10-12, 2019-01-16
3, 4, 2015-11-04, 2016-06-29
61, 19, 2019-01-30, 2019-05-04
186, 12, 2019-08-24, 2019-09-29
83, 16, 2016-01-02, 2017-02-03
189, 23, 2019-09-17, 2019-10-11
143, 12, 2015-07-20, 2016-07-20
80, 29, 2016-10-15, 2017-09-15
75, 19, 2022-12-22, 2024-03-30
189, 6, 2019-05-20, 2019-11-22
52, 5, 2022-11-24, 2024-02-24
80, 2, 2019-08-20, NULL
52, 1, 2017-03-06, 2017-12-20
82, 26, 2015-07-11, 2016-08-25
122, 5, 2019-01-09, 2019-12-26
153, 10, 2018-10-27, 2019-01-14
15, 29, 2016-04-12, 2017-01-03
188, 26, 2023-01-27, 2024-04-09
54, 15, 2015-10-16, 2016-09-22
145, 21, 2015-07-21, 2015-10-07
17, 11, 2016-01-05, 2016-05-26
92, 26, 2019-12-11, 2020-12-02
166, 26, 2021-11-10, 2022-07-02
60, 30, 2020-01-12, 2021-02-09
158, 17, 2015-05-04, 2015-08-02
171, 21, 2017-10-08, 2018-04-18
4, 30, 2015-01-01, 2015-05-22
169, 23, 2019-11-10, 2020-10-01
153, 17, 2017-02-05, 2017-10-04
198, 29, 2017-09-22, 2018-07-28
122, 18, 2021-06-23, 2022-06-02
103, 6, 2017-05-20, NULL
195, 3, 2017-11-23, 2019-02-20
190, 29, 2019-05-02, 2019-09-29
99, 2, 2019-09-08, 2020-09-17
63, 1, 2019-03-18, 2019-04-16
138, 11, 2015-05-18, 2016-01-22
156, 7, 2015-02-04, 2016-01-19
19, 24, 2016-08-16, 2017-06-19
106, 10, 2018-01-25, 2018-08-07
57, 2, 2018-05-18, 2018-07-01
166, 27, 2018-04-12, 2019-03-15
150, 10, 2016-10-19, 2017-06-25
90, 17, 2018-03-13, 2019-05-02
41, 14, 2021-11-20, NULL
30, 8, 2020-07-27, 2021-11-16
197, 15, 2015-02-13, 2016-01-19
141, 22, 2022-08-10, 2022-09-25
196, 8, 2018-08-21, 2018-11-30
29, 8, 2018-09-08, 2018-11-09
175, 3, 2019-01-31, 2019-07-14
84, 23, 2015-08-04, 2016-06-25
32, 22, 2018-10-11, 2019-02-25
36, 20, 2016-03-06, 2016-03-07
63, 18, 2023-05-12, 2024-09-03
183, 2, 2018-08-12, 2019-06-25
111, 10, 2020-01-17, 2020-09-13
131, 13, 2018-10-24, 2020-01-22
10, 23, 2016-12-19, 2017-04-19
2, 7, 2022-08-24, 2023-03-20
101, 2, 2022-04-28, 2022-05-27
61, 24, 2015-08-29, 2016-06-04
149, 3, 2015-04-08, 2016-07-11
181, 26, 2019-10-01, 2020-09-07
117, 30, 2021-03-19, 2022-07-03
40, 11, 2021-05-22, 2022-06-24
157, 21, 2020-07-22, 2020-12-04
42, 7, 2015-08-21, 2016-11-15
18, 12, 2017-06-29, NULL
84, 11, 2017-03-25, NULL
111, 9, 2018-03-19, 2018-10-25
73, 10, 2021-07-20, 2021-11-27
165, 27, 2021-09-23, NULL
146, 9, 2020-05-22, 2021-08-14
2, 5, 2020-04-23, 2020-09-05
38, 7, 2017-11-24, 2018-08-01
46, 25, 2018-05-20, 2019-04-23
66, 2, 2016-11-20, NULL
51, 12, 2021-11-02, 2022-08-30
41, 12, 2020-03-10, 2021-03-01
42, 4, 2017-05-17, 2018-09-20
20, 9, 2018-06-09, 2018-07-26
24, 27, 2021-02-18, NULL
99, 3, 2019-12-14, NULL
94, 10, 2020-06-30, 2020-09-01
145, 21, 2016-12-02, 2017-01-29
195, 10, 2016-10-25, 2017-07-02
184, 8, 2016-02-26, 2016-09-24
28, 29, 2019-07-26, 2020-03-13
184, 29, 2017-04-06, 2017-09-08
92, 16, 2019-11-15, 2019-12-01
28, 25, 2017-08-10, 2018-12-18
26, 5, 2015-10-31, 2016-02-02
105, 8, 2023-03-01, 2023-05-18
76, 20, 2016-10-15, 2016-12-11
122, 7, 2020-05-23, 2020-10-31
104, 7, 2017-08-05, 2018-09-03
24, 3, 2020-01-01, 2020-11-26
9, 27, 2022-10-26, NULL
157, 15, 2015-01-01, 2015-12-16
15, 12, 2021-07-05, 2021-09-27
136, 11, 2020-07-06, 2020-07-24
77, 22, 2021-01-17, 2022-01-14
162, 13, 2021-08-03, 2022-03-29
61, 11, 2020-05-30, 2021-10-04
125, 9, 2020-08-28, 2021-05-23
78, 23, 2019-06-28, 2020-05-05
5, 10, 2022-06-14, 2022-09-21
154, 24, 2022-10-16, 2023-11-25
123, 14, 2018-12-20, 2019-09-30
146, 30, 2016-05-06, 2017-05-22
75, 26, 2022-01-07, 2022-06-24
174, 22, 2022-01-19, 2022-11-21
124, 29, 2017-09-18, 2018-03-27
149, 22, 2015-07-31, 2016-12-12
191, 19, 2017-03-02, 2017-03-13
172, 25, 2020-03-21, 2020-09-12
198, 8, 2016-04-29, 2016-06-06
145, 12, 2018-12-27, NULL
189, 22, 2022-11-05, NULL
187, 11, 2016-09-22, 2016-12-15
176, 15, 2015-12-12, 2017-02-27
189, 28, 2019-01-17, 2020-04-30
7, 27, 2023-05-10, 2023-07-10
169, 3, 2017-03-03, 2017-10-12
7, 28, 2021-03-19, 2021-08-12
111, 27, 2017-03-18, 2018-05-13
80, 19, 2019-12-04, 2019-12-26
15, 14, 2016-11-08, 2017-09-14
191, 19, 2018-11-17, NULL
98, 10, 2022-03-19, 2023-07-29
172, 2, 2022-09-18, 2023-12-02
39, 21, 2023-05-07, 2024-01-31
107, 13, 2022-06-02, NULL
49, 11, 2023-01-06, 2023-11-30
66, 7, 2016-03-18, 2016-05-25
93, 5, 2020-11-05, 2021-12-15
65, 24, 2019-04-22, 2020-05-05
174, 29, 2023-03-30, 2024-07-06
63, 23, 2020-06-07, 2021-05-09
148, 11, 2023-05-17, 2024-07-09
22, 19, 2020-01-11, 2020-03-05
116, 13, 2015-04-06, NULL
142, 23, 2022-02-21, 2022-04-03
94, 11, 2018-02-24, 2019-02-07
140, 21, 2019-04-08, 2020-02-06
166, 2, 2015-05-19, 2015-07-13
164, 19, 2019-12-17, 2020-05-26
22, 2, 2016-01-29, 2016-02-15
60, 28, 2022-05-27, 2022-12-07
18, 29, 2020-11-30, 2021-05-03
198, 24, 2021-11-08, 2022-05-26
182, 21, 2019-06-10, 2020-02-24
24, 23, 2018-06-11, 2018-11-10
194, 26, 2017-06-09, 2017-10-30
79, 26, 2015-01-25, 2015-04-22
141, 6, 2019-08-29, 2020-11-24
90, 22, 2015-11-23, 2017-02-03
112, 6, 2019-12-28, 2021-02-24
101, 7, 2022-03-09, 2022-11-25
184, 6, 2020-05-24, 2021-05-27
3, 8, 2019-08-20, 2019-10-20
150, 22, 2016-09-09, 2017-06-10
82, 26, 2015-07-04, 2015-11-27
133, 20, 2018-11-10, 2019-03-05
58, 4, 2020-05-07, 2021-05-21
186, 18, 2022-03-22, 2022-10-04
197, 26, 2018-01-06, 2018-12-04
54, 18, 2015-03-21, 2016-07-07
59, 3, 2018-09-10, 2019-09-25
97, 4, 2016-08-25, 2017-12-19
130, 27, 2022-07-01, 2022-11-14
166, 29, 2016-05-22, 2017-08-07
79, 9, 2020-01-22, 2020-08-23
83, 29, 2020-03-31, 2020-04-26
164, 23, 2023-02-08, 2023-04-16
155, 9, 2015-05-23, 2016-08-15
178, 23, 2016-05-19, 2016-09-05
189, 13, 2018-03-07, 2018-11-11
16, 5, 2023-02-08, 2024-02-01
88, 20, 2022-05-11, 2023-07-14
81, 10, 2022-07-15, 2022-10-18
151, 14, 2020-04-07, NULL
97, 23, 2020-12-29, 2021-11-30
144, 14, 2015-06-23, 2015-10-04
102, 26, 2022-10-21, 2023-05-28
198, 1, 2017-04-24, 2017-07-03
178, 27, 2022-01-22, 2022-05-08
138, 14, 2021-03-10, 2021-10-05
122, 25, 2016-01-08, 2016-06-06
144, 6, 2020-05-25, 2020-07-24
61, 26, 2020-03-11, 2020-11-07
190, 17, 2018-12-31, 2020-03-27
21, 9, 2018-02-03, 2018-08-06
174, 27, 2019-10-15, 2020-12-18
131, 2, 2022-05-29, 2023-08-24
196, 28, 2017-10-14, 2018-05-16
50, 17, 2021-07-23, 2022-04-25
150, 24, 2023-03-13, 2023-12-27
84, 21, 2023-04-10, 2023-04-19
50, 6, 2021-02-03, 2021-12-19
71, 1, 2019-05-04, 2019-06-06
73, 24, 2019-02-11, 2020-02-06
148, 4, 2016-06-16, 2017-05-27
98, 19, 2017-07-22, 2018-06-08
138, 26, 2020-04-18, 2020-12-27
75, 11, 2021-12-03, 2022-02-04
131, 17, 2021-02-28, 2021-05-26
113, 22, 2017-09-19, 2018-05-26
106, 5, 2018-10-11, 2019-04-01
186, 27, 2019-12-19, 2021-02-11
72, 11, 2016-01-24, 2017-02-13
150, 19, 2019-02-26, 2020-05-05
184, 30, 2020-12-04, 2022-01-06
14, 21, 2019-08-24, 2019-11-04
108, 10, 2022-01-21, 2023-05-14
191, 16, 2022-12-16, 2023-08-03
27, 20, 2018-03-07, 2018-03-28
181, 13, 2019-01-01, 2019-05-16
188, 18, 2022-10-10, 2023-06-24
191, 17, 2022-12-24, 2023-02-16
7, 24, 2022-06-15, NULL
198, 13, 2015-12-02, NULL
96, 13, 2019-01-30, 2019-10-06
195, 14, 2021-11-30, 2023-03-16
171, 26, 2015-06-13, 2016-08-04
147, 1, 2018-10-09, 2019-03-09
25, 27, 2020-08-11, 2021-10-25
20, 20, 2019-09-19, 2020-04-24
57, 23, 2023-01-18, 2023-01-29
162, 14, 2016-10-02, 2016-10-23
99, 2, 2018-12-06, 2019-08-13
122, 13, 2015-02-10, 2015-02-28
74, 5, 2019-10-15, 2020-04-18
183, 4, 2016-05-15, 2017-05-23
200, 12, 2016-04-11, NULL
