196, 13, 2022-03-26, 2022-11-22
51, 7, 2022-08-03, 2023-02-23
110, 15, 2020-01-23, 2020-02-11
84, 7, 2017-08-30, 2018-05-11
194, 28, 2022-03-17, 2022-12-10
103, 11, 2020-05-04, 2020-07-09
191, 23, 2022-12-09, NULL
64, 25, 2017-11-07, 2018-06-24
127, 9, 2015-07-07, 2016-10-26
161, 25, 2016-02-14, 2016-03-05
3, 6, 2017-05-22, 2018-09-03
92, 5, 2017-06-22, 2018-06-10
51, 14, 2017-08-31, 2018-02-05
90, 7, 2018-05-08, 2018-10-05
118, 25, 2017-09-19, 2019-02-01
15, 20, 2017-03-08, 2018-04-18
134, 25, 2021-06-04, 2021-11-29
41, 8, 2021-03-26, 2022-06-19
89, 4, 2017-03-22, 2018-01-17
21, 22, 2020-08-27, 2021-03-15
82, 4, 2018-03-25, 2019-07-09
65, 28, 2021-09-01, 2022-08-14
183, 10, 2022-05-02, 2023-04-01
33, 18, 2017-01-28, 2018-01-04
35, 15, 2015-08-12, NULL
89, 24, 2022-04-16, 2022-11-30
155, 5, 2015-04-19, 2015-12-31
145, 26, 2016-10-04, NULL
16, 26, 2022-04-24, 2023-07-10
128, 13, 2015-01-26, 2015-08-02
175, 22, 2015-12-21, 2016-04-05
10, 30, 2021-01-21, 2021-06-01
128, 8, 2022-04-18, 2022-08-16
121, 20, 2016-12-08, 2017-01-15
121, 20, 2017-08-17, 2017-09-29
6, 2, 2019-09-08, 2021-01-15
166, 11, 2020-09-04, 2021-07-23
178, 20, 2020-09-15, 2021-08-10
101, 19, 2020-06-20, 2021-10-15
40, 8, 2017-02-19, 2017-04-12
138, 24, 2021-04-18, 2021-12-04
138, 18, 2016-05-02, 2016-09-08
63, 21, 2018-05-16, 2019-04-20
31, 20, 2022-11-06, 2024-03-19
57, 12, 2021-10-16, 2022-05-18
39, 2, 2021-08-19, 2022-09-11
122, 11, 2018-10-31, 2019-03-02
149, 7, 2017-07-21, 2017-09-02
175, 9, 2022-02-09, 2023-05-19
51, 10, 2017-03-14, 2017-06-03
114, 1, 2022-11-12, 2022-12-06
74, 11, 2017-04-06, 2017-06-17
37, 24, 2019-06-11, NULL
78, 28, 2022-10-17, 2023-05-13
150, 3, 2019-05-02, 2019-05-28
116, 12, 2022-08-08, 2023-11-11
73, 9, 2021-03-17, 2021-10-22
178, 7, 2017-12-03, 2019-01-18
170, 7, 2019-08-17, 2020-07-22
89, 15, 2022-01-26, 2023-02-10
52, 28, 2015-03-30, 2016-02-15
116, 23, 2017-06-02, 2018-09-13
5, 12, 2018-10-11, 2019-10-23
17, 17, 2022-07-07, 2023-07-09
61, 11, 2018-06-23, 2018-10-04
74, 6, 2020-01-06, 2020-11-05
98, 12, 2019-11-09, 2021-01-07
152, 9, 2021-01-23, 2021-10-24
192, 3, 2019-02-17, 2019-06-11
181, 27, 2017-06-23, 2018-11-01
171, 23, 2016-12-18, NULL
64, 14, 2021-07-22, 2021-12-02
2, 30, 2015-09-30, 2016-12-03
20, 26, 2015-08-01, 2016-09-19
81, 13, 2018-11-08, 2019-08-01
68, 26, 2015-04-02, 2016-04-10
183, 24, 2017-08-29, 2017-09-30
140, 14, 2020-11-11, 2021-02-22
40, 7, 2019-01-21, 2019-12-15
119, 1, 2020-08-28, NULL
37, 20, 2017-08-22, 2018-11-17
127, 18, 2021-10-11, 2022-08-25
94, 10, 2022-07-26, 2023-04-01
8, 11, 2019-02-07, 2020-05-10
54, 12, 2020-06-23, NULL
16, 17, 2021-08-16, 2022-11-26
123, 16, 2016-09-25, 2017-08-12
33, 13, 2018-01-29, 2018-04-07
195, 27, 2018-12-07, 2020-02-20
154, 3, 2018-02-10, 2018-09-13
89, 6, 2016-11-05, 2017-03-04
182, 4, 2015-09-15, 2016-11-29
138, 1, 2015-11-16, 2015-12-24
166, 13, 2022-12-08, 2023-05-07
132, 7, 2021-08-09, 2021-09-12
166, 10, 2015-01-25, 2015-02-03
106, 8, 2019-04-28, 2019-08-28
153, 5, 2015-01-24, 2015-10-13
44, 2, 2018-09-13, 2019-04-02
162, 8, 2021-08-17, 2022-02-14
41, 12, 2023-03-06, 2023-03-19
67, 18, 2016-05-12, 2016-08-26
168, 23, 2021-08-22, 2022-12-08
49, 4, 2017-12-20, 2018-12-05
24, 15, 2021-03-10, 2021-09-23
10, 15, 2021-02-20, 2022-06-18
64, 25, 2022-07-08, 2022-08-03
6, 1, 2015-05-17, 2016-03-24
160, 5, 2018-06-19, 2019-02-17
153, 16, 2019-11-02, 2020-09-13
132, 16, 2015-08-01, 2016-03-05
36, 30, 2018-01-16, 2018-04-14
118, 13, 2018-07-28, 2019-05-23
46, 25, 2023-03-02, 2024-05-05
188, 14, 2015-03-06, 2015-08-29
48, 14, 2023-01-24, 2023-11-20
146, 26, 2016-01-16, 2016-06-14
60, 2, 2015-08-30, 2016-10-03
193, 29, 2022-04-03, 2022-07-23
104, 19, 2022-03-28, 2022-07-21
104, 4, 2016-11-24, 2017-02-15
59, 17, 2021-09-05, 2021-12-01
148, 16, 2019-10-26, 2021-01-13
109, 16, 2019-05-25, 2019-09-14
13, 9, 2020-04-25, 2021-04-02
121, 28, 2015-03-31, 2015-12-19
102, 13, 2018-05-10, 2018-06-27
102, 27, 2023-01-20, NULL
25, 20, 2021-01-19, 2021-12-13
112, 20, 2021-05-02, NULL
192, 17, 2021-05-27, 2022-01-11
115, 23, 2022-11-12, 2023-01-10
26, 30, 2019-08-28, 2019-09-19
119, 10, 2021-04-15, 2022-02-16
83, 23, 2017-07-15, 2017-11-30
68, 7, 2017-04-24, 2017-10-28
111, 14, 2016-12-30, NULL
157, 6, 2021-10-09, NULL
105, 12, 2017-08-01, 2018-09-04
25, 4, 2019-01-09, 2020-04-03
80, 6, 2020-10-04, 2021-11-05
41, 22, 2022-03-15, 2023-04-14
186, 10, 2021-10-28, 2022-08-19
195, 9, 2015-05-27, 2016-09-13
44, 23, 2015-03-08, 2016-07-14
108, 1, 2018-06-22, NULL
194, 14, 2021-02-12, 2021-10-25
14, 2, 2019-03-24, 2020-04-14
158, 19, 2016-10-03, 2017-08-04
88, 28, 2015-08-16, 2016-06-29
197, 25, 2021-03-31, 2022-03-09
78, 22, 2017-06-03, 2018-01-30
50, 24, 2020-10-07, 2021-09-19
143, 1, 2015-05-09, NULL
172, 4, 2021-11-14, 2021-11-19
70, 26, 2017-04-01, 2018-04-05
64, 29, 2019-11-13, 2019-12-22
26, 8, 2023-02-17, 2023-06-14
57, 26, 2019-12-25, 2021-01-03
141, 16, 2017-01-25, 2017-02-10
29, 7, 2017-02-25, 2018-05-15
98, 19, 2017-08-09, 2017-12-06
180, 2, 2015-11-17, 2017-02-12
142, 4, 2020-08-29, 2021-03-22
98, 13, 2016-08-30, 2017-05-29
142, 25, 2020-11-03, NULL
128, 11, 2019-01-22, NULL
14, 17, 2019-01-15, 2020-04-10
191, 4, 2018-06-16, 2019-09-27
125, 13, 2015-08-14, 2016-04-13
176, 30, 2015-03-04, 2016-07-11
63, 22, 2015-05-05, 2016-08-09
110, 9, 2018-03-07, 2019-07-01
70, 30, 2022-05-11, 2023-05-29
120, 18, 2016-02-08, 2016-09-16
186, 26, 2018-11-18, 2019-06-19
106, 15, 2021-11-18, 2022-01-22
139, 28, 2018-08-28, 2019-10-16
187, 17, 2018-08-16, 2018-10-14
88, 26, 2018-09-12, 2019-08-10
39, 19, 2021-05-22, 2022-03-24
115, 9, 2015-06-02, 2015-11-06
153, 28, 2022-07-26, 2023-04-21
155, 2, 2015-01-06, 2015-12-23
143, 7, 2022-01-16, 2022-11-05
36, 27, 2017-08-11, 2018-01-06
108, 15, 2019-12-14, 2020-09-14
195, 21, 2015-03-08, 2015-12-18
198, 9, 2022-07-05, 2022-12-08
91, 11, 2021-03-06, 2022-06-25
11, 26, 2018-08-10, 2019-12-12
38, 15, 2018-10-07, 2018-12-16
86, 21, 2016-04-07, 2016-07-18
6, 20, 2018-02-17, 2018-12-03
111, 21, 2017-08-08, 2018-03-03
90, 10, 2021-10-20, 2022-08-08
93, 5, 2023-04-11, 2023-09-25
163, 2, 2023-01-06, 2024-04-21
60, 18, 2016-04-17, 2017-05-12
145, 29, 2016-05-20, NULL
98, 19, 2019-04-15, 2019-11-18
197, 18, 2017-03-19, 2017-10-05
112, 18, 2018-02-05, 2019-05-06
104, 12, 2020-07-19, 2021-08-30
35, 4, 2022-01-04, NULL
87, 28, 2019-08-31, 2020-03-02
20, 19, 2021-07-30, 2021-10-26
23, 18, 2021-12-30, 2022-05-21
110, 5, 2021-02-19, NULL
119, 5, 2017-07-02, 2017-12-17
15, 24, 2018-12-22, 2020-01-06
82, 16, 2022-05-17, 2022-12-03
142, 29, 2020-12-04, 2021-02-08
136, 25, 2022-12-15, 2023-10-19
39, 9, 2020-06-09, 2020-07-12
194, 22, 2015-04-05, 2015-10-14
112, 15, 2015-12-10, 2017-03-24
60, 27, 2019-05-22, 2020-07-09
150, 6, 2019-01-17, NULL
52, 29, 2018-08-02, 2018-11-15
143, 23, 2015-10-23, 2016-08-22
196, 29, 2023-04-28, 2023-09-15
72, 8, 2016-12-28, 2018-04-24
67, 8, 2019-05-17, 2019-08-29
170, 28, 2020-02-12, 2020-11-30
39, 1, 2022-12-07, 2022-12-10
48, 27, 2020-07-03, 2021-09-14
89, 27, 2020-11-21, 2022-01-02
112, 23, 2016-09-24, 2017-12-14
179, 4, 2016-01-19, 2017-05-25
113, 1, 2017-09-18, 2018-04-26
90, 6, 2020-03-20, 2020-09-05
54, 30, 2016-08-29, 2017-04-06
158, 16, 2018-02-09, 2019-02-21
90, 6, 2022-05-26, 2023-08-23
78, 22, 2016-03-29, 2016-08-11
46, 26, 2019-07-04, NULL
71, 30, 2019-04-28, 2019-05-04
169, 4, 2017-08-14, NULL
105, 11, 2019-05-16, 2020-03-10
171, 19, 2018-05-22, 2019-02-05
158, 10, 2021-02-15, 2022-05-09
150, 8, 2017-12-24, 2019-01-29
135, 9, 2019-12-24, 2020-05-25
164, 25, 2018-10-16, NULL
74, 2, 2018-02-15, 2018-07-20
129, 17, 2020-09-05, 2021-06-24
118, 18, 2017-11-30, 2018-10-20
75, 21, 2017-11-03, NULL
118, 12, 2015-12-09, 2017-03-08
169, 24, 2019-08-09, 2020-04-02
4, 11, 2019-05-31, 2020-02-14
70, 23, 2019-03-19, 2020-06-24
101, 18, 2021-07-18, 2021-08-01
47, 28, 2016-05-28, 2017-01-15
14, 13, 2021-07-31, 2021-09-27
161, 20, 2020-08-11, 2020-09-20
92, 19, 2020-08-18, 2020-11-11
156, 6, 2016-01-17, 2017-01-19
106, 28, 2020-03-26, 2020-06-27
28, 16, 2015-02-27, 2015-12-22
95, 14, 2020-12-15, 2021-07-02
166, 6, 2018-03-31, 2018-09-14
182, 10, 2021-03-09, 2022-01-31
70, 5, 2023-02-17, 2023-02-21
15, 1, 2022-03-18, 2022-10-17
16, 6, 2015-01-24, 2015-10-23
67, 2, 2016-08-28, NULL
124, 14, 2021-10-20, 2023-01-27
60, 11, 2017-12-29, NULL
192, 29, 2021-01-23, NULL
21, 17, 2017-05-11, 2018-02-08
158, 7, 2021-05-03, 2021-10-13
4, 19, 2020-04-01, 2020-04-30
168, 19, 2015-06-26, 2016-02-17
91, 26, 2022-07-03, 2022-07-04
93, 9, 2016-04-19, 2017-01-11
48, 12, 2016-05-28, NULL
103, 5, 2020-12-03, NULL
20, 8, 2017-04-10, 2017-05-15
21, 16, 2023-05-01, 2024-01-30
163, 30, 2017-01-23, 2018-04-13
19, 12, 2015-10-12, 2016-09-04
124, 16, 2020-10-30, 2021-07-10
106, 25, 2021-11-02, 2022-08-26
171, 2, 2019-11-12, 2019-11-14
57, 7, 2018-12-05, 2020-03-19
150, 23, 2017-09-09, 2018-05-15
154, 26, 2015-01-14, 2015-07-01
85, 27, 2019-01-05, 2020-01-04
18, 5, 2018-09-28, 2019-02-13
113, 19, 2019-12-25, 2020-10-11
135, 28, 2022-06-15, 2023-01-19
140, 19, 2015-06-23, 2015-10-16
86, 18, 2023-02-05, 2023-06-02
67, 23, 2023-03-20, NULL
185, 15, 2019-01-06, 2019-01-11
118, 11, 2021-11-10, 2021-12-20
125, 21, 2020-04-10, 2020-05-15
11, 9, 2016-10-01, 2017-11-29
23, 11, 2016-10-25, 2017-04-20
62, 7, 2020-02-25, 2020-02-27
110, 25, 2018-07-18, 2019-03-10
65, 29, 2022-02-14, 2023-04-12
177, 6, 2020-08-13, 2021-04-16
81, 16, 2020-09-24, 2021-03-26
156, 4, 2021-10-04, 2023-01-06
60, 8, 2019-04-05, 2020-02-20
143, 7, 2017-11-02, 2018-07-11
171, 6, 2020-12-20, 2021-06-14
111, 9, 2017-07-15, 2017-10-31
191, 19, 2016-09-23, NULL
23, 9, 2022-12-05, 2024-04-17
96, 26, 2016-07-18, 2016-10-30
180, 9, 2020-12-22, 2021-06-18
81, 6, 2019-01-19, 2019-03-04
66, 1, 2020-01-02, 2020-09-27
2, 10, 2020-12-22, 2021-12-06
141, 16, 2023-03-06, 2024-01-27
181, 20, 2018-03-28, 2019-06-15
50, 6, 2015-03-18, 2015-09-06
156, 18, 2017-05-13, 2017-06-18
2, 9, 2021-04-29, 2021-11-29
60, 21, 2021-03-21, 2021-10-16
133, 4, 2016-04-04, 2017-04-26
37, 20, 2016-10-21, 2016-11-07
10, 30, 2020-05-19, 2020-10-24
179, 6, 2019-12-22, 2021-04-14
81, 12, 2021-08-11, 2021-11-28
28, 30, 2018-09-08, 2019-11-24
69, 28, 2017-03-11, 2017-07-10
174, 30, 2017-12-29, 2018-06-23
164, 19, 2022-06-22, 2022-10-26
190, 11, 2019-03-02, 2020-05-29
68, 28, 2016-08-30, NULL
62, 6, 2021-12-16, 2022-05-17
34, 2, 2022-05-21, 2022-05-25
65, 23, 2015-01-30, 2015-05-01
137, 25, 2015-12-16, 2017-01-03
137, 17, 2015-02-13, 2015-08-21
32, 15, 2016-09-15, 2017-02-27
188, 12, 2018-12-15, 2020-01-07
93, 19, 2019-08-30, 2020-02-11
64, 13, 2018-10-09, 2019-10-27
79, 14, 2020-04-26, 2020-11-18
57, 9, 2022-03-14, 2022-05-19
169, 5, 2016-05-24, 2016-06-08
154, 14, 2015-02-11, 2015-07-20
186, 13, 2023-05-07, 2024-07-22
4, 30, 2019-06-16, 2019-08-07
139, 16, 2021-04-26, 2022-03-06
167, 26, 2015-02-16, 2015-06-14
82, 18, 2022-11-10, 2023-10-23
42, 22, 2019-12-18, 2020-03-10
83, 8, 2022-02-08, 2022-08-13
63, 12, 2019-09-18, 2020-08-10
76, 26, 2015-05-04, 2016-01-02
48, 3, 2016-08-03, 2017-08-13
59, 30, 2022-05-03, 2023-05-07
43, 10, 2017-03-06, 2017-09-23
64, 28, 2018-12-06, 2020-03-31
104, 29, 2022-04-25, 2023-03-16
140, 1, 2019-07-24, 2019-08-08
113, 9, 2016-03-14, 2016-10-06
91, 12, 2015-03-26, 2016-02-29
22, 4, 2018-01-25, 2019-04-12
184, 3, 2016-12-01, 2017-05-22
117, 27, 2020-12-24, 2021-03-26
1, 18, 2015-09-02, 2016-05-01
82, 26, 2016-02-10, 2017-06-04
143, 29, 2021-03-16, 2022-06-18
108, 2, 2022-05-02, 2023-07-24
48, 8, 2019-01-31, 2019-02-16
50, 20, 2015-09-29, 2016-04-19
189, 8, 2020-03-28, 2021-08-07
7, 24, 2015-09-11, 2016-08-23
196, 4, 2020-01-22, 2021-03-28
111, 12, 2015-02-08, 2015-11-16
177, 4, 2015-04-17, 2016-03-24
34, 27, 2019-03-10, 2020-02-28
197, 7, 2015-02-18, 2015-08-24
47, 6, 2016-11-09, 2017-04-22
82, 7, 2018-10-06, 2019-02-23
31, 30, 2021-01-17, 2022-04-21
14, 2, 2022-03-13, 2022-10-13
200, 10, 2018-11-06, 2019-07-12
42, 23, 2019-04-15, 2019-11-04
119, 9, 2020-03-08, 2020-06-16
99, 20, 2021-04-29, 2021-12-14
163, 11, 2019-03-19, 2019-08-13
179, 20, 2015-09-05, 2016-08-16
165, 26, 2018-07-23, 2019-11-11
138, 13, 2016-10-09, 2018-02-20
95, 22, 2019-10-16, 2020-03-03
163, 10, 2017-01-27, 2017-03-12
65, 12, 2018-02-28, 2018-11-15
179, 22, 2019-10-30, 2020-08-18
123, 14, 2018-08-10, 2019-05-28
33, 14, 2016-07-06, 2017-10-30
20, 24, 2022-03-18, 2023-01-02
77, 5, 2021-07-07, 2022-10-22
73, 30, 2015-10-16, 2015-11-21
104, 11, 2015-08-05, 2016-07-08
58, 16, 2019-07-21, 2020-08-30
126, 16, 2015-12-23, 2016-12-26
194, 11, 2023-01-25, 2024-01-26
139, 4, 2021-10-14, 2023-02-01
88, 16, 2021-07-31, 2022-08-24
183, 16, 2017-07-24, 2018-01-18
49, 25, 2021-03-14, 2022-05-16
199, 22, 2020-01-22, 2020-09-27
197, 8, 2022-03-31, 2022-08-27
199, 22, 2017-08-24, 2018-10-18
36, 19, 2020-03-21, 2020-06-11
18, 28, 2015-09-26, 2016-11-29
176, 12, 2016-04-28, 2017-07-01
59, 20, 2016-09-11, 2017-04-14
171, 7, 2021-03-27, 2022-04-25
109, 7, 2016-10-31, 2017-10-29
190, 13, 2023-03-21, 2023-06-27
195, 20, 2018-08-27, 2019-10-24
17, 11, 2019-12-25, 2020-04-25
43, 14, 2021-07-10, 2022-03-10
155, 30, 2017-05-07, 2017-06-16
154, 1, 2018-09-29, 2018-12-31
13, 16, 2019-11-03, 2020-04-26
198, 5, 2015-10-28, 2016-01-30
64, 4, 2019-08-19, 2019-12-11
193, 28, 2015-08-29, 2015-10-14
121, 30, 2022-07-05, 2023-06-07
64, 4, 2017-12-19, 2018-05-09
121, 27, 2023-01-16, 2024-04-16
157, 16, 2021-02-15, 2022-06-27
51, 19, 2019-04-26, 2020-09-04
197, 11, 2021-09-25, 2022-09-15
1, 19, 2019-07-25, 2020-02-10
198, 2, 2019-06-26, 2019-12-08
65, 5, 2017-12-09, 2018-09-15
198, 16, 2017-10-08, 2018-08-21
107, 15, 2020-06-14, 2020-12-09
2, 28, 2020-03-24, 2021-01-21
110, 7, 2018-03-10, 2018-06-09
139, 1, 2020-05-12, 2021-09-19
170, 20, 2018-10-22, 2019-07-17
78, 8, 2021-01-03, 2021-12-08
94, 19, 2018-01-17, 2018-01-30
96, 19, 2022-12-01, 2023-01-01
25, 26, 2015-07-13, 2016-11-02
173, 16, 2016-10-05, 2016-11-27
138, 19, 2019-04-10, 2020-05-30
151, 20, 2021-06-20, 2021-07-06
138, 17, 2015-09-24, 2015-11-06
14, 21, 2023-05-12, 2023-06-10
39, 27, 2020-02-29, 2020-05-22
74, 24, 2021-06-30, 2022-07-08
175, 30, 2022-07-01, 2023-01-22
186, 16, 2019-12-23, 2020-06-03
89, 8, 2018-03-06, 2018-06-26
18, 20, 2023-04-01, 2023-07-13
58, 24, 2022-08-01, 2023-05-04
51, 23, 2022-07-10, 2022-10-12
98, 3, 2016-08-29, 2017-09-16
108, 30, 2016-07-02, 2016-07-10
126, 2, 2018-02-28, NULL
16, 20, 2019-11-11, NULL
133, 16, 2018-03-24, 2019-07-26
167, 19, 2015-09-05, 2016-02-28
161, 15, 2022-01-16, 2022-07-02
11, 13, 2015-01-07, 2015-12-09
18, 23, 2023-05-11, 2024-08-16
163, 2, 2023-04-24, 2023-12-25
143, 10, 2022-06-02, 2023-08-07
59, 13, 2020-02-27, 2021-06-20
63, 5, 2021-06-17, 2021-08-27
73, 24, 2018-03-15, 2018-08-31
102, 12, 2020-12-20, 2021-07-05
46, 22, 2018-08-15, 2019-06-20
58, 19, 2023-01-16, 2023-11-18
46, 5, 2022-09-17, 2023-05-05
190, 26, 2015-07-14, 2016-09-21
130, 13, 2019-08-18, 2020-07-29
133, 17, 2015-05-20, 2015-08-09
117, 3, 2020-05-23, 2020-08-29
104, 28, 2015-08-11, 2016-05-21
199, 13, 2016-03-29, 2017-01-18
84, 15, 2022-02-25, 2022-08-21
42, 11, 2019-09-20, 2019-11-30
4, 15, 2021-10-28, 2021-12-04
45, 21, 2019-05-09, 2020-09-12
154, 9, 2020-01-11, 2021-03-28
115, 18, 2019-07-12, 2020-03-15
95, 13, 2020-02-25, 2021-02-10
54, 6, 2019-12-06, 2020-05-23
87, 28, 2023-05-07, NULL
22, 22, 2017-09-24, NULL
90, 12, 2021-04-30, 2021-05-14
111, 23, 2019-12-21, 2020-07-18
45, 5, 2020-04-23, 2021-07-28
148, 4, 2021-01-06, 2021-01-30
169, 18, 2017-09-02, 2018-09-22
107, 16, 2018-08-06, 2019-01-25
171, 10, 2019-02-11, 2020-04-30
177, 12, 2022-11-08, 2023-09-06
115, 10, 2016-08-30, 2016-12-04
79, 10, 2016-01-20, NULL
196, 4, 2021-11-02, 2021-12-05
100, 23, 2022-07-04, 2022-10-26
6, 18, 2018-12-25, 2020-05-07
6, 26, 2018-11-26, 2019-06-26
14, 13, 2019-09-17, 2020-08-15
161, 1, 2019-09-04, 2020-03-26
159, 1, 2023-05-15, 2023-10-18
74, 8, 2017-12-03, 2018-11-30
44, 23, 2016-05-31, NULL
26, 27, 2021-05-14, 2022-05-01
20, 20, 2023-01-07, 2023-12-11
144, 9, 2021-12-21, NULL
196, 28, 2017-09-27, NULL
36, 14, 2015-08-17, 2016-11-13
109, 14, 2022-04-01, 2022-08-19
171, 22, 2017-09-09, 2019-01-09
21, 7, 2020-11-25, 2022-01-22
82, 5, 2017-07-11, 2018-02-21
189, 8, 2019-02-23, 2019-10-08
191, 25, 2017-03-18, 2017-07-09
69, 9, 2020-12-18, 2021-12-07
45, 25, 2020-10-03, 2021-05-12
29, 9, 2022-11-26, 2023-02-20
179, 10, 2021-05-04, 2021-11-16
5, 18, 2022-09-12, 2022-09-28
78, 17, 2016-12-26, 2018-03-16
97, 22, 2021-03-18, NULL
194, 9, 2018-01-23, 2018-05-23
153, 30, 2019-04-22, NULL
81, 23, 2023-02-04, 2023-10-23
67, 11, 2022-09-20, 2023-08-03
108, 14, 2020-10-29, 2020-12-04
125, 18, 2018-07-22, 2019-10-16
189, 16, 2020-08-21, 2021-07-24
111, 27, 2015-06-14, 2016-09-25
178, 1, 2018-04-13, 2018-09-18
141, 29, 2015-02-05, NULL
134, 1, 2023-01-02, 2023-10-12
181, 24, 2020-06-11, NULL
2, 24, 2019-04-22, 2019-08-16
146, 8, 2020-07-14, 2020-08-24
131, 7, 2020-03-15, 2021-02-20
30, 3, 2017-04-22, 2017-10-03
176, 14, 2020-12-14, 2021-01-02
87, 21, 2020-08-10, 2020-09-11
192, 6, 2021-03-21, 2021-03-25
156, 29, 2020-02-17, 2020-02-19
197, 14, 2017-09-28, 2018-08-14
73, 22, 2022-02-08, 2022-07-31
152, 29, 2018-12-02, 2020-01-13
63, 7, 2019-01-15, 2019-11-28
138, 23, 2015-12-10, 2017-02-07
176, 3, 2019-05-05, NULL
176, 4, 2020-05-18, 2021-08-27
166, 24, 2017-08-22, 2018-12-08
119, 23, 2018-06-09, 2018-09-10
69, 25, 2019-05-02, 2020-05-11
60, 2, 2017-06-28, 2018-01-20
56, 12, 2019-12-08, 2020-12-22
192, 2, 2022-07-23, NULL
68, 19, 2016-02-07, 2016-11-10
99, 15, 2017-03-30, 2018-01-18
154, 19, 2016-05-11, NULL
152, 30, 2019-10-11, 2020-10-26
100, 12, 2019-09-07, NULL
177, 10, 2015-12-14, 2016-08-16
148, 6, 2016-06-09, 2017-05-08
43, 6, 2021-11-24, 2022-03-20
133, 10, 2021-03-22, 2021-03-23
110, 26, 2015-11-01, NULL
58, 22, 2016-05-20, 2017-06-17
148, 7, 2015-07-26, 2016-11-09
73, 25, 2017-04-20, 2017-06-25
91, 6, 2022-06-25, 2023-10-10
112, 26, 2022-06-28, 2023-08-20
198, 18, 2017-10-22, 2018-09-14
65, 9, 2016-10-19, 2017-12-25
90, 18, 2015-11-11, 2016-11-29
6, 25, 2016-05-18, 2017-05-22
4, 1, 2021-11-21, 2022-07-06
120, 29, 2021-12-25, 2022-01-22
56, 28, 2016-08-08, 2017-11-18
97, 19, 2019-05-03, 2019-11-23
142, 12, 2021-08-13, 2022-03-01
4, 23, 2018-10-17, 2019-03-14
175, 5, 2016-09-22, 2017-07-29
133, 15, 2021-05-13, 2022-06-10
137, 10, 2015-03-05, 2015-08-07
73, 11, 2015-06-07, 2015-06-19
33, 19, 2016-02-16, 2016-06-16
163, 16, 2017-07-25, 2018-02-08
33, 8, 2019-10-07, 2020-03-06
155, 8, 2017-08-05, 2018-05-21
157, 13, 2021-07-14, 2021-07-27
143, 25, 2018-01-04, 2018-05-18
79, 8, 2016-12-06, 2017-12-06
108, 27, 2021-07-25, 2022-09-26
164, 25, 2023-02-02, 2023-09-15
83, 14, 2022-08-19, 2023-02-14
171, 10, 2018-03-04, 2018-09-30
18, 26, 2019-03-23, 2019-11-01
194, 6, 2019-01-04, 2019-11-20
18, 13, 2017-12-27, 2019-02-23
166, 26, 2022-07-16, 2023-06-15
184, 4, 2021-06-07, 2021-09-13
97, 19, 2017-03-27, 2017-12-19
158, 4, 2019-01-16, 2020-03-22
144, 21, 2020-04-29, 2021-01-31
152, 26, 2022-09-07, 2022-11-30
191, 14, 2017-07-31, 2017-12-13
81, 16, 2019-03-17, NULL
53, 21, 2023-05-15, 2024-09-05
154, 8, 2019-05-15, 2020-06-26
41, 24, 2019-04-24, 2020-03-08
76, 22, 2022-09-21, 2023-04-11
7, 8, 2017-06-04, 2018-09-11
5, 2, 2018-08-15, 2019-10-03
92, 21, 2022-07-09, 2022-11-26
5, 22, 2015-03-13, 2016-03-08
174, 8, 2022-10-23, 2023-12-10
200, 14, 2017-08-22, 2017-11-07
60, 1, 2022-08-18, 2023-10-28
162, 11, 2020-01-14, 2020-10-25
179, 27, 2017-12-26, 2017-12-27
176, 1, 2020-01-18, NULL
145, 19, 2019-04-25, 2020-07-10
50, 1, 2016-08-19, 2017-01-09
169, 4, 2020-07-09, 2021-10-01
14, 11, 2015-12-17, 2017-02-24
60, 28, 2015-12-02, 2016-04-25
90, 2, 2015-01-31, 2015-09-02
77, 11, 2022-04-07, 2022-04-08
114, 22, 2019-06-15, NULL
140, 23, 2020-01-17, 2020-06-23
78, 14, 2022-03-27, 2023-01-20
85, 10, 2023-03-08, 2024-03-01
164, 17, 2018-07-28, 2019-06-28
65, 1, 2018-05-01, 2018-07-04
127, 26, 2023-04-20, 2024-07-15
133, 17, 2016-08-09, 2017-12-16
62, 19, 2018-02-20, 2018-04-21
32, 10, 2020-11-17, 2021-08-21
81, 18, 2018-05-13, 2018-08-24
190, 5, 2021-05-01, 2022-02-19
44, 2, 2020-11-11, 2021-01-21
84, 23, 2020-11-21, 2021-01-31
99, 18, 2022-06-09, 2022-12-23
37, 28, 2021-06-12, 2022-05-06
39, 18, 2021-05-29, 2022-03-19
81, 21, 2016-02-27, 2017-03-17
173, 2, 2017-01-16, 2017-09-16
32, 1, 2022-07-08, 2022-08-20
77, 22, 2022-11-17, 2023-02-12
116, 24, 2021-01-28, NULL
158, 3, 2022-05-14, 2022-12-01
57, 24, 2018-12-04, 2019-01-22
20, 3, 2016-12-08, 2017-06-10
187, 27, 2019-06-22, NULL
151, 23, 2015-07-24, NULL
44, 11, 2019-03-04, 2019-12-29
84, 5, 2022-07-05, 2023-06-12
156, 19, 2022-08-11, 2023-02-07
100, 7, 2017-03-07, 2018-03-11
103, 20, 2015-01-07, 2016-05-16
145, 25, 2019-01-20, 2019-11-20
54, 2, 2016-10-23, NULL
134, 20, 2015-09-14, 2016-03-09
170, 20, 2022-10-01, 2023-03-24
141, 25, 2017-02-07, 2017-10-23
77, 20, 2018-12-19, 2019-02-22
177, 17, 2019-05-01, 2019-09-11
160, 2, 2016-09-16, 2016-09-27
199, 24, 2019-04-14, 2020-03-02
115, 20, 2021-09-10, 2022-03-11
178, 30, 2015-05-24, 2015-12-12
93, 27, 2021-04-05, NULL
87, 6, 2015-02-19, 2015-02-28
80, 7, 2021-07-30, 2022-07-24
1, 27, 2022-01-31, 2022-11-03
31, 25, 2022-01-15, 2022-04-23
149, 11, 2015-11-18, 2016-04-03
179, 14, 2020-03-06, NULL
141, 26, 2019-01-30, 2019-07-23
151, 24, 2018-12-05, 2020-02-26
10, 27, 2021-10-30, 2022-06-04
42, 1, 2018-05-17, 2019-03-05
173, 25, 2021-10-20, 2022-12-02
152, 6, 2019-10-31, 2020-07-26
88, 28, 2018-02-14, 2019-02-11
19, 21, 2023-03-31, 2024-05-06
200, 18, 2016-06-09, 2017-09-03
55, 23, 2022-05-20, 2023-05-11
141, 23, 2015-06-07, 2015-12-21
67, 2, 2019-04-01, 2019-04-10
102, 26, 2018-03-10, 2018-06-22
188, 15, 2019-11-26, 2021-01-20
8, 4, 2023-04-12, 2024-07-01
72, 16, 2018-11-12, NULL
123, 11, 2018-01-07, 2019-01-03
25, 14, 2020-02-05, NULL
82, 23, 2020-11-18, 2021-08-03
37, 19, 2018-09-29, 2019-12-13
127, 11, 2022-04-05, 2022-04-24
42, 24, 2021-12-09, 2023-02-17
118, 23, 2018-07-23, 2019-06-28
38, 26, 2017-01-23, 2017-09-27
74, 17, 2015-08-16, 2015-10-27
78, 18, 2023-04-12, 2024-06-22
95, 12, 2015-04-04, 2016-07-13
10, 25, 2015-06-13, 2016-08-31
43, 14, 2018-09-26, 2019-06-10
164, 26, 2020-01-01, 2020-11-07
189, 2, 2021-09-08, 2022-12-12
190, 25, 2019-01-19, 2020-01-03
43, 16, 2020-10-18, 2022-01-17
43, 15, 2016-09-08, 2017-06-15
121, 3, 2018-09-06, 2019-05-11
96, 10, 2020-02-01, 2021-06-02
66, 9, 2019-07-18, 2020-01-03
172, 5, 2022-07-05, 2023-03-19
27, 12, 2016-08-01, 2017-04-09
154, 21, 2017-09-21, 2018-05-14
152, 26, 2018-02-19, NULL
37, 25, 2018-11-10, 2018-12-23
169, 7, 2016-12-27, 2017-11-28
182, 1, 2018-10-20, 2019-10-29
157, 17, 2022-08-18, 2022-11-23
12, 24, 2018-04-20, NULL
189, 7, 2017-02-01, 2017-09-20
57, 25, 2017-11-28, NULL
156, 30, 2015-12-01, 2017-02-12
89, 5, 2023-02-21, 2023-12-10
155, 16, 2016-02-18, 2017-05-21
161, 15, 2020-05-25, 2020-10-14
19, 8, 2022-05-29, 2023-09-16
119, 18, 2016-10-08, 2017-10-30
58, 18, 2020-04-07, 2021-07-04
145, 5, 2019-08-23, 2020-10-18
38, 28, 2022-04-09, 2023-03-13
60, 16, 2020-05-21, 2021-09-23
167, 28, 2020-03-01, 2021-03-27
147, 25, 2019-03-11, 2019-08-07
106, 2, 2020-07-31, 2021-12-05
151, 18, 2020-01-31, 2020-02-02
15, 19, 2016-10-27, 2017-10-04
96, 22, 2015-02-26, 2016-03-12
196, 23, 2017-06-25, NULL
103, 11, 2021-01-25, 2021-12-10
99, 11, 2020-04-03, 2021-05-29
166, 7, 2015-03-17, 2016-02-14
30, 8, 2017-10-15, 2018-12-22
154, 1, 2022-06-25, 2023-05-22
116, 10, 2018-03-07, 2019-04-21
184, 10, 2021-01-08, 2021-10-01
109, 13, 2016-01-12, 2016-01-20
52, 24, 2015-07-12, 2016-02-05
20, 9, 2016-11-08, 2017-02-20
117, 4, 2017-03-19, 2017-10-18
164, 5, 2017-04-10, NULL
29, 5, 2022-08-26, 2023-05-06
26, 11, 2016-02-15, 2016-11-20
9, 4, 2015-04-03, NULL
154, 1, 2020-07-28, 2021-06-28
185, 19, 2022-06-11, 2022-11-16
78, 1, 2022-12-24, 2023-07-12
150, 2, 2017-04-30, 2017-11-29
8, 10, 2023-05-16, 2024-05-17
186, 24, 2015-04-09, 2015-05-14
50, 4, 2021-06-18, NULL
62, 3, 2016-11-14, 2018-02-05
172, 21, 2020-04-24, 2021-04-12
47, 8, 2021-09-09, 2022-05-31
67, 24, 2018-05-15, 2018-10-18
170, 16, 2016-11-19, 2018-03-26
165, 10, 2019-06-23, 2019-08-02
99, 9, 2018-02-09, NULL
27, 28, 2015-06-03, 2015-10-26
94, 3, 2020-03-22, 2020-05-18
161, 13, 2022-02-20, 2022-06-21
174, 6, 2019-04-13, 2019-05-24
162, 28, 2016-09-12, NULL
115, 15, 2015-12-07, 2015-12-20
30, 16, 2019-04-20, 2020-04-02
153, 16, 2022-10-13, 2023-11-27
74, 1, 2015-07-28, 2016-01-23
125, 15, 2018-06-28, 2019-10-09
118, 22, 2015-04-10, 2015-11-07
9, 8, 2016-10-04, 2018-01-06
45, 30, 2021-11-26, 2022-12-01
83, 27, 2020-02-05, 2021-03-30
65, 24, 2018-08-24, 2019-06-27
114, 30, 2017-05-08, 2018-09-11
76, 1, 2017-07-20, 2017-08-13
23, 22, 2021-08-16, NULL
5, 18, 2016-07-27, 2017-07-24
149, 12, 2021-01-17, 2021-08-26
40, 16, 2022-07-11, 2023-06-04
164, 14, 2020-10-07, 2021-01-31
150, 2, 2020-03-04, 2020-06-20
126, 11, 2017-06-25, 2018-05-04
124, 23, 2016-01-11, NULL
24, 5, 2015-04-09, 2015-07-12
56, 30, 2018-09-24, 2019-11-03
91, 3, 2018-11-22, 2019-05-15
90, 7, 2019-09-20, 2020-10-29
38, 16, 2016-08-29, 2017-08-06
186, 27, 2018-06-19, 2018-11-08
69, 28, 2020-05-12, 2021-05-29
181, 30, 2021-03-13, 2021-11-04
199, 9, 2021-12-25, 2022-07-04
181, 30, 2022-08-12, 2022-12-29
115, 4, 2018-09-29, 2020-01-28
11, 17, 2015-10-24, 2016-04-15
92, 20, 2016-08-11, NULL
135, 10, 2016-12-20, 2017-04-18
60, 19, 2019-05-30, 2019-06-23
193, 23, 2021-01-10, 2021-07-09
128, 22, 2021-03-06, 2022-02-08
38, 1, 2016-12-23, 2017-12-31
114, 23, 2016-10-21, 2016-12-30
138, 15, 2015-05-23, 2015-10-20
65, 12, 2015-06-13, 2015-06-28
188, 26, 2020-07-16, 2021-05-19
174, 5, 2022-09-18, 2023-01-28
185, 16, 2022-06-25, 2022-11-03
90, 13, 2020-03-09, 2020-07-09
9, 29, 2019-05-01, 2019-12-03
116, 5, 2016-11-12, 2016-12-21
114, 16, 2021-07-17, 2022-10-03
51, 29, 2021-04-07, NULL
139, 10, 2017-07-30, 2018-06-20
143, 4, 2021-04-13, NULL
67, 29, 2017-11-13, NULL
177, 13, 2015-12-21, 2017-01-22
94, 24, 2018-05-09, 2018-08-22
196, 4, 2021-03-08, 2021-09-29
137, 3, 2020-02-08, 2021-06-08
119, 22, 2021-08-20, 2021-10-25
12, 20, 2019-04-21, 2020-02-26
186, 28, 2015-08-13, 2015-12-04
95, 4, 2023-02-16, 2024-01-12
101, 20, 2021-09-04, 2022-05-04
185, 6, 2022-08-18, 2022-11-28
46, 19, 2020-03-13, 2021-04-28
69, 2, 2018-03-09, 2018-06-10
44, 24, 2017-05-10, 2017-11-20
198, 22, 2023-02-19, 2024-02-26
180, 11, 2017-02-24, 2017-05-29
89, 19, 2015-05-17, 2016-04-08
159, 24, 2018-08-18, 2019-10-30
190, 6, 2020-05-26, 2020-07-04
182, 28, 2018-04-05, NULL
199, 3, 2015-08-22, 2015-11-30
188, 26, 2015-06-07, NULL
83, 8, 2020-05-18, NULL
128, 14, 2017-04-16, 2018-04-15
38, 22, 2018-03-20, 2018-05-13
148, 26, 2020-06-03, 2021-04-03
66, 1, 2015-05-28, 2015-06-28
7, 16, 2015-09-01, 2016-03-16
52, 11, 2016-07-24, 2017-10-17
7, 23, 2020-03-13, 2021-01-20
15, 15, 2017-05-12, 2018-09-01
48, 27, 2022-01-31, 2022-07-23
130, 22, 2015-12-26, 2016-09-15
106, 25, 2015-01-23, 2015-12-15
154, 30, 2020-12-04, 2021-10-23
106, 8, 2017-12-13, 2018-10-20
33, 18, 2022-02-11, 2022-03-01
53, 8, 2019-02-21, 2019-12-31
16, 13, 2020-11-22, 2021-07-08
107, 28, 2018-07-23, 2019-04-08
165, 2, 2020-10-13, 2021-04-14
121, 11, 2021-02-24, 2021-04-24
101, 9, 2022-01-07, NULL
178, 14, 2017-10-18, 2018-04-03
147, 16, 2017-06-08, 2018-01-18
28, 11, 2017-02-08, 2017-03-31
131, 6, 2016-07-15, 2017-10-18
77, 20, 2016-12-05, 2017-05-25
165, 1, 2022-03-05, 2022-08-26
29, 25, 2020-04-07, 2020-09-25
41, 7, 2021-12-08, 2022-10-10
180, 18, 2018-09-08, 2019-09-16
194, 22, 2016-01-11, 2016-01-26
99, 27, 2020-09-29, 2021-03-20
35, 28, 2017-02-12, 2017-08-10
192, 23, 2017-09-11, 2018-05-30
53, 20, 2020-01-20, NULL
137, 12, 2022-04-02, 2023-06-04
137, 1, 2021-09-29, 2022-09-05
70, 21, 2021-03-03, 2021-05-28
152, 8, 2021-06-29, 2022-09-04
194, 7, 2023-04-03, 2023-07-25
57, 29, 2022-12-14, 2023-04-20
27, 9, 2022-04-25, 2023-08-04
188, 4, 2020-12-18, 2022-04-01
188, 29, 2016-07-19, 2017-05-14
51, 19, 2015-11-29, NULL
166, 11, 2022-10-20, 2022-10-21
17, 27, 2015-10-21, 2017-02-16
197, 20, 2021-03-17, 2022-05-12
1, 29, 2016-07-17, NULL
2, 4, 2021-03-21, 2022-06-14
20, 8, 2017-02-04, 2017-07-27
179, 27, 2022-03-02, 2022-08-23
40, 2, 2015-01-31, 2015-06-14
76, 24, 2016-01-27, 2016-10-08
97, 21, 2016-11-05, 2017-01-07
162, 30, 2016-09-23, 2016-11-08
18, 8, 2023-04-21, 2024-02-27
92, 1, 2015-05-16, 2016-01-04
38, 15, 2023-03-06, 2023-03-29
94, 13, 2017-01-13, 2018-04-08
138, 24, 2019-01-11, 2019-03-10
96, 19, 2019-04-25, 2019-06-04
6, 20, 2016-09-22, NULL
67, 16, 2015-05-06, 2015-10-13
185, 1, 2022-09-25, 2022-10-02
70, 19, 2022-07-12, 2023-06-27
63, 27, 2020-11-25, 2022-02-23
70, 28, 2018-10-23, 2018-12-14
71, 16, 2017-01-29, 2018-02-13
97, 13, 2015-05-13, 2015-10-15
147, 3, 2022-10-13, 2023-09-22
30, 1, 2019-09-16, 2020-08-17
78, 8, 2022-02-07, 2022-09-26
45, 9, 2021-07-20, 2022-08-18
171, 3, 2020-09-21, 2021-03-23
49, 8, 2020-04-01, 2020-09-27
194, 30, 2023-03-30, NULL
15, 2, 2016-11-02, 2017-06-21
13, 14, 2015-07-08, NULL
64, 1, 2017-09-17, 2018-07-06
132, 5, 2022-01-19, 2022-09-11
191, 21, 2020-01-19, 2020-07-07
116, 10, 2015-07-19, 2016-08-07
124, 2, 2020-12-26, 2021-03-17
123, 5, 2017-11-19, 2019-01-27
180, 5, 2021-12-19, 2022-04-27
174, 26, 2017-04-13, 2018-01-05
68, 17, 2022-04-10, 2023-04-01
22, 8, 2015-05-22, 2015-08-07
111, 5, 2015-12-22, 2016-11-18
156, 1, 2019-04-05, 2019-05-25
4, 1, 2016-07-01, 2016-12-07
195, 20, 2019-09-05, 2020-01-26
30, 10, 2019-06-03, 2020-04-11
130, 16, 2019-12-13, 2020-02-17
133, 28, 2020-05-14, 2021-06-27
103, 7, 2019-04-26, 2020-05-05
141, 18, 2018-06-05, NULL
83, 5, 2022-11-27, 2023-10-31
33, 12, 2015-12-10, 2016-02-20
191, 26, 2016-04-17, NULL
42, 9, 2018-11-10, 2020-01-15
25, 19, 2017-04-07, 2018-05-14
70, 27, 2021-01-21, 2021-09-21
175, 28, 2021-08-10, 2022-01-28
166, 19, 2015-05-22, 2015-12-03
111, 9, 2016-05-06, 2016-12-13
188, 23, 2017-12-02, 2018-09-28
85, 20, 2017-02-17, 2017-07-31
86, 7, 2021-05-17, 2022-04-04
162, 19, 2019-02-08, 2020-02-11
59, 15, 2018-01-22, 2018-11-21
1, 29, 2018-04-08, 2019-06-29
130, 27, 2017-03-11, NULL
76, 29, 2018-08-22, 2018-09-20
80, 4, 2020-06-06, 2020-12-13
194, 17, 2018-05-01, 2019-07-12
80, 26, 2016-04-07, 2016-05-04
195, 27, 2018-03-28, 2018-09-24
53, 1, 2020-03-29, 2020-05-01
119, 6, 2015-03-21, 2015-04-24
26, 23, 2019-02-03, 2019-05-16
65, 26, 2019-11-24, 2020-06-09
185, 11, 2017-04-11, 2017-10-03
171, 3, 2020-04-30, 2021-02-04
98, 8, 2015-09-29, 2015-10-25
39, 6, 2020-10-24, 2022-01-31
61, 30, 2016-06-04, 2017-02-16
83, 16, 2020-10-22, 2021-08-18
111, 26, 2022-08-10, NULL
102, 6, 2023-02-15, 2023-03-24
192, 12, 2023-02-26, NULL
129, 15, 2016-03-04, 2016-10-20
57, 20, 2015-12-30, 2016-10-20
124, 19, 2017-12-17, 2018-02-09
17, 16, 2021-10-15, 2022-05-10
3, 20, 2021-10-28, 2022-12-03
95, 4, 2022-11-03, 2023-12-30
145, 25, 2016-09-14, 2017-06-16
52, 1, 2020-04-16, 2021-06-18
61, 13, 2023-05-22, 2024-09-09
148, 28, 2017-09-13, 2018-01-30
131, 8, 2022-04-26, 2023-01-30
186, 30, 2015-01-11, 2015-08-17
46, 7, 2023-04-23, 2024-07-28
136, 17, 2020-10-26, 2021-07-28
166, 20, 2022-06-19, 2022-10-09
63, 5, 2022-12-02, 2024-02-29
46, 24, 2020-03-13, 2021-02-06
124, 23, 2020-05-01, 2020-06-18
128, 3, 2020-08-26, 2020-11-04
55, 18, 2022-10-24, 2022-11-04
14, 25, 2016-08-12, 2016-08-13
195, 10, 2022-10-20, 2023-08-28
36, 15, 2019-06-05, 2019-06-18
94, 22, 2021-06-14, 2021-11-25
183, 7, 2019-08-05, 2020-03-01
83, 22, 2020-10-22, 2021-08-21
81, 22, 2018-05-05, 2019-08-03
130, 1, 2023-01-16, 2023-04-24
57, 19, 2020-02-09, 2020-03-04
160, 7, 2016-03-07, 2017-03-20
138, 13, 2021-09-13, 2022-01-25
12, 8, 2021-03-31, 2021-05-21
106, 1, 2020-08-13, 2020-08-29
37, 14, 2015-11-29, 2016-08-09
3, 16, 2023-05-25, 2023-07-21
121, 4, 2021-01-21, 2022-01-28
66, 3, 2016-03-17, 2016-12-23
113, 3, 2021-10-21, 2022-04-25
51, 26, 2019-02-10, 2019-08-07
64, 8, 2020-02-25, 2021-04-18
56, 21, 2016-08-29, 2017-03-06
38, 11, 2015-06-30, 2015-08-12
79, 21, 2016-02-03, 2017-02-18
158, 13, 2018-06-25, 2018-10-26
40, 24, 2022-03-18, 2022-08-03
125, 2, 2019-03-28, 2019-05-25
26, 15, 2023-01-18, NULL
89, 25, 2016-01-13, 2016-03-05
96, 7, 2016-07-06, 2017-11-11
61, 19, 2020-10-07, NULL
58, 11, 2022-09-04, 2023-11-07
180, 19, 2019-04-04, 2019-10-13
80, 16, 2020-06-25, 2021-02-21
188, 8, 2018-08-26, 2018-10-24
82, 16, 2018-07-28, 2019-03-01
124, 6, 2017-11-23, 2018-06-09
193, 11, 2017-12-18, 2019-05-02
44, 19, 2016-02-10, 2016-07-13
43, 9, 2017-03-21, 2017-05-10
180, 29, 2021-06-06, 2022-10-08
139, 13, 2022-09-15, 2023-08-02
3, 7, 2017-10-28, 2018-01-12
4, 9, 2020-01-28, 2021-06-02
196, 5, 2015-10-16, 2016-10-10
67, 26, 2019-07-08, NULL
67, 2, 2020-12-09, 2021-10-05
27, 30, 2017-01-14, NULL
94, 22, 2019-07-22, 2020-04-14
98, 29, 2019-09-03, 2019-09-28
112, 29, 2019-07-02, 2020-11-07
35, 23, 2020-08-01, 2021-10-20
111, 11, 2020-01-21, 2020-11-20
173, 14, 2018-03-31, 2019-06-09
159, 1, 2018-02-13, 2019-05-21
200, 20, 2019-08-01, 2020-11-17
131, 9, 2016-07-16, 2017-11-18
20, 24, 2019-05-09, 2019-08-25
121, 17, 2015-05-29, 2016-07-04
33, 5, 2017-06-19, NULL
145, 10, 2020-01-18, 2021-04-24
82, 19, 2015-09-01, NULL
128, 22, 2021-11-06, 2022-06-17
109, 23, 2019-02-14, NULL
90, 20, 2020-10-09, 2021-10-08
85, 23, 2018-08-18, 2018-11-18
199, 18, 2015-03-14, 2015-11-29
3, 14, 2021-10-17, 2022-05-31
8, 10, 2016-12-24, 2017-02-04
198, 16, 2017-02-21, 2018-05-19
180, 13, 2016-03-01, 2016-09-04
52, 12, 2021-05-01, 2021-09-14
24, 11, 2017-02-23, 2018-05-08
181, 9, 2023-03-30, 2023-05-31
101, 29, 2020-11-07, NULL
150, 6, 2016-03-28, 2017-04-21
56, 6, 2018-10-07, 2018-10-19
40, 30, 2019-12-11, 2020-06-20
115, 6, 2017-05-28, 2018-08-31
122, 1, 2023-04-14, 2023-05-08
95, 28, 2015-05-08, NULL
134, 2, 2019-11-19, 2021-02-17
64, 14, 2020-09-01, 2021-08-29
185, 23, 2022-10-30, 2023-05-27
48, 28, 2015-02-19, NULL
15, 17, 2019-06-09, 2019-12-04
14, 15, 2017-10-04, 2018-06-11
92, 9, 2017-03-06, 2017-09-04
178, 29, 2018-09-05, 2019-07-21
21, 27, 2022-02-12, 2022-05-05
199, 18, 2022-06-27, 2023-06-14
122, 28, 2022-06-03, 2022-11-27
58, 16, 2022-11-01, 2023-04-30
144, 25, 2019-03-07, 2020-01-14
111, 16, 2020-10-17, 2021-05-26
146, 24, 2022-06-13, NULL
179, 19, 2022-08-17, 2023-10-29
182, 5, 2015-02-01, 2015-08-09
105, 9, 2015-01-03, 2016-01-20
125, 8, 2022-09-01, 2023-06-15
188, 3, 2023-01-05, 2023-09-13
159, 19, 2022-05-17, 2022-06-26
58, 4, 2022-09-02, NULL
43, 8, 2021-10-19, 2022-10-28
74, 8, 2022-04-09, 2023-08-13
69, 14, 2022-07-13, 2023-11-20
74, 5, 2016-05-17, 2017-03-10
28, 12, 2015-12-16, 2016-04-06
42, 24, 2017-03-22, 2017-09-26
50, 19, 2016-03-14, 2016-08-23
177, 24, 2015-08-26, 2016-09-27
100, 7, 2017-09-22, NULL
103, 7, 2017-02-11, 2017-10-29
89, 27, 2016-09-14, 2017-11-24
72, 18, 2019-02-14, 2020-06-10
135, 6, 2020-02-18, 2020-02-23
40, 23, 2021-10-10, 2022-11-03
106, 27, 2021-04-16, 2022-02-18
118, 22, 2020-12-17, 2021-11-09
100, 22, 2015-07-28, 2016-09-11
30, 8, 2020-06-20, NULL
185, 25, 2016-02-17, 2016-09-07
139, 9, 2016-08-23, NULL
104, 15, 2019-12-18, 2020-11-03
191, 8, 2016-09-04, 2016-12-03
189, 29, 2018-04-03, 2019-01-19
84, 16, 2016-03-15, NULL
78, 5, 2020-06-30, 2021-03-25
182, 1, 2016-04-19, 2016-08-13
126, 13, 2015-01-02, 2016-03-27
18, 28, 2016-03-11, 2016-09-21
104, 12, 2017-09-25, 2018-08-17
15, 3, 2020-02-28, 2021-03-26
110, 5, 2015-02-27, 2016-01-15
189, 2, 2022-02-08, 2022-06-01
170, 29, 2020-05-14, 2021-01-21
126, 8, 2017-09-22, 2019-01-22
91, 4, 2019-08-23, 2020-08-03
126, 11, 2022-12-14, 2023-10-25
193, 27, 2016-10-02, 2016-12-06
92, 2, 2019-09-18, NULL
134, 3, 2022-08-24, 2023-10-13
42, 11, 2018-12-29, 2019-08-08
24, 1, 2016-01-21, 2016-05-12
193, 30, 2020-02-22, NULL
184, 16, 2015-05-13, 2016-02-22
85, 2, 2022-09-03, 2022-12-12
92, 4, 2020-03-10, 2020-08-31
10, 30, 2022-01-16, 2022-03-03
119, 24, 2019-08-07, 2020-12-12
56, 9, 2015-08-14, 2016-10-11
64, 18, 2018-04-06, 2018-07-13
136, 10, 2019-01-01, 2020-04-26
160, 17, 2019-06-29, 2019-09-02
99, 3, 2020-07-30, 2021-03-08
7, 25, 2021-05-03, NULL
50, 9, 2022-04-12, 2022-10-23
172, 24, 2021-01-25, 2021-12-09
177, 28, 2020-12-15, 2021-05-07
196, 12, 2023-01-26, 2023-03-04
38, 23, 2015-05-25, 2016-01-12
39, 5, 2018-08-15, 2019-09-17
21, 1, 2020-06-21, 2021-06-05
174, 9, 2019-07-29, 2019-08-08
7, 17, 2019-04-15, 2020-02-18
14, 2, 2020-09-08, 2021-09-19
198, 26, 2022-05-04, 2023-02-14
194, 4, 2022-02-20, 2023-07-03
115, 17, 2018-07-02, 2018-09-09
4, 9, 2019-04-30, 2019-06-11
77, 16, 2020-04-19, 2020-10-15
71, 21, 2015-11-23, 2016-02-22
75, 18, 2023-03-13, 2024-04-07
160, 11, 2022-06-17, 2023-01-25
106, 4, 2015-09-20, 2016-11-07
44, 17, 2017-05-30, 2018-03-20
58, 27, 2015-03-18, 2016-02-13
155, 2, 2016-09-10, 2017-09-16
103, 9, 2022-02-11, 2022-03-15
59, 25, 2023-05-13, 2024-06-17
104, 28, 2017-03-28, 2017-07-04
94, 2, 2018-12-16, 2019-01-20
158, 18, 2018-05-27, 2019-03-21
125, 3, 2015-12-18, 2016-06-01
95, 24, 2016-04-16, NULL
21, 1, 2022-10-08, 2023-09-04
160, 30, 2016-09-25, 2017-09-15
109, 9, 2018-05-09, 2019-07-24
103, 13, 2017-04-07, 2018-08-14
32, 23, 2018-02-23, 2018-08-17
158, 13, 2019-09-12, 2021-01-04
103, 22, 2016-07-12, 2017-06-11
126, 27, 2015-08-27, 2016-01-21
52, 18, 2018-07-28, 2019-09-03
105, 18, 2021-12-14, 2023-04-25
199, 25, 2022-04-08, 2022-08-19
64, 20, 2018-01-07, 2018-11-02
46, 1, 2015-10-05, 2017-01-28
172, 5, 2019-05-07, 2019-12-17
181, 20, 2015-05-05, 2016-08-19
151, 11, 2017-11-12, 2017-11-26
67, 17, 2015-12-14, NULL
137, 14, 2018-10-25, NULL
51, 9, 2022-10-07, 2023-09-13
37, 25, 2019-02-08, 2019-12-01
109, 10, 2020-05-12, 2021-07-29
115, 10, 2019-04-10, 2019-11-21
5, 1, 2017-05-17, 2018-09-27
156, 13, 2015-12-21, 2016-09-06
178, 21, 2020-12-11, 2021-03-09
92, 5, 2016-08-25, 2017-07-12
34, 28, 2015-08-06, 2016-08-20
92, 19, 2018-11-14, 2020-03-01
68, 4, 2022-03-18, 2022-04-05
191, 5, 2017-10-22, NULL
40, 25, 2021-11-03, 2022-01-01
95, 30, 2022-05-08, 2022-05-09
167, 2, 2021-06-18, 2021-09-29
177, 15, 2018-03-01, 2018-11-09
95, 13, 2019-10-25, 2019-10-30
177, 11, 2016-04-27, 2016-08-16
146, 28, 2018-03-08, 2019-02-01
120, 5, 2019-01-04, 2019-11-18
198, 11, 2021-03-02, 2022-02-22
53, 16, 2022-12-28, 2024-04-12
101, 25, 2021-11-26, NULL
67, 27, 2022-09-27, 2023-06-26
104, 18, 2018-11-18, 2019-01-10
73, 7, 2016-04-12, 2016-07-04
29, 17, 2015-10-16, 2016-04-15
75, 20, 2020-04-25, 2020-10-13
75, 17, 2017-03-14, 2018-01-19
8, 20, 2019-03-20, NULL
163, 3, 2021-08-08, 2022-05-14
52, 25, 2016-08-09, 2017-02-11
87, 23, 2021-09-10, 2021-10-27
91, 16, 2020-09-18, 2020-12-31
17, 14, 2018-04-06, 2018-09-19
151, 17, 2015-01-11, NULL
92, 25, 2021-08-20, 2022-08-25
21, 13, 2018-01-13, 2019-04-25
141, 2, 2017-06-15, 2018-09-11
179, 7, 2018-03-10, 2018-04-19
170, 25, 2022-05-09, 2023-01-03
15, 27, 2020-11-10, 2021-12-06
116, 15, 2017-08-31, NULL
113, 27, 2021-04-10, 2022-04-03
51, 2, 2015-02-26, 2015-07-23
124, 11, 2018-12-20, 2019-01-17
43, 4, 2016-08-21, 2017-11-21
124, 2, 2015-10-15, 2016-09-28
151, 17, 2022-01-04, 2023-03-14
164, 21, 2017-04-26, 2018-06-16
107, 21, 2017-08-31, 2018-02-07
161, 25, 2016-12-24, 2017-01-02
146, 28, 2017-07-11, NULL
94, 30, 2017-12-04, NULL
52, 27, 2015-11-09, 2016-12-29
200, 5, 2015-11-05, 2016-04-30
122, 15, 2022-10-16, 2023-02-03
172, 12, 2018-03-04, 2018-10-05
23, 8, 2016-11-25, 2016-11-27
27, 13, 2018-01-06, NULL
165, 11, 2023-02-07, 2023-05-12
115, 25, 2020-07-10, 2021-05-08
9, 29, 2018-07-19, 2019-06-07
13, 21, 2020-01-16, 2021-04-12
76, 6, 2022-11-24, 2023-06-30
63, 17, 2021-07-18, 2022-07-09
146, 2, 2023-03-16, 2024-06-23
155, 20, 2018-09-22, 2018-11-04
110, 21, 2022-03-03, 2023-03-24
45, 25, 2015-10-09, 2016-12-29
115, 23, 2022-05-22, 2023-08-30
34, 14, 2017-05-23, 2017-12-04
52, 25, 2018-11-29, 2019-12-06
80, 28, 2015-04-10, 2015-06-11
131, 5, 2017-08-02, 2018-11-08
35, 6, 2020-05-27, 2021-01-25
112, 23, 2018-04-08, 2018-09-19
5, 13, 2016-11-12, 2017-06-17
91, 13, 2018-07-06, 2018-10-18
12, 15, 2015-12-31, 2016-10-22
148, 18, 2020-05-09, 2020-09-05
77, 24, 2018-05-18, 2018-06-21
140, 16, 2020-08-26, 2020-11-19
165, 6, 2019-04-17, 2019-08-09
31, 2, 2017-10-18, 2017-12-13
39, 28, 2020-02-21, 2020-05-23
199, 7, 2018-08-21, 2018-09-13
72, 14, 2022-05-05, 2022-11-30
22, 21, 2022-11-28, 2023-07-23
40, 24, 2023-01-05, 2024-04-07
41, 27, 2017-02-17, 2017-03-03
102, 26, 2017-12-05, 2017-12-28
57, 19, 2023-04-24, 2024-05-18
75, 14, 2020-10-12, 2021-11-15
188, 17, 2018-12-07, 2019-06-12
128, 18, 2017-04-12, 2017-09-06
33, 15, 2015-10-31, 2016-12-15
129, 13, 2022-07-29, 2023-01-15
143, 25, 2016-06-07, 2016-06-12
41, 5, 2021-12-03, NULL
133, 24, 2018-04-25, 2018-07-14
29, 11, 2022-10-21, 2024-02-02
25, 15, 2016-12-31, 2017-07-24
110, 11, 2022-01-21, 2023-02-16
55, 10, 2019-05-06, 2019-09-29
27, 11, 2022-12-10, 2023-01-17
38, 29, 2018-12-22, 2020-03-30
14, 4, 2017-09-22, 2018-01-26
89, 23, 2017-12-05, 2018-08-26
143, 16, 2022-05-24, 2022-08-23
151, 22, 2022-06-02, 2022-07-21
168, 25, 2021-01-12, 2021-11-03
59, 6, 2015-10-02, 2016-11-04
176, 4, 2017-06-01, 2018-09-26
67, 21, 2018-05-15, NULL
9, 29, 2020-12-05, 2021-04-12
154, 28, 2016-01-09, 2016-04-21
138, 25, 2022-10-07, 2023-05-16
137, 12, 2019-06-29, 2019-09-18
127, 16, 2016-01-01, 2017-03-04
172, 5, 2022-10-08, 2022-12-10
188, 20, 2017-01-01, 2017-04-06
55, 18, 2017-10-04, 2017-11-29
90, 10, 2016-11-01, 2017-04-03
127, 2, 2022-12-09, 2023-09-27
118, 24, 2022-03-26, 2022-12-21
23, 20, 2023-01-02, 2023-11-05
95, 26, 2022-07-18, NULL
25, 16, 2020-05-05, 2021-04-14
28, 10, 2022-01-21, 2022-04-11
170, 7, 2021-02-07, NULL
114, 9, 2016-06-28, 2017-06-04
36, 17, 2018-06-07, 2018-11-11
170, 5, 2016-02-09, 2016-03-13
163, 18, 2022-11-10, 2023-05-17
138, 2, 2018-05-26, 2019-03-25
140, 6, 2023-03-13, 2023-03-31
155, 27, 2021-04-12, NULL
162, 20, 2018-06-26, 2019-02-02
15, 21, 2018-08-27, NULL
30, 2, 2023-05-10, 2024-05-24
22, 19, 2020-07-27, 2021-02-14
146, 5, 2021-05-29, 2021-09-19
154, 14, 2018-12-31, 2019-05-22
106, 1, 2023-04-22, 2023-04-28
30, 13, 2022-02-13, 2023-06-05
167, 16, 2019-02-19, 2019-08-15
68, 19, 2015-05-15, 2015-06-23
163, 21, 2020-09-12, 2021-12-05
177, 9, 2015-06-17, 2015-10-19
17, 15, 2020-04-29, 2020-10-23
162, 4, 2019-03-28, 2019-10-31
53, 20, 2016-10-03, 2017-08-12
95, 6, 2020-10-02, 2021-03-23
4, 14, 2019-07-02, 2020-05-10
127, 25, 2015-05-06, 2016-06-10
171, 16, 2020-08-10, 2021-12-10
42, 3, 2017-03-11, 2017-12-08
37, 21, 2018-11-03, 2020-01-09
48, 3, 2018-12-31, 2019-01-11
35, 27, 2020-08-03, NULL
121, 12, 2017-12-06, 2017-12-27
189, 12, 2017-04-25, 2018-04-12
155, 23, 2021-07-21, 2021-10-10
33, 9, 2017-02-26, 2018-01-03
101, 3, 2022-10-01, 2023-04-03
6, 12, 2015-09-01, 2015-11-14
40, 28, 2018-02-13, 2019-01-08
108, 8, 2021-01-02, 2021-06-01
26, 14, 2020-05-29, 2021-04-21
56, 6, 2021-11-01, 2022-08-03
149, 13, 2020-03-01, 2021-07-02
149, 28, 2016-01-29, 2016-11-11
194, 7, 2022-03-26, 2022-07-15
38, 22, 2021-04-23, 2021-06-14
40, 1, 2020-07-05, 2021-01-12
70, 4, 2019-12-17, NULL
59, 27, 2021-10-30, 2022-01-24
38, 1, 2018-07-16, 2019-07-03
133, 11, 2019-06-25, 2020-08-03
190, 8, 2017-11-27, 2018-10-03
172, 11, 2016-03-29, 2016-09-09
92, 18, 2016-02-10, 2016-02-23
28, 19, 2016-09-08, 2017-08-12
135, 17, 2015-08-15, 2016-12-24
73, 26, 2018-12-25, 2020-03-25
179, 22, 2018-04-23, 2018-11-13
83, 1, 2016-03-25, 2017-08-05
143, 20, 2020-06-13, 2021-10-07
81, 26, 2021-02-28, 2021-10-14
40, 25, 2020-02-01, 2021-01-21
108, 1, 2019-12-21, NULL
84, 8, 2016-01-03, 2017-03-03
5, 24, 2021-12-09, 2022-10-09
171, 11, 2019-02-22, 2020-03-11
168, 10, 2021-07-26, NULL
179, 7, 2022-06-04, 2023-08-09
140, 14, 2020-02-25, 2021-01-06
3, 3, 2017-08-12, 2017-12-17
103, 11, 2022-03-25, 2022-12-12
196, 24, 2018-01-27, 2018-11-27
7, 30, 2019-01-29, 2019-12-10
179, 21, 2019-12-11, NULL
115, 20, 2022-12-26, 2023-12-12
69, 22, 2015-07-12, 2016-01-04
62, 1, 2019-11-26, 2020-06-14
133, 19, 2020-02-28, 2020-12-26
100, 20, 2022-10-29, 2022-12-17
154, 3, 2019-06-15, 2020-07-20
89, 18, 2023-05-27, 2024-03-16
67, 15, 2022-03-17, 2022-07-19
123, 29, 2022-07-30, 2022-09-20
117, 12, 2015-11-16, 2016-08-30
194, 18, 2015-10-04, 2016-02-25
156, 14, 2016-01-07, 2016-11-04
192, 3, 2021-06-27, 2022-04-24
93, 6, 2016-03-09, 2016-12-05
91, 29, 2021-02-11, 2021-06-18
40, 17, 2015-07-15, 2016-09-08
167, 12, 2016-06-23, 2016-12-04
3, 22, 2022-08-22, 2023-06-03
146, 30, 2023-01-02, 2024-04-01
26, 28, 2016-12-25, 2017-07-19
126, 16, 2018-07-15, 2019-05-09
99, 1, 2015-12-04, 2016-09-15
78, 9, 2021-02-04, 2021-03-17
169, 29, 2021-11-03, 2022-12-21
87, 2, 2021-10-05, 2022-05-08
134, 26, 2021-06-20, 2022-05-07
55, 13, 2015-01-05, 2016-03-03
161, 19, 2022-05-24, 2023-01-30
41, 23, 2019-07-10, 2019-11-15
44, 26, 2023-04-04, 2023-08-27
51, 11, 2018-09-01, 2019-07-18
5, 2, 2019-08-22, 2019-09-19
70, 15, 2022-08-05, 2022-11-16
2, 27, 2017-08-19, 2018-08-23
48, 26, 2016-09-10, 2017-03-13
100, 17, 2019-02-05, 2019-10-07
56, 1, 2020-11-06, 2020-12-28
190, 23, 2019-12-26, 2021-03-08
32, 23, 2022-06-03, 2023-07-24
164, 29, 2016-10-14, 2017-11-22
45, 4, 2019-03-04, 2020-03-30
88, 22, 2015-11-27, 2016-04-01
140, 9, 2022-01-24, 2023-04-17
152, 6, 2023-01-22, 2023-12-06
28, 16, 2020-04-25, 2020-06-22
69, 4, 2015-11-18, 2016-08-09
68, 3, 2016-12-27, 2018-02-16
189, 19, 2022-10-02, 2023-05-15
40, 12, 2018-05-23, 2019-04-14
162, 2, 2017-08-09, 2017-08-12
136, 11, 2019-06-28, 2019-11-25
70, 21, 2018-01-31, 2018-07-25
102, 11, 2016-06-12, 2017-08-02
145, 21, 2022-07-24, 2023-09-08
188, 7, 2018-03-07, 2018-03-17
152, 21, 2017-08-06, 2017-10-16
100, 15, 2017-09-07, 2018-07-05
24, 1, 2020-12-31, 2021-04-03
27, 8, 2018-06-09, 2018-12-27
35, 12, 2018-08-05, 2019-01-28
182, 23, 2019-09-25, NULL
43, 8, 2015-05-16, 2016-06-25
83, 6, 2019-10-26, 2021-01-06
192, 26, 2018-03-15, 2018-04-10
187, 21, 2016-05-20, 2016-07-26
60, 16, 2016-04-18, 2016-07-13
166, 22, 2016-02-27, 2017-06-02
4, 7, 2017-07-05, NULL
101, 2, 2020-06-25, NULL
196, 10, 2016-04-13, 2017-03-09
144, 23, 2017-01-28, 2017-12-20
124, 19, 2016-02-20, 2017-03-27
70, 25, 2018-05-25, NULL
79, 22, 2021-10-27, 2023-01-01
21, 8, 2016-03-06, 2017-05-20
48, 13, 2016-07-26, 2017-07-09
186, 18, 2016-01-02, 2016-01-19
158, 8, 2016-07-09, 2017-06-28
4, 17, 2015-10-11, 2016-10-24
181, 17, 2019-03-08, 2019-03-20
78, 16, 2022-03-01, 2022-07-03
79, 27, 2016-09-02, 2016-12-12
154, 23, 2018-09-03, 2019-06-30
15, 9, 2015-01-30, 2016-05-28
149, 17, 2022-08-12, NULL
132, 2, 2021-08-13, 2021-12-23
58, 16, 2021-06-25, NULL
61, 10, 2019-05-25, 2020-06-22
106, 1, 2020-09-25, 2021-11-23
152, 25, 2015-08-13, 2016-03-14
196, 26, 2019-02-14, 2020-03-30
131, 3, 2022-06-03, 2022-11-29
74, 3, 2020-06-24, 2020-10-12
86, 24, 2016-01-22, NULL
3, 14, 2016-11-25, 2017-12-14
180, 11, 2020-01-19, 2021-05-04
78, 17, 2017-12-07, 2018-06-07
39, 28, 2017-07-06, 2018-06-05
89, 6, 2019-02-03, 2020-01-23
162, 21, 2017-05-27, 2017-07-20
119, 8, 2020-06-30, 2020-12-15
109, 13, 2020-09-30, 2021-03-21
190, 18, 2018-12-04, NULL
12, 21, 2023-04-16, 2023-12-18
169, 28, 2023-05-19, 2023-06-20
149, 24, 2019-10-04, NULL
190, 27, 2018-08-02, NULL
116, 16, 2017-02-27, 2017-05-11
75, 24, 2018-06-09, 2018-07-21
156, 19, 2023-01-17, 2023-02-05
190, 25, 2016-04-01, 2016-10-06
134, 3, 2017-02-25, 2017-11-29
51, 11, 2021-01-30, 2021-07-21
28, 13, 2017-09-30, 2019-01-15
97, 6, 2016-09-24, 2017-08-15
13, 10, 2015-11-22, 2016-01-07
67, 26, 2020-05-05, 2021-07-30
174, 3, 2017-09-16, NULL
110, 23, 2022-06-02, 2023-01-20
45, 29, 2022-01-17, 2023-02-09
63, 2, 2015-10-15, 2016-10-08
66, 14, 2015-08-30, 2016-07-23
142, 5, 2016-09-25, 2016-12-10
147, 17, 2020-12-15, 2021-09-20
12, 23, 2015-02-07, 2015-05-06
34, 1, 2018-04-24, 2019-08-15
31, 27, 2021-01-28, 2021-10-26
37, 17, 2023-05-21, 2024-08-24
158, 5, 2021-03-04, 2021-05-08
71, 17, 2020-03-20, 2020-04-28
112, 13, 2020-01-06, 2021-04-09
101, 14, 2022-03-01, 2022-12-15
183, 15, 2015-05-22, NULL
156, 5, 2019-04-26, 2020-08-28
50, 2, 2018-05-29, 2018-09-19
136, 10, 2019-09-06, 2020-03-15
144, 25, 2016-04-09, 2016-11-09
123, 9, 2018-07-22, 2018-11-22
138, 9, 2016-02-04, 2016-02-06
66, 6, 2019-04-24, 2020-05-16
174, 1, 2017-02-16, 2017-09-24
129, 15, 2016-12-17, 2017-02-18
164, 15, 2019-09-16, 2020-03-29
126, 29, 2021-10-23, NULL
28, 6, 2021-07-11, 2021-08-31
25, 15, 2018-08-28, 2019-01-12
165, 13, 2019-08-20, 2020-07-11
116, 28, 2023-03-06, 2023-11-17
9, 30, 2017-01-22, 2018-01-26
186, 4, 2021-06-17, 2021-12-23
107, 28, 2021-10-01, 2022-07-21
1, 2, 2016-11-23, NULL
12, 11, 2021-03-20, 2021-03-30
112, 14, 2018-02-28, 2019-02-19
119, 23, 2019-03-17, 2020-01-10
165, 26, 2016-07-18, NULL
23, 28, 2021-08-24, 2022-10-12
165, 21, 2021-05-02, 2022-09-05
101, 13, 2018-10-23, 2019-11-07
16, 2, 2018-03-01, 2018-03-05
199, 3, 2019-04-25, 2019-11-18
191, 7, 2015-11-26, 2016-05-30
192, 14, 2016-06-03, NULL
66, 16, 2023-04-12, 2023-04-24
136, 2, 2016-07-07, 2017-09-07
139, 4, 2017-02-23, 2018-06-26
101, 28, 2016-11-15, 2017-10-18
41, 12, 2022-05-21, 2023-02-10
188, 23, 2022-09-15, 2023-07-19
160, 15, 2020-02-27, 2021-05-13
68, 16, 2018-10-10, 2018-12-02
67, 22, 2019-05-23, 2019-06-03
62, 23, 2019-09-22, 2020-11-30
54, 27, 2023-05-04, 2024-08-10
14, 12, 2019-02-11, 2019-11-29
149, 13, 2016-06-02, 2016-09-28
162, 10, 2016-09-29, 2017-04-27
34, 18, 2022-11-17, 2024-02-14
140, 14, 2022-06-18, 2022-12-26
15, 19, 2021-12-19, 2023-02-04
106, 30, 2019-03-13, 2020-06-21
1, 27, 2022-08-02, 2023-01-15
70, 2, 2018-09-25, 2019-08-14
18, 2, 2016-01-18, 2017-05-14
33, 10, 2021-02-18, 2022-02-02
186, 5, 2020-10-28, 2021-06-19
42, 20, 2018-06-01, 2019-09-24
198, 13, 2020-06-14, 2021-02-24
124, 3, 2017-10-29, 2018-06-07
100, 29, 2021-04-04, 2022-07-30
106, 8, 2022-01-01, 2022-08-26
95, 10, 2018-07-21, 2019-11-08
125, 13, 2021-06-24, 2021-10-19
70, 12, 2019-02-03, 2020-01-05
91, 17, 2019-03-10, 2020-04-14
117, 10, 2023-04-06, NULL
76, 30, 2022-04-11, 2022-07-01
33, 3, 2017-12-23, 2018-10-21
78, 14, 2020-07-27, 2020-10-31
135, 25, 2018-09-13, 2019-03-06
91, 18, 2015-08-29, 2016-07-16
64, 6, 2022-01-23, 2022-10-08
104, 19, 2022-09-01, 2023-01-16
172, 20, 2017-07-06, NULL
146, 24, 2015-07-26, 2016-07-15
142, 7, 2022-07-15, 2023-11-12
188, 25, 2016-09-19, 2016-09-26
154, 26, 2018-03-01, 2019-01-02
149, 16, 2020-01-01, 2020-12-30
101, 13, 2019-11-06, 2021-02-13
134, 27, 2019-12-07, 2020-09-12
8, 28, 2019-11-04, 2020-07-13
66, 22, 2018-05-08, 2019-01-03
17, 11, 2022-02-27, 2023-04-14
65, 24, 2017-07-13, 2018-10-19
29, 1, 2019-07-30, 2020-05-11
43, 28, 2021-12-30, 2023-05-10
130, 19, 2015-05-11, 2015-06-11
32, 29, 2021-10-03, 2022-06-19
99, 29, 2022-10-29, 2022-11-16
44, 9, 2015-11-28, 2016-01-01
54, 22, 2015-02-09, NULL
101, 2, 2018-05-30, 2018-09-24
72, 3, 2015-12-17, 2016-10-22
45, 15, 2017-10-12, 2018-10-04
18, 5, 2022-09-05, NULL
87, 3, 2019-04-11, 2020-03-23
128, 1, 2017-06-19, 2017-08-24
73, 2, 2016-10-28, 2017-09-15
5, 16, 2015-07-26, 2015-10-02
197, 22, 2022-10-25, NULL
73, 7, 2023-01-25, 2024-03-07
91, 25, 2018-10-30, 2019-11-18
132, 9, 2016-08-28, 2017-02-23
123, 15, 2022-09-10, 2023-09-08
35, 6, 2015-12-21, 2016-04-07
65, 28, 2022-02-24, 2023-06-26
143, 27, 2016-06-03, 2016-07-21
60, 4, 2019-09-07, 2020-02-23
127, 5, 2020-07-07, 2020-08-31
104, 10, 2020-08-22, NULL
188, 20, 2016-05-27, 2016-08-31
117, 15, 2022-03-07, 2023-04-27
86, 22, 2015-01-15, 2015-11-21
35, 13, 2023-02-13, 2023-05-23
49, 19, 2021-01-16, 2021-08-17
134, 20, 2021-07-09, 2022-11-12
193, 30, 2022-01-19, 2022-12-16
11, 4, 2019-12-05, 2020-06-29
102, 11, 2018-11-12, 2019-06-24
185, 26, 2017-03-27, NULL
113, 8, 2016-01-01, 2016-04-14
195, 15, 2022-03-25, 2022-10-16
9, 14, 2019-07-31, 2020-05-28
191, 10, 2017-05-09, 2018-03-14
67, 7, 2015-04-11, NULL
9, 8, 2022-10-06, 2023-02-05
106, 15, 2018-12-11, 2019-11-19
29, 25, 2016-09-07, 2017-01-28
76, 30, 2023-04-29, 2023-06-15
151, 30, 2015-10-27, 2015-12-06
40, 5, 2018-03-28, 2018-09-26
35, 25, 2015-04-08, NULL
126, 21, 2017-02-16, 2017-10-07
73, 11, 2018-01-24, 2019-05-14
102, 9, 2018-09-08, 2019-07-06
110, 29, 2021-02-06, 2022-02-24
112, 17, 2023-05-23, 2024-03-31
165, 8, 2015-04-15, 2016-06-21
169, 8, 2020-08-07, 2021-11-24
89, 1, 2022-06-23, 2023-09-02
5, 20, 2019-05-20, 2019-11-16
179, 19, 2017-05-03, 2018-06-29
164, 11, 2015-11-22, 2016-03-14
58, 4, 2015-06-30, 2016-07-24
99, 10, 2015-03-01, 2015-09-01
77, 28, 2017-04-10, 2018-03-09
102, 20, 2020-06-07, 2021-02-25
1, 1, 2021-04-30, NULL
28, 17, 2022-04-13, 2023-01-10
143, 18, 2021-10-14, 2022-01-18
129, 11, 2017-08-19, 2018-09-14
16, 9, 2020-07-15, 2020-10-04
117, 17, 2016-09-14, 2017-03-20
37, 29, 2019-03-31, 2020-07-19
23, 12, 2018-02-28, 2018-10-18
98, 13, 2022-05-30, 2023-03-31
90, 23, 2019-02-23, 2020-06-19
136, 4, 2018-05-31, 2018-08-31
155, 15, 2020-06-16, 2021-06-12
199, 24, 2022-01-29, 2022-05-12
60, 25, 2022-03-31, 2023-06-01
46, 15, 2020-04-16, 2021-02-04
114, 13, 2015-01-25, 2015-02-09
77, 17, 2019-03-03, 2019-04-16
115, 26, 2015-02-21, 2016-06-06
34, 15, 2022-04-30, 2023-03-12
135, 7, 2018-09-06, 2018-09-19
129, 30, 2018-10-29, 2019-08-31
54, 29, 2019-05-01, 2020-04-20
44, 4, 2015-04-03, 2015-08-10
93, 28, 2021-06-17, 2021-10-19
12, 10, 2015-08-22, 2015-11-08
45, 14, 2018-12-27, 2019-08-08
196, 14, 2022-03-04, 2022-03-25
90, 11, 2023-05-11, 2023-11-22
41, 5, 2016-02-21, 2017-03-07
193, 28, 2023-02-08, 2023-06-18
38, 12, 2023-03-19, 2024-02-19
61, 9, 2017-09-29, 2018-08-14
41, 28, 2018-08-05, 2019-10-20
101, 27, 2022-08-03, 2023-07-29
96, 3, 2019-12-14, 2021-02-20
3, 13, 2019-04-03, 2019-11-20
134, 4, 2020-05-09, 2021-08-05
39, 22, 2021-10-08, 2021-10-19
142, 21, 2015-02-13, NULL
185, 15, 2021-08-25, 2021-08-28
198, 24, 2015-03-28, NULL
160, 8, 2015-02-18, 2016-04-09
199, 14, 2019-05-15, 2019-06-13
67, 13, 2017-11-20, NULL
141, 12, 2017-12-21, 2018-11-28
168, 10, 2021-04-13, 2022-07-13
77, 24, 2021-01-07, 2021-03-09
44, 3, 2022-02-04, 2022-08-18
200, 4, 2015-10-09, 2016-12-03
119, 28, 2020-02-08, 2020-05-03
146, 19, 2017-08-28, 2017-11-08
7, 29, 2018-04-25, 2019-03-03
11, 30, 2015-04-27, 2015-08-20
74, 21, 2018-01-24, 2018-08-17
197, 27, 2023-05-11, 2023-11-29
9, 6, 2019-08-29, 2020-01-01
145, 30, 2015-10-17, 2016-10-11
102, 28, 2022-11-06, 2023-05-15
76, 14, 2018-07-29, 2019-06-06
46, 23, 2018-09-03, 2019-03-23
126, 12, 2017-05-17, 2017-10-07
199, 7, 2016-12-04, 2017-04-04
113, 14, 2018-12-21, 2019-11-11
113, 15, 2020-11-30, 2021-03-11
132, 4, 2019-03-09, 2020-05-19
26, 28, 2021-07-15, 2022-10-22
52, 20, 2020-11-13, 2021-03-27
17, 25, 2020-05-11, 2021-07-13
153, 18, 2018-07-19, 2018-10-20
49, 22, 2019-07-23, 2020-07-17
167, 26, 2020-04-07, 2020-07-10
182, 2, 2015-10-04, 2016-03-22
85, 2, 2017-11-20, 2018-09-24
93, 23, 2017-08-05, 2018-03-27
179, 3, 2022-04-04, 2022-06-04
83, 6, 2017-02-07, 2018-05-13
162, 13, 2017-01-02, 2017-11-13
50, 10, 2021-09-12, NULL
155, 9, 2022-09-23, 2023-05-04
161, 18, 2021-08-22, 2021-12-09
116, 6, 2020-02-03, 2020-09-26
131, 4, 2017-02-11, 2017-06-28
194, 22, 2018-09-24, 2019-04-19
175, 19, 2016-11-07, 2017-05-10
199, 9, 2021-08-16, 2022-07-15
130, 14, 2022-10-17, 2023-11-08
152, 22, 2020-01-23, 2020-06-18
46, 5, 2020-08-05, 2021-01-10
64, 27, 2021-06-12, 2022-05-19
84, 22, 2017-06-05, 2018-07-02
146, 4, 2017-12-27, NULL
65, 3, 2021-06-09, 2021-10-02
108, 25, 2015-08-30, 2016-12-17
35, 21, 2021-01-30, 2021-09-29
101, 11, 2023-02-08, 2024-03-27
165, 10, 2017-08-29, 2018-03-12
183, 21, 2016-02-03, 2016-07-27
61, 14, 2017-11-16, 2018-04-26
144, 27, 2022-12-29, NULL
94, 15, 2017-02-02, 2017-03-25
87, 13, 2018-04-25, 2018-10-03
84, 23, 2017-10-13, 2018-05-05
129, 3, 2015-12-14, 2017-04-02
121, 24, 2019-03-31, 2020-05-01
40, 17, 2019-10-19, 2020-02-17
188, 1, 2022-09-21, 2023-10-05
97, 20, 2020-11-05, 2022-03-06
185, 24, 2018-07-13, 2018-09-09
25, 1, 2015-05-12, 2015-09-08
123, 19, 2020-07-03, 2020-10-11
196, 7, 2020-06-23, 2021-05-25
37, 9, 2023-02-10, 2024-05-31
46, 8, 2020-04-18, 2020-12-28
105, 6, 2020-01-10, 2021-04-06
33, 3, 2019-08-10, 2020-05-21
94, 9, 2020-02-26, 2020-09-29
39, 19, 2017-09-13, 2018-02-11
80, 16, 2023-01-14, 2024-04-29
47, 16, 2022-06-27, 2023-02-25
92, 4, 2019-07-05, 2020-01-04
86, 22, 2016-03-05, 2016-12-15
129, 16, 2023-04-17, NULL
6, 1, 2019-07-31, 2020-09-13
34, 12, 2019-04-12, 2020-04-26
151, 2, 2018-03-30, 2019-07-06
133, 24, 2023-02-25, 2023-05-02
115, 29, 2017-04-15, NULL
85, 29, 2019-04-16, 2020-02-28
52, 14, 2018-09-02, 2019-08-10
66, 13, 2019-04-17, 2019-11-17
17, 25, 2016-09-26, 2017-06-26
99, 6, 2015-09-03, 2016-12-10
40, 1, 2020-03-10, 2021-03-03
134, 19, 2021-04-25, 2022-03-19
68, 29, 2022-02-10, 2022-03-16
192, 27, 2016-03-23, 2017-04-18
161, 22, 2018-08-18, 2019-06-14
6, 17, 2015-11-14, 2015-11-22
76, 30, 2021-08-03, 2022-11-15
180, 21, 2021-11-13, 2022-02-08
155, 17, 2021-07-30, 2022-12-10
3, 27, 2021-10-25, 2021-11-26
190, 21, 2019-02-13, 2020-05-30
191, 6, 2017-09-08, 2018-09-27
86, 5, 2020-06-06, 2021-03-28
143, 22, 2017-06-17, 2018-04-17
55, 15, 2021-10-17, NULL
165, 20, 2023-03-16, 2023-12-23
78, 18, 2023-05-01, 2023-06-04
129, 18, 2019-11-07, NULL
5, 19, 2017-08-30, 2018-12-12
83, 9, 2015-01-17, 2015-11-11
35, 14, 2016-08-25, 2017-09-18
45, 26, 2023-04-03, 2024-04-05
147, 17, 2020-05-09, 2020-06-02
140, 20, 2022-06-09, 2022-10-21
77, 26, 2020-09-20, NULL
83, 23, 2015-09-16, 2016-11-14
96, 8, 2018-02-11, 2018-07-18
155, 7, 2022-04-28, NULL
190, 19, 2022-06-30, 2022-12-01
195, 21, 2016-02-22, 2016-07-06
151, 30, 2018-02-07, 2018-08-20
114, 12, 2022-03-18, 2023-05-21
99, 22, 2019-10-07, 2020-03-06
30, 11, 2016-11-10, 2018-02-17
115, 22, 2021-01-02, 2022-01-18
6, 13, 2019-12-12, 2020-06-06
100, 4, 2016-09-23, 2017-11-13
44, 19, 2022-08-11, 2023-02-18
49, 23, 2021-10-09, 2023-02-15
28, 9, 2018-08-12, 2019-02-01
196, 8, 2017-08-26, 2018-10-18
66, 26, 2015-11-24, 2016-11-29
83, 3, 2020-03-04, 2020-08-09
25, 2, 2022-11-05, 2022-11-21
52, 13, 2018-07-14, 2019-06-08
73, 10, 2017-06-03, 2018-06-01
26, 22, 2016-08-26, 2017-09-29
94, 13, 2017-07-11, NULL
101, 29, 2021-12-04, 2022-06-03
34, 13, 2017-01-05, 2018-04-19
148, 8, 2019-02-01, 2019-06-10
59, 3, 2020-03-02, 2020-05-12
157, 10, 2015-02-28, 2015-07-17
162, 28, 2022-06-15, 2022-11-16
99, 18, 2016-12-06, 2017-05-15
137, 18, 2016-05-15, 2016-07-22
186, 7, 2021-01-29, 2021-02-03
192, 27, 2015-12-06, 2016-12-11
56, 17, 2020-01-04, 2020-07-07
178, 14, 2019-07-29, NULL
107, 24, 2023-01-09, 2023-06-28
155, 8, 2017-10-29, 2018-02-06
102, 20, 2018-01-30, 2018-08-06
132, 2, 2016-12-30, 2017-12-02
33, 5, 2021-01-27, 2022-01-03
24, 15, 2023-01-28, 2023-05-12
95, 9, 2016-01-28, 2017-03-15
152, 25, 2022-06-14, 2023-06-11
94, 5, 2017-02-24, 2018-02-12
71, 17, 2018-03-01, 2018-08-18
68, 7, 2022-01-24, 2022-10-26
57, 18, 2019-06-05, 2020-05-01
193, 8, 2016-03-28, 2016-06-26
62, 8, 2019-12-04, 2020-06-03
176, 15, 2017-03-17, 2018-05-18
86, 15, 2021-04-06, 2022-02-07
35, 24, 2019-03-03, 2020-06-20
62, 21, 2020-04-22, 2021-05-15
144, 1, 2022-03-29, 2022-04-17
43, 1, 2023-04-21, 2023-07-10
159, 14, 2016-06-29, 2016-08-18
169, 1, 2019-07-07, 2020-04-16
117, 11, 2018-08-07, 2018-08-20
118, 15, 2018-03-01, 2018-11-04
88, 2, 2017-11-11, 2018-06-25
83, 9, 2022-09-06, 2023-07-22
192, 9, 2016-03-13, 2016-03-27
35, 4, 2020-03-31, 2021-06-08
18, 2, 2021-07-10, 2021-09-03
5, 26, 2023-05-24, 2023-12-12
132, 5, 2019-05-14, 2020-06-07
26, 25, 2017-12-06, 2018-03-02
185, 2, 2016-12-23, 2017-12-08
42, 8, 2016-07-01, NULL
131, 14, 2015-02-22, 2015-08-30
178, 7, 2020-12-17, 2021-08-01
109, 17, 2016-10-23, 2017-10-19
79, 20, 2016-06-26, 2016-10-04
65, 12, 2023-01-20, 2023-04-25
156, 18, 2016-12-18, 2017-11-29
133, 10, 2019-01-21, NULL
48, 27, 2016-10-24, 2017-01-27
12, 6, 2022-03-29, NULL
197, 6, 2022-01-09, NULL
173, 10, 2018-12-06, 2019-09-16
152, 11, 2018-01-02, 2018-02-16
99, 1, 2015-11-15, 2016-12-17
68, 3, 2017-02-08, 2017-03-14
73, 27, 2019-05-23, 2020-06-23
163, 6, 2020-12-14, 2021-07-27
162, 4, 2017-07-24, 2017-10-26
3, 8, 2016-10-28, 2017-11-09
124, 13, 2015-03-21, 2015-03-31
172, 5, 2022-01-15, 2022-09-13
156, 21, 2019-09-02, 2019-09-13
122, 11, 2023-02-17, 2023-10-06
97, 3, 2017-01-29, 2017-08-27
84, 21, 2015-02-09, 2015-06-19
155, 25, 2016-10-10, 2017-03-28
58, 16, 2020-04-29, 2020-08-07
155, 7, 2016-12-23, 2017-07-23
6, 1, 2017-01-16, 2018-03-24
26, 30, 2015-12-24, 2016-03-22
192, 9, 2017-07-11, NULL
156, 7, 2019-10-06, 2019-10-17
88, 19, 2016-10-06, 2017-10-10
105, 3, 2022-04-16, 2023-06-30
161, 5, 2019-03-03, 2019-10-24
8, 17, 2023-03-26, 2023-07-14
43, 25, 2016-10-13, 2017-07-30
97, 1, 2017-09-21, 2017-11-09
17, 30, 2019-05-22, 2020-01-09
15, 8, 2015-09-29, 2017-02-01
180, 29, 2022-02-15, 2022-12-22
70, 5, 2020-03-26, 2020-09-11
102, 26, 2017-05-18, 2018-07-10
117, 14, 2017-03-31, 2017-10-03
106, 11, 2022-04-09, 2022-09-26
132, 25, 2019-12-24, 2020-07-18
14, 16, 2020-07-11, 2021-07-09
200, 21, 2020-09-03, 2021-04-24
7, 23, 2018-12-06, 2019-01-13
96, 2, 2015-12-16, 2016-05-31
110, 19, 2023-03-28, 2024-01-18
89, 14, 2021-07-29, 2021-12-18
92, 28, 2020-10-28, 2021-12-25
43, 12, 2017-04-15, 2017-12-03
159, 14, 2015-01-10, NULL
188, 27, 2021-03-08, 2021-06-21
154, 10, 2019-12-03, 2021-01-13
144, 12, 2017-07-07, 2018-11-10
57, 4, 2021-02-04, 2022-02-24
131, 10, 2017-10-27, 2018-09-20
49, 10, 2017-01-07, NULL
155, 27, 2021-03-23, 2022-01-18
194, 22, 2021-07-01, 2022-03-17
199, 25, 2019-10-31, 2020-03-11
182, 19, 2021-11-09, NULL
87, 27, 2022-04-15, 2022-10-20
140, 26, 2017-11-27, 2018-04-23
9, 22, 2021-11-08, 2022-10-18
132, 15, 2022-03-17, 2022-09-22
59, 22, 2017-01-22, 2018-02-23
31, 22, 2018-07-03, 2018-08-28
106, 13, 2017-12-20, 2018-08-19
144, 2, 2017-01-14, 2017-03-14
81, 25, 2019-03-03, 2019-11-09
142, 14, 2020-06-26, 2021-02-03
26, 19, 2015-07-16, 2016-05-27
101, 11, 2018-05-08, 2018-12-26
170, 28, 2023-02-22, 2024-03-20
68, 1, 2017-05-19, 2017-09-24
197, 17, 2019-04-23, 2020-01-23
111, 27, 2018-07-11, 2018-10-19
124, 12, 2015-07-08, 2015-09-21
150, 9, 2022-08-01, 2022-09-30
21, 29, 2015-09-23, 2015-12-27
78, 21, 2016-01-04, 2016-11-02
9, 16, 2019-08-23, 2019-09-21
58, 9, 2022-08-12, 2023-10-08
49, 24, 2022-10-18, 2023-01-26
153, 25, 2022-06-14, 2023-01-17
49, 3, 2021-04-04, 2021-11-13
92, 15, 2018-07-10, 2019-05-25
36, 24, 2022-10-06, 2023-01-17
68, 18, 2019-10-18, 2019-12-06
35, 20, 2022-06-01, NULL
84, 4, 2020-01-24, 2020-04-24
180, 17, 2019-04-18, 2020-01-25
173, 7, 2015-12-29, NULL
113, 30, 2018-07-21, 2019-01-04
20, 30, 2019-04-21, NULL
103, 14, 2020-08-17, 2021-06-29
64, 30, 2016-10-08, 2017-04-29
71, 27, 2020-01-24, 2020-08-14
27, 12, 2022-05-25, 2023-02-16
71, 28, 2018-11-21, 2019-03-13
140, 23, 2018-03-14, 2018-03-31
78, 7, 2018-03-21, 2019-03-24
16, 20, 2017-03-14, 2017-08-16
116, 10, 2020-11-20, 2021-02-22
2, 2, 2020-05-24, 2021-07-07
193, 17, 2017-07-29, 2018-03-16
2, 18, 2020-10-13, 2021-06-10
135, 27, 2020-02-28, 2020-11-25
54, 17, 2015-02-02, 2015-05-12
87, 14, 2018-06-16, 2018-10-29
153, 27, 2021-10-01, 2022-09-06
66, 27, 2017-05-05, 2018-05-28
60, 7, 2016-09-16, NULL
48, 1, 2021-02-04, 2021-05-16
67, 22, 2018-06-21, 2019-04-19
105, 25, 2018-11-27, 2020-02-01
150, 22, 2019-02-20, 2019-10-17
51, 12, 2023-03-16, NULL
48, 3, 2022-05-02, 2023-01-16
136, 16, 2015-12-06, 2016-08-06
145, 22, 2022-08-12, 2023-01-09
93, 11, 2020-02-18, 2020-05-10
102, 9, 2021-07-06, NULL
28, 22, 2015-04-08, 2016-03-12
189, 22, 2017-07-04, 2018-05-04
145, 13, 2017-09-20, 2018-09-22
79, 26, 2015-01-23, 2015-04-04
87, 1, 2018-11-09, 2019-03-10
127, 4, 2020-06-25, 2021-09-21
77, 22, 2021-09-08, 2022-05-01
97, 18, 2015-08-04, NULL
101, 29, 2020-10-10, 2021-07-14
65, 29, 2021-01-12, 2021-03-06
95, 17, 2018-07-28, NULL
78, 11, 2020-02-28, 2020-08-09
89, 16, 2015-09-12, 2016-08-29
83, 6, 2022-05-31, 2022-06-15
173, 24, 2021-02-04, NULL
197, 29, 2022-11-08, 2023-05-14
128, 6, 2015-07-12, 2015-12-30
117, 8, 2020-11-26, 2021-01-30
108, 5, 2019-07-20, 2020-09-06
186, 18, 2018-09-20, 2018-12-11
90, 24, 2016-05-25, NULL
43, 29, 2017-03-08, 2018-02-06
71, 26, 2016-01-29, 2016-10-09
150, 28, 2016-05-08, 2016-11-03
136, 29, 2016-11-03, 2016-12-08
169, 19, 2019-05-26, 2019-06-29
8, 28, 2021-07-07, 2022-01-28
36, 10, 2021-04-03, 2021-08-15
56, 1, 2022-07-05, 2022-11-05
121, 3, 2017-01-14, 2017-05-21
147, 9, 2015-02-20, 2015-03-24
60, 3, 2021-09-20, NULL
33, 1, 2018-05-29, NULL
76, 28, 2023-03-29, 2023-06-10
26, 20, 2015-09-23, 2016-07-25
145, 5, 2021-07-24, 2022-03-30
194, 8, 2021-12-05, 2023-02-26
105, 13, 2020-04-03, 2020-09-01
54, 13, 2019-10-11, 2019-12-25
60, 5, 2017-06-19, 2017-10-24
102, 11, 2020-02-26, NULL
148, 22, 2021-10-01, 2022-12-05
177, 4, 2022-05-06, 2022-09-13
147, 5, 2018-06-23, 2018-11-22
73, 13, 2018-01-23, 2018-02-06
144, 14, 2020-11-13, 2022-01-06
84, 29, 2015-08-28, NULL
8, 6, 2015-10-09, NULL
13, 24, 2016-09-20, 2016-12-20
38, 30, 2021-12-25, 2023-03-18
38, 23, 2021-01-23, 2021-03-03
61, 5, 2023-03-15, 2024-03-15
31, 11, 2018-08-10, 2018-11-22
18, 16, 2019-06-02, 2020-04-13
152, 18, 2015-12-01, 2015-12-08
186, 21, 2021-06-04, 2022-01-06
153, 13, 2015-02-03, 2015-12-13
110, 7, 2020-02-20, 2020-07-12
120, 8, 2018-07-31, 2019-10-10
180, 6, 2016-01-24, 2016-02-23
134, 5, 2021-07-01, 2022-06-05
154, 30, 2022-03-23, 2022-11-15
150, 29, 2020-01-07, NULL
80, 13, 2020-02-01, 2020-05-22
93, 30, 2019-05-14, NULL
110, 29, 2022-01-03, 2023-02-13
40, 16, 2019-03-27, 2020-04-13
20, 12, 2017-04-03, 2018-07-30
114, 15, 2019-06-13, 2019-07-08
53, 11, 2016-01-02, 2016-06-14
93, 7, 2020-10-24, 2021-04-19
58, 7, 2021-10-03, 2022-04-24
125, 17, 2016-08-20, 2017-07-10
155, 23, 2023-03-21, 2024-03-04
184, 24, 2021-08-17, 2021-12-14
43, 17, 2017-08-10, 2018-04-20
172, 12, 2019-07-14, 2019-07-16
111, 10, 2017-07-05, 2017-10-04
182, 6, 2016-12-21, 2017-09-01
58, 29, 2021-06-07, 2022-05-03
179, 27, 2017-11-18, NULL
187, 17, 2021-03-07, NULL
119, 25, 2020-11-16, 2022-02-02
132, 24, 2017-10-01, 2018-09-05
102, 23, 2016-01-14, 2017-02-09
24, 16, 2015-02-20, 2015-11-20
154, 7, 2019-02-27, 2019-07-30
16, 18, 2020-05-23, 2021-03-06
184, 5, 2015-09-15, 2017-01-19
75, 11, 2016-12-25, 2017-05-30
45, 30, 2016-08-18, 2017-04-13
138, 20, 2020-03-09, 2021-05-13
153, 3, 2016-06-08, 2017-01-05
192, 19, 2021-03-03, 2022-04-02
172, 11, 2016-02-20, NULL
6, 14, 2021-05-30, 2021-06-28
151, 3, 2022-03-24, 2023-05-25
166, 28, 2017-08-17, 2017-08-26
42, 14, 2023-04-07, 2023-07-24
154, 9, 2017-12-28, 2019-01-06
2, 27, 2016-05-13, 2017-07-27
118, 15, 2022-06-06, 2022-06-13
61, 6, 2021-07-11, 2022-09-11
25, 15, 2020-01-31, 2021-02-14
8, 4, 2021-03-18, 2021-05-12
6, 1, 2016-12-21, 2017-02-05
4, 19, 2021-02-06, 2021-03-08
66, 10, 2016-02-29, 2016-09-18
179, 14, 2015-11-24, 2017-02-11
41, 23, 2018-05-20, 2018-08-08
117, 13, 2019-01-19, 2019-05-19
197, 9, 2015-01-12, 2016-02-11
108, 5, 2023-03-24, 2023-08-20
65, 30, 2023-03-20, 2023-07-27
128, 24, 2017-04-28, 2018-07-08
99, 10, 2018-12-23, 2019-06-22
25, 2, 2017-03-11, 2017-07-17
9, 11, 2015-10-05, 2015-12-29
172, 15, 2022-10-28, 2024-01-02
188, 10, 2020-08-30, 2021-01-02
86, 1, 2018-07-16, 2019-03-21
85, 12, 2017-10-27, 2017-11-24
94, 18, 2018-03-23, 2018-05-02
130, 16, 2016-11-17, 2016-11-29
15, 13, 2022-11-28, 2023-04-30
164, 28, 2019-08-07, 2020-02-16
85, 6, 2021-09-28, 2022-06-10
99, 23, 2017-08-13, 2017-11-25
17, 29, 2021-12-01, 2022-09-26
174, 28, 2022-04-20, 2022-09-14
49, 26, 2021-09-08, 2022-02-04
105, 18, 2022-07-30, 2023-04-13
60, 18, 2017-04-05, 2018-03-15
190, 6, 2022-06-03, 2023-01-22
89, 28, 2017-05-08, 2018-02-25
133, 15, 2015-11-15, 2016-01-31
175, 13, 2021-08-28, 2022-10-01
125, 6, 2021-06-29, 2022-07-23
39, 24, 2023-04-16, 2024-05-09
188, 4, 2017-02-14, 2018-03-29
41, 20, 2022-08-20, 2023-10-15
26, 25, 2017-02-28, 2017-05-13
32, 5, 2018-07-07, 2019-06-03
78, 6, 2020-02-27, NULL
27, 1, 2020-04-01, 2021-01-25
139, 5, 2015-05-15, 2015-08-30
107, 23, 2020-05-09, 2020-09-11
18, 7, 2021-11-15, 2022-04-06
66, 8, 2018-05-12, 2018-10-10
75, 21, 2021-09-14, 2022-09-10
157, 10, 2018-04-28, 2018-07-26
154, 11, 2017-02-18, 2017-02-26
137, 21, 2018-06-01, 2019-07-04
74, 15, 2023-03-17, 2023-12-15
170, 22, 2022-12-07, 2023-06-10
12, 22, 2022-08-08, 2022-10-01
70, 28, 2021-09-21, 2022-12-08
174, 4, 2020-11-10, 2022-01-01
6, 7, 2015-03-30, 2016-02-20
182, 26, 2020-04-30, 2020-08-01
33, 14, 2019-06-30, 2019-09-05
152, 11, 2021-01-22, 2021-06-22
39, 1, 2022-11-09, 2023-07-07
165, 14, 2018-04-09, 2018-10-07
114, 27, 2015-11-13, 2016-11-17
103, 19, 2021-01-05, 2022-03-16
123, 2, 2017-05-23, NULL
15, 16, 2017-09-14, 2018-07-13
118, 1, 2021-03-22, 2022-06-03
11, 11, 2017-10-28, 2018-09-02
193, 29, 2020-08-12, 2021-02-03
81, 22, 2018-06-29, 2019-08-17
114, 9, 2022-03-15, NULL
60, 7, 2018-11-14, 2019-02-22
51, 3, 2021-05-11, 2021-10-29
48, 26, 2022-06-23, 2022-10-08
61, 23, 2020-12-02, 2021-03-03
45, 10, 2019-06-10, 2020-03-26
35, 11, 2016-07-14, 2016-10-15
85, 30, 2017-08-01, 2018-04-02
62, 14, 2020-02-13, 2021-03-26
136, 18, 2015-08-19, 2015-09-12
67, 17, 2015-06-05, 2016-01-31
122, 7, 2016-02-28, 2017-03-26
163, 30, 2018-10-22, NULL
66, 15, 2015-12-31, 2016-06-16
47, 19, 2017-07-16, 2018-03-06
48, 13, 2023-02-19, 2023-03-27
174, 12, 2017-03-23, 2018-01-31
77, 12, 2017-05-07, 2017-07-19
185, 13, 2017-01-01, 2017-07-06
105, 23, 2018-01-15, 2018-09-21
92, 11, 2015-08-02, 2015-12-02
173, 30, 2016-08-13, 2017-07-27
179, 1, 2015-06-20, 2016-08-08
56, 16, 2015-02-11, NULL
70, 20, 2019-09-05, 2019-12-28
118, 3, 2022-01-03, 2022-10-23
49, 15, 2018-11-29, 2019-10-16
177, 24, 2022-03-06, 2022-10-23
77, 13, 2017-02-26, 2017-02-27
194, 22, 2022-11-25, 2023-04-16
147, 21, 2017-01-02, 2017-01-24
168, 10, 2022-08-05, 2023-09-10
125, 30, 2022-05-04, NULL
122, 8, 2015-03-07, 2016-07-17
33, 4, 2016-07-20, 2017-11-10
92, 7, 2020-03-21, 2021-03-25
8, 10, 2020-03-27, 2021-07-01
153, 18, 2019-11-10, 2020-04-08
11, 11, 2018-04-04, 2018-12-18
116, 9, 2019-02-04, 2019-10-16
191, 13, 2016-01-09, 2016-12-28
121, 21, 2019-02-06, NULL
145, 9, 2019-06-09, 2019-12-22
103, 14, 2020-11-26, 2021-09-10
147, 4, 2017-05-09, 2018-02-16
100, 16, 2019-09-29, 2020-11-19
117, 7, 2019-09-05, 2020-01-30
100, 14, 2017-05-29, 2017-08-14
117, 23, 2015-07-14, 2016-06-29
28, 21, 2021-02-14, 2022-04-15
103, 3, 2020-10-19, 2020-11-04
38, 1, 2019-12-04, 2020-08-06
128, 29, 2015-03-25, 2015-08-09
133, 6, 2016-03-28, 2017-07-06
152, 10, 2021-10-04, 2022-03-18
137, 20, 2021-04-15, 2022-02-20
141, 17, 2015-06-01, 2016-09-17
166, 19, 2019-03-12, 2020-03-15
152, 29, 2015-09-15, 2015-10-26
166, 23, 2016-09-10, NULL
106, 3, 2020-08-29, 2020-12-16
160, 25, 2015-03-26, 2016-03-29
99, 20, 2017-12-11, 2019-02-23
166, 12, 2018-03-08, 2019-01-21
180, 23, 2015-07-07, 2015-10-30
165, 28, 2019-04-22, 2020-03-05
28, 15, 2021-05-31, 2021-10-21
179, 9, 2021-09-02, 2022-06-16
77, 24, 2022-02-21, 2022-04-17
68, 29, 2017-10-17, NULL
37, 12, 2017-02-22, 2017-08-25
160, 5, 2022-05-18, 2022-10-17
79, 8, 2020-01-11, 2020-07-02
67, 23, 2021-03-21, 2022-05-24
127, 16, 2019-08-12, 2020-06-16
68, 9, 2022-12-01, 2023-12-03
42, 8, 2017-10-03, 2018-02-09
69, 30, 2017-03-27, 2018-07-21
51, 11, 2016-09-03, 2017-08-05
175, 24, 2017-03-28, 2018-04-04
182, 11, 2016-07-29, 2017-12-06
36, 3, 2021-02-07, 2021-04-19
135, 11, 2017-06-14, 2018-01-07
156, 20, 2019-08-02, 2020-09-10
140, 6, 2015-04-13, 2015-08-21
107, 29, 2015-03-20, 2015-08-11
22, 20, 2015-02-10, 2015-11-27
54, 26, 2015-09-27, 2015-11-16
82, 30, 2020-07-30, 2020-09-28
8, 10, 2021-06-14, 2021-09-04
16, 4, 2016-06-08, 2016-06-25
24, 17, 2023-02-11, 2024-01-01
177, 23, 2017-08-29, 2018-12-18
170, 22, 2022-07-08, 2023-09-29
132, 25, 2022-08-29, 2022-09-30
162, 20, 2023-03-22, 2024-05-31
72, 27, 2016-01-06, 2017-04-29
23, 18, 2018-03-10, NULL
78, 22, 2020-03-13, 2020-10-26
198, 1, 2017-02-16, 2017-02-22
175, 13, 2017-09-26, 2018-01-14
125, 2, 2018-03-01, 2018-08-20
140, 13, 2015-07-13, 2015-11-21
101, 18, 2021-02-18, 2021-11-10
143, 28, 2015-02-17, 2015-10-02
1, 2, 2020-09-15, 2021-10-22
127, 18, 2015-08-01, NULL
149, 6, 2017-07-25, 2017-12-20
176, 18, 2023-02-11, 2024-05-06
139, 22, 2018-02-25, 2019-06-25
34, 17, 2017-11-02, 2018-11-16
108, 8, 2017-10-28, NULL
37, 9, 2022-07-19, 2022-11-27
110, 5, 2021-07-22, 2022-05-03
133, 30, 2020-03-20, 2020-07-05
153, 14, 2016-02-12, 2016-04-18
63, 6, 2017-12-06, 2018-05-16
193, 4, 2018-07-27, 2019-07-04
192, 20, 2020-01-10, 2020-08-30
23, 7, 2022-01-26, 2023-01-12
128, 9, 2021-05-17, 2021-10-16
55, 28, 2018-05-15, 2019-06-26
117, 18, 2022-03-15, 2022-08-28
78, 18, 2021-01-12, 2021-03-02
194, 6, 2018-02-23, 2018-09-25
34, 28, 2021-08-15, 2022-08-19
154, 22, 2023-04-26, 2023-08-03
138, 10, 2018-08-03, 2018-11-13
106, 5, 2023-01-28, 2023-03-16
80, 17, 2018-07-13, 2019-06-13
165, 25, 2016-07-09, 2017-05-14
71, 7, 2020-07-11, 2021-10-10
141, 16, 2016-05-13, 2017-03-21
99, 2, 2019-08-21, 2020-08-03
132, 14, 2018-10-25, 2018-12-27
187, 30, 2019-02-04, 2020-05-31
27, 19, 2015-12-22, 2016-03-31
100, 10, 2021-02-13, 2022-01-17
114, 21, 2022-01-17, 2023-05-28
13, 2, 2021-05-10, 2022-07-04
196, 9, 2015-09-28, 2016-01-29
185, 9, 2023-01-23, 2023-03-18
146, 25, 2022-09-08, 2023-12-21
144, 23, 2022-03-11, 2022-04-30
74, 10, 2018-09-21, NULL
60, 17, 2018-02-22, 2019-01-19
49, 8, 2017-10-15, 2018-04-16
200, 13, 2023-01-14, 2023-06-12
97, 12, 2021-12-13, 2023-03-30
121, 10, 2023-01-13, 2023-07-06
178, 20, 2019-04-04, 2020-03-15
164, 2, 2021-11-10, 2022-06-20
196, 1, 2017-02-26, NULL
121, 5, 2015-08-07, 2016-06-22
132, 22, 2015-01-01, 2015-07-21
190, 30, 2019-05-31, NULL
16, 9, 2015-06-25, 2016-03-30
46, 6, 2021-01-29, 2021-12-14
124, 4, 2020-03-24, 2020-06-30
182, 28, 2015-07-17, 2016-09-13
82, 16, 2015-04-29, 2016-02-21
182, 1, 2019-12-13, 2021-03-11
114, 2, 2017-03-30, 2017-06-22
111, 15, 2021-05-05, 2022-03-29
37, 15, 2022-12-02, 2023-08-23
48, 25, 2023-04-15, 2024-03-28
190, 12, 2016-01-05, 2016-08-18
23, 6, 2019-08-06, 2020-09-29
187, 14, 2022-05-11, 2022-07-18
25, 24, 2017-03-23, 2018-01-10
22, 11, 2016-12-07, 2017-03-20
136, 22, 2017-03-03, 2017-12-17
103, 12, 2017-06-20, 2018-05-03
131, 4, 2018-04-29, 2019-03-13
27, 2, 2017-08-26, 2018-07-30
64, 23, 2019-12-14, 2020-01-14
77, 11, 2019-12-13, 2020-11-24
58, 25, 2022-09-21, NULL
29, 18, 2022-11-29, 2023-04-01
178, 19, 2018-10-11, 2019-08-13
55, 7, 2018-03-10, 2018-08-26
106, 13, 2015-10-05, 2015-12-16
195, 29, 2015-01-01, NULL
54, 25, 2021-11-08, 2022-12-19
160, 6, 2019-02-08, 2020-05-03
108, 14, 2019-12-03, 2021-02-18
30, 5, 2022-02-26, 2022-05-07
132, 2, 2019-03-29, 2020-05-18
165, 12, 2020-08-07, 2021-08-08
198, 6, 2020-05-14, 2021-01-06
23, 9, 2017-12-14, 2018-06-17
139, 14, 2017-03-23, 2017-05-04
100, 5, 2021-08-26, 2022-04-17
87, 26, 2020-01-08, 2020-06-11
59, 20, 2021-03-29, 2022-05-01
152, 15, 2020-11-04, 2021-03-06
109, 10, 2021-09-28, 2022-07-12
74, 14, 2018-02-19, 2018-09-09
157, 23, 2023-01-10, 2023-04-02
7, 11, 2018-09-17, 2019-10-10
142, 5, 2018-12-30, 2020-02-27
99, 29, 2022-02-19, 2023-03-06
87, 13, 2017-02-13, 2017-05-14
165, 11, 2023-01-21, 2023-04-09
65, 25, 2017-09-26, 2018-06-08
19, 28, 2015-02-03, 2015-02-05
141, 10, 2020-01-05, 2020-07-13
36, 22, 2015-09-26, 2016-09-12
188, 5, 2018-05-15, 2019-01-25
109, 9, 2021-03-19, 2022-02-27
69, 17, 2018-03-26, 2019-01-05
118, 15, 2017-04-29, 2018-06-22
124, 28, 2021-02-06, 2021-12-20
84, 3, 2017-08-08, 2018-01-19
33, 19, 2017-06-27, 2018-02-09
87, 9, 2017-04-23, 2017-11-21
150, 22, 2015-09-11, 2015-10-06
36, 6, 2020-01-21, 2020-10-13
95, 19, 2019-06-23, 2019-07-11
52, 21, 2017-03-24, 2018-06-23
24, 2, 2017-12-24, 2018-08-03
64, 30, 2015-08-16, 2015-10-03
17, 21, 2020-05-24, 2020-11-18
43, 4, 2015-07-28, 2015-12-29
12, 20, 2016-02-29, 2017-07-01
101, 10, 2019-12-31, 2020-05-05
182, 17, 2017-03-27, 2017-11-02
108, 5, 2015-10-15, 2016-07-23
108, 25, 2020-08-11, 2020-08-15
154, 9, 2019-06-25, 2019-09-30
190, 12, 2022-05-16, 2023-07-11
200, 1, 2015-08-04, 2016-06-28
131, 7, 2019-08-09, 2020-02-17
168, 2, 2019-05-21, 2020-09-17
180, 26, 2022-08-07, 2023-11-30
41, 4, 2022-07-16, 2022-10-24
8, 17, 2015-07-30, 2016-06-17
146, 7, 2020-11-26, 2021-07-26
11, 5, 2017-08-23, 2018-04-28
172, 26, 2022-03-01, 2023-05-30
158, 5, 2021-11-26, 2022-04-02
158, 21, 2022-03-07, 2022-12-19
119, 18, 2020-06-24, 2021-04-15
48, 30, 2016-12-14, 2017-07-16
14, 22, 2015-02-04, 2015-04-27
174, 17, 2022-08-11, 2023-11-22
118, 11, 2021-01-03, 2022-01-04
159, 27, 2017-01-13, 2017-04-04
200, 6, 2019-06-04, 2020-09-25
176, 15, 2016-08-19, 2017-09-20
81, 11, 2017-02-22, NULL
159, 29, 2019-10-02, 2020-09-01
44, 19, 2021-08-31, 2021-12-08
186, 17, 2020-12-25, 2021-02-08
181, 12, 2015-01-21, 2016-03-27
111, 26, 2021-02-10, 2021-10-13
27, 24, 2018-05-03, NULL
171, 18, 2018-06-01, 2019-07-17
91, 12, 2020-03-20, NULL
64, 8, 2015-07-17, 2016-03-14
173, 17, 2016-10-15, 2017-06-04
184, 26, 2020-02-05, 2020-05-27
101, 15, 2022-04-14, 2023-01-08
180, 8, 2015-06-29, 2015-09-24
143, 22, 2021-11-21, 2022-11-03
65, 9, 2018-02-02, 2018-02-25
17, 10, 2016-03-13, 2017-04-25
103, 29, 2015-11-19, 2016-01-22
107, 2, 2019-06-19, 2019-07-15
186, 1, 2016-12-06, 2018-01-29
194, 9, 2019-08-27, NULL
178, 29, 2022-11-21, 2023-06-24
136, 13, 2020-09-05, 2021-02-26
164, 20, 2020-04-07, NULL
10, 30, 2015-07-05, 2016-09-03
75, 26, 2018-04-07, 2018-12-14
5, 18, 2022-10-01, 2023-12-27
64, 13, 2019-09-01, 2020-04-08
89, 5, 2015-03-09, 2015-05-11
101, 15, 2020-04-21, 2020-11-10
41, 19, 2016-05-20, 2017-07-10
76, 13, 2022-09-03, 2023-09-15
128, 29, 2017-10-25, 2017-11-30
81, 24, 2016-12-13, 2017-10-24
14, 16, 2017-03-05, 2017-08-28
109, 8, 2022-09-09, 2024-01-22
121, 19, 2015-02-13, NULL
128, 1, 2016-11-16, 2017-04-10
38, 16, 2021-11-26, 2022-07-03
156, 11, 2018-09-17, 2018-10-11
106, 5, 2015-05-08, 2016-02-18
63, 6, 2023-01-27, 2023-05-24
156, 11, 2019-08-13, 2020-11-23
24, 21, 2021-05-05, 2022-06-18
198, 20, 2015-12-19, 2016-10-21
14, 5, 2015-05-26, 2016-01-02
184, 1, 2020-09-13, 2021-11-12
113, 2, 2021-12-02, 2022-12-25
143, 17, 2017-10-02, 2019-01-05
165, 20, 2015-09-03, 2015-11-12
15, 30, 2019-05-16, NULL
173, 1, 2018-11-25, 2020-03-12
156, 22, 2019-07-09, 2020-04-07
191, 12, 2015-07-02, 2016-07-28
115, 16, 2016-04-23, 2017-01-13
24, 13, 2020-05-17, 2021-06-12
54, 15, 2022-02-14, 2023-04-29
110, 2, 2021-07-24, NULL
13, 14, 2016-03-27, NULL
164, 23, 2015-02-26, 2016-03-31
173, 11, 2015-12-13, 2017-02-01
29, 2, 2017-06-17, 2018-08-25
162, 1, 2015-01-22, 2016-05-23
76, 15, 2020-04-23, 2020-06-10
87, 22, 2018-10-11, 2019-10-15
171, 26, 2015-04-24, 2016-02-02
68, 30, 2017-04-15, 2017-12-10
39, 2, 2016-12-19, NULL
194, 23, 2021-12-29, 2023-03-25
10, 6, 2017-03-05, 2017-09-11
103, 19, 2020-12-04, 2021-08-17
57, 12, 2019-10-30, 2020-07-09
77, 14, 2015-01-14, 2015-02-21
146, 28, 2016-01-27, 2017-04-09
106, 23, 2022-10-25, 2023-12-30
176, 20, 2017-09-09, 2018-05-02
25, 20, 2016-09-26, 2017-11-02
53, 13, 2018-05-05, NULL
59, 26, 2015-08-20, 2016-08-13
118, 15, 2015-10-12, 2016-01-11
49, 14, 2020-08-14, 2020-12-03
178, 22, 2018-02-09, 2018-10-16
177, 8, 2023-01-21, 2024-01-22
46, 11, 2017-03-01, 2018-04-06
188, 20, 2023-05-10, 2024-06-25
162, 26, 2019-04-16, 2020-04-27
80, 19, 2017-12-27, 2018-10-22
95, 23, 2018-07-04, 2019-06-14
122, 14, 2018-08-23, 2019-10-27
127, 19, 2020-09-14, 2021-09-20
14, 16, 2021-03-26, 2022-02-01
146, 27, 2018-05-10, NULL
189, 21, 2016-01-04, 2016-10-30
116, 13, 2018-07-09, 2018-11-25
188, 16, 2020-07-10, 2021-07-07
55, 27, 2016-11-05, 2018-01-03
66, 13, 2015-03-24, 2015-04-26
124, 4, 2020-01-07, 2020-12-07
70, 6, 2020-10-25, 2022-02-20
110, 6, 2018-06-29, 2019-10-31
31, 15, 2020-11-27, 2021-03-29
161, 5, 2021-08-23, 2022-07-25
93, 12, 2017-11-21, 2018-01-05
189, 17, 2016-06-05, 2016-09-23
169, 27, 2022-11-18, 2023-06-26
17, 13, 2020-08-20, 2021-10-03
124, 23, 2021-11-21, 2023-03-20
50, 2, 2017-04-16, 2017-12-31
146, 27, 2016-04-15, 2017-08-19
28, 12, 2018-03-25, 2019-03-22
113, 29, 2020-05-15, 2020-10-19
178, 3, 2017-01-14, 2018-04-29
193, 18, 2021-06-01, 2022-09-14
198, 14, 2018-10-07, 2019-10-27
165, 13, 2017-03-05, 2018-06-25
158, 28, 2018-02-03, 2018-02-08
87, 5, 2019-07-04, 2020-01-30
40, 28, 2016-05-04, 2017-09-13
51, 22, 2018-07-06, 2019-03-17
198, 1, 2019-02-12, 2019-07-28
64, 13, 2021-04-21, 2022-03-25
57, 27, 2016-11-25, 2017-02-02
191, 28, 2020-11-21, 2021-12-06
64, 25, 2021-01-26, 2021-10-29
128, 19, 2016-03-31, 2017-06-10
28, 28, 2016-02-21, 2016-06-14
16, 28, 2015-10-06, 2016-03-21
89, 14, 2022-11-01, NULL
13, 13, 2015-06-30, 2016-01-28
53, 6, 2016-05-14, 2016-07-10
186, 16, 2016-04-19, 2017-02-01
180, 29, 2022-01-01, NULL
41, 21, 2019-06-29, 2020-07-05
136, 9, 2019-10-31, 2020-08-29
50, 24, 2018-11-17, NULL
73, 6, 2016-04-24, 2017-04-08
160, 18, 2015-02-14, 2016-03-30
89, 8, 2019-07-04, 2019-12-06
109, 9, 2019-12-22, 2020-04-23
146, 18, 2021-09-30, 2022-08-22
41, 5, 2017-05-13, 2017-12-13
72, 30, 2018-03-12, 2018-10-14
98, 27, 2017-02-07, 2018-01-09
127, 13, 2023-01-07, 2024-01-22
163, 24, 2021-04-02, NULL
155, 29, 2021-04-14, 2022-01-30
56, 15, 2016-06-18, 2016-07-31
17, 21, 2019-02-17, 2019-04-25
86, 17, 2023-01-25, 2023-04-09
151, 23, 2020-10-29, NULL
103, 28, 2022-11-03, 2023-02-12
54, 22, 2021-05-04, 2021-06-29
104, 29, 2016-06-30, 2017-02-19
98, 24, 2020-03-02, 2021-01-31
196, 20, 2016-06-29, 2017-08-17
46, 26, 2020-01-13, NULL
132, 11, 2023-01-19, 2023-10-28
113, 9, 2015-12-13, 2016-06-24
62, 30, 2015-12-29, 2016-12-15
164, 18, 2022-03-23, 2022-09-14
13, 20, 2020-10-10, 2021-11-09
6, 6, 2020-08-19, 2021-11-10
4, 7, 2019-03-31, 2020-05-01
193, 20, 2022-02-23, NULL
54, 19, 2023-02-27, 2023-07-24
144, 22, 2015-04-13, 2016-05-19
118, 9, 2023-05-04, 2023-09-14
29, 14, 2018-04-19, 2019-01-19
125, 28, 2019-07-17, 2020-01-23
79, 2, 2022-09-04, 2023-03-30
170, 27, 2022-09-24, 2023-10-03
45, 1, 2015-06-15, 2015-10-30
118, 24, 2017-01-16, 2017-02-18
128, 12, 2015-06-03, 2016-04-15
27, 21, 2022-06-09, 2023-05-22
27, 11, 2020-06-22, NULL
41, 11, 2017-10-20, 2018-07-12
118, 11, 2015-09-27, 2016-02-19
1, 26, 2015-11-04, 2015-12-26
25, 14, 2021-07-09, NULL
182, 10, 2021-02-21, 2021-06-02
143, 27, 2015-03-10, 2015-07-01
177, 16, 2018-09-25, 2019-02-20
72, 4, 2015-11-04, NULL
145, 7, 2017-05-04, 2017-07-01
157, 4, 2017-12-04, NULL
3, 29, 2018-05-03, 2019-04-06
165, 29, 2015-12-09, 2016-02-12
144, 12, 2021-09-30, 2021-12-07
189, 2, 2020-10-23, 2021-08-09
184, 2, 2020-04-05, 2021-06-28
12, 14, 2023-05-05, NULL
18, 2, 2017-02-19, 2017-05-26
172, 29, 2019-08-12, 2020-11-18
94, 13, 2017-12-15, 2018-08-25
130, 26, 2018-01-01, 2018-09-15
127, 5, 2016-03-09, 2017-07-05
40, 28, 2020-02-03, 2020-02-27
85, 23, 2023-05-20, 2023-10-14
90, 7, 2021-05-13, 2022-05-10
178, 23, 2023-03-01, 2023-09-06
4, 23, 2020-02-16, 2021-04-28
171, 10, 2021-07-04, 2021-11-09
139, 3, 2015-03-27, 2015-07-18
168, 22, 2017-10-15, 2018-12-07
35, 2, 2019-10-31, 2021-02-10
76, 20, 2020-05-25, 2021-08-14
130, 25, 2020-04-13, 2021-06-15
62, 20, 2021-06-20, 2022-02-20
63, 11, 2022-12-06, 2023-11-10
108, 29, 2022-10-22, 2023-07-16
146, 11, 2021-05-04, 2022-06-03
99, 18, 2021-05-18, 2022-06-23
70, 8, 2018-12-21, 2019-06-03
166, 8, 2018-07-24, NULL
8, 20, 2021-12-25, 2023-04-15
22, 3, 2022-08-08, 2022-10-31
146, 21, 2017-05-10, 2018-07-13
192, 16, 2016-06-08, 2016-07-01
159, 25, 2015-09-17, 2016-07-10
122, 27, 2015-12-06, 2016-04-08
29, 5, 2019-04-09, 2020-01-23
111, 29, 2016-02-26, 2016-05-24
93, 7, 2015-07-09, 2016-02-26
93, 19, 2019-11-18, 2020-09-13
140, 21, 2017-06-24, 2018-02-25
116, 14, 2016-07-15, 2017-01-05
165, 15, 2022-07-24, 2022-07-27
166, 3, 2016-04-03, 2016-04-30
67, 8, 2016-11-06, 2017-10-10
129, 30, 2022-01-18, 2022-11-14
107, 21, 2016-11-30, 2018-02-24
155, 25, 2017-05-10, 2017-07-04
114, 13, 2021-02-15, 2022-03-18
125, 24, 2020-09-22, 2021-08-22
54, 4, 2020-12-25, 2022-01-08
142, 11, 2015-11-08, 2016-07-28
111, 3, 2021-02-24, 2021-08-11
46, 15, 2021-01-29, 2022-06-01
123, 21, 2018-03-02, 2018-08-04
128, 15, 2018-01-16, 2019-04-02
198, 24, 2017-01-30, 2017-02-04
83, 10, 2021-01-01, 2022-02-05
99, 26, 2016-10-03, 2017-08-03
27, 2, 2019-06-19, 2020-07-12
126, 11, 2018-07-20, 2018-10-01
9, 3, 2022-02-25, 2023-03-09
85, 25, 2022-07-15, NULL
81, 24, 2020-12-03, 2021-01-25
178, 8, 2022-03-12, 2023-02-18
83, 12, 2015-04-24, 2016-08-01
142, 1, 2021-10-21, 2022-03-28
119, 29, 2021-02-21, NULL
102, 28, 2017-11-01, 2018-06-14
85, 8, 2021-11-10, 2022-09-02
195, 18, 2022-06-26, 2023-01-20
52, 2, 2015-06-06, NULL
161, 23, 2019-07-01, 2019-11-06
138, 4, 2015-11-26, 2016-06-19
135, 5, 2018-02-18, 2018-09-03
148, 23, 2015-02-04, 2015-09-30
66, 16, 2019-09-01, 2021-01-10
125, 20, 2019-11-04, 2020-05-31
144, 9, 2020-03-03, 2020-10-15
46, 23, 2022-01-02, 2022-07-05
198, 1, 2016-09-14, NULL
1, 7, 2015-01-13, 2015-02-24
134, 23, 2022-05-30, 2023-02-20
194, 20, 2015-01-06, 2015-05-20
24, 9, 2016-03-21, 2017-08-03
51, 4, 2016-06-01, NULL
1, 1, 2019-04-03, 2019-09-28
103, 30, 2022-08-28, 2023-06-07
83, 7, 2015-03-01, 2016-06-11
129, 19, 2021-07-24, NULL
150, 4, 2022-04-30, 2023-07-31
119, 21, 2021-07-26, 2022-06-15
22, 29, 2015-01-30, 2016-05-23
44, 11, 2015-04-27, 2016-09-02
163, 23, 2017-01-10, 2017-05-25
167, 28, 2015-12-24, 2016-01-29
121, 28, 2015-09-23, NULL
9, 24, 2015-11-12, NULL
67, 28, 2018-12-15, NULL
41, 10, 2023-05-28, 2023-10-17
41, 3, 2019-06-20, 2019-12-15
91, 7, 2021-08-07, 2022-07-18
60, 30, 2016-04-11, NULL
116, 14, 2020-04-09, 2020-12-13
21, 24, 2022-09-23, 2023-07-29
190, 8, 2021-09-07, 2022-10-08
45, 16, 2016-05-18, NULL
152, 14, 2021-03-25, 2021-05-13
140, 29, 2020-03-31, 2021-06-13
108, 10, 2017-12-25, 2019-04-14
154, 23, 2019-08-28, 2019-10-29
75, 2, 2017-01-23, 2017-09-08
97, 10, 2020-02-10, 2021-06-09
195, 30, 2019-12-11, 2020-10-05
31, 19, 2017-01-01, 2017-10-27
92, 28, 2016-09-10, 2016-10-17
43, 26, 2017-09-14, 2018-11-22
163, 15, 2020-01-06, 2020-08-22
164, 11, 2018-02-06, 2018-03-03
57, 27, 2018-05-23, 2018-06-14
7, 29, 2016-09-16, NULL
72, 10, 2023-04-12, 2024-03-18
114, 22, 2019-05-16, 2019-11-23
5, 23, 2020-11-18, 2021-05-16
127, 3, 2021-05-17, 2021-07-08
163, 20, 2015-11-11, 2016-10-17
61, 4, 2023-04-06, 2024-04-07
112, 24, 2018-04-30, 2018-11-10
8, 29, 2020-03-14, 2020-06-05
23, 11, 2023-05-03, 2024-02-22
194, 6, 2016-12-07, 2017-01-29
22, 7, 2019-02-09, 2019-09-17
44, 28, 2017-11-30, 2018-07-04
174, 24, 2017-01-11, NULL
65, 10, 2017-11-24, 2017-11-28
90, 19, 2019-10-05, 2020-12-11
165, 11, 2015-12-04, 2017-04-03
67, 15, 2016-03-19, 2017-02-18
26, 8, 2018-05-16, 2018-12-26
15, 20, 2018-01-02, 2018-07-07
14, 1, 2021-05-13, NULL
178, 6, 2021-11-22, 2022-04-07
71, 7, 2019-04-15, 2019-07-21
146, 19, 2021-11-06, 2021-12-10
98, 30, 2022-03-12, 2022-08-21
56, 19, 2021-10-24, NULL
2, 4, 2019-03-06, 2020-05-16
94, 1, 2018-05-07, 2019-05-07
170, 20, 2017-08-07, 2018-10-29
144, 2, 2019-04-07, 2020-02-20
74, 8, 2016-09-29, 2017-03-13
174, 19, 2020-07-30, 2021-03-02
172, 1, 2020-04-14, NULL
69, 20, 2021-10-10, 2022-03-01
141, 13, 2022-09-22, 2022-11-03
40, 3, 2015-07-14, 2016-03-19
138, 6, 2019-03-17, 2020-07-29
132, 6, 2022-10-03, 2022-10-31
15, 3, 2015-05-22, 2016-08-01
139, 17, 2022-11-02, NULL
58, 8, 2020-11-23, 2021-05-02
50, 21, 2016-10-27, 2017-05-11
49, 5, 2019-06-07, 2020-01-13
69, 5, 2015-07-05, 2016-07-18
148, 4, 2017-11-09, 2018-02-12
199, 2, 2022-11-04, 2024-01-25
35, 6, 2019-08-11, 2020-09-10
10, 19, 2020-02-28, 2021-05-21
79, 10, 2018-04-05, 2018-06-10
194, 13, 2016-06-05, 2016-10-12
134, 27, 2016-04-11, 2016-08-11
35, 24, 2017-02-02, 2018-04-29
91, 25, 2018-01-16, 2019-02-15
80, 13, 2021-04-15, 2021-10-14
104, 8, 2018-06-29, 2018-09-11
65, 11, 2022-11-10, 2024-02-02
40, 16, 2015-02-27, 2015-08-23
38, 7, 2016-01-20, 2017-03-07
11, 29, 2018-12-16, 2020-01-20
125, 16, 2017-01-16, 2017-02-15
24, 26, 2018-03-05, 2019-01-07
71, 27, 2016-12-19, 2017-09-12
184, 23, 2016-07-23, 2016-08-21
85, 9, 2019-01-12, 2020-05-18
91, 22, 2020-07-16, 2021-01-05
199, 10, 2018-04-10, 2018-05-29
85, 22, 2021-02-09, 2022-06-06
102, 23, 2023-01-25, 2023-08-02
22, 2, 2019-09-14, 2020-02-02
200, 19, 2022-09-05, 2024-01-01
47, 23, 2022-01-07, 2023-01-30
129, 19, 2021-12-03, 2022-08-08
105, 20, 2023-03-14, 2023-10-12
96, 18, 2022-07-09, 2023-09-17
188, 13, 2019-08-03, 2020-02-04
182, 17, 2021-07-21, 2022-01-20
106, 2, 2017-03-25, 2017-08-28
11, 2, 2017-01-31, 2017-11-09
145, 11, 2021-04-21, 2021-09-13
150, 11, 2017-08-07, 2017-08-11
184, 3, 2016-10-05, 2018-01-09
39, 15, 2023-02-14, 2024-03-15
105, 10, 2018-01-15, 2018-03-30
73, 14, 2019-04-18, 2020-05-17
181, 12, 2015-04-14, 2015-08-18
163, 13, 2018-03-15, 2018-12-12
45, 13, 2018-06-12, 2019-03-10
53, 26, 2019-12-09, 2020-01-14
18, 17, 2022-07-03, 2023-09-24
92, 19, 2016-07-27, 2017-06-17
115, 29, 2023-03-22, 2024-06-08
86, 18, 2021-06-29, 2021-12-10
173, 30, 2016-08-12, 2016-12-04
151, 4, 2018-02-08, 2019-06-04
77, 25, 2020-10-28, 2021-11-09
2, 11, 2018-04-07, 2018-12-11
140, 29, 2019-05-18, 2020-09-12
122, 4, 2016-08-03, 2017-08-27
187, 2, 2022-11-14, 2023-11-22
97, 9, 2021-11-07, 2022-05-29
45, 24, 2018-12-18, 2019-02-17
151, 10, 2019-08-29, 2019-11-14
157, 23, 2018-05-03, 2018-09-13
106, 9, 2017-07-06, 2018-01-18
27, 18, 2018-09-06, 2018-09-09
106, 1, 2022-10-20, 2022-12-16
153, 26, 2017-01-16, 2017-04-25
165, 26, 2018-07-29, 2018-10-11
73, 3, 2016-12-14, 2017-05-27
21, 14, 2022-07-14, 2022-09-13
104, 26, 2016-04-29, 2016-12-31
148, 22, 2018-05-27, 2018-08-19
36, 5, 2018-01-17, 2018-04-21
65, 14, 2018-03-18, 2019-01-27
123, 14, 2017-04-28, 2018-08-07
40, 27, 2021-09-03, 2022-04-05
196, 28, 2021-03-07, 2022-05-25
23, 23, 2015-06-18, 2016-10-13
77, 17, 2021-12-17, 2023-04-19
145, 23, 2018-04-08, 2018-04-22
180, 5, 2017-07-24, 2018-07-05
119, 16, 2018-10-04, 2020-01-25
54, 10, 2018-03-03, 2019-06-16
31, 27, 2016-03-21, 2016-03-28
87, 24, 2016-01-08, 2016-06-21
162, 12, 2020-09-27, NULL
156, 16, 2016-08-13, 2017-03-25
69, 25, 2017-04-23, 2017-09-11
157, 19, 2016-08-03, 2017-10-09
118, 19, 2021-10-31, 2021-11-26
15, 19, 2023-01-29, 2024-03-17
11, 28, 2020-12-03, 2021-05-26
27, 6, 2017-04-23, 2017-12-28
45, 13, 2020-04-16, 2020-09-27
131, 14, 2021-05-28, 2021-09-09
162, 18, 2016-07-31, 2017-10-06
110, 16, 2023-04-12, 2023-06-26
106, 3, 2018-02-13, 2018-07-15
24, 30, 2022-01-20, 2022-12-13
49, 2, 2022-07-08, 2022-11-07
91, 4, 2016-09-12, 2018-01-09
175, 22, 2019-06-21, 2019-11-23
141, 4, 2023-03-12, 2023-03-15
183, 12, 2017-06-18, 2018-08-22
123, 7, 2015-09-09, 2015-09-15
120, 30, 2017-04-17, 2017-08-22
13, 19, 2020-07-06, 2020-11-17
69, 1, 2017-02-20, 2017-04-01
193, 26, 2021-05-18, 2022-07-06
31, 20, 2018-10-17, 2018-12-06
105, 9, 2021-08-15, 2022-01-02
100, 21, 2016-06-22, 2017-07-21
97, 23, 2018-02-28, 2019-07-10
184, 19, 2021-07-07, 2022-04-16
77, 28, 2020-08-02, 2021-12-01
98, 10, 2020-03-26, 2020-08-15
100, 4, 2022-10-02, 2023-06-30
58, 14, 2017-12-22, 2019-04-24
110, 1, 2016-03-26, 2016-10-18
113, 11, 2023-01-06, 2024-03-25
77, 19, 2019-11-05, 2020-02-18
117, 22, 2020-05-09, 2021-03-18
191, 29, 2016-06-07, NULL
81, 1, 2018-07-31, 2018-12-13
98, 20, 2019-07-21, 2020-03-22
143, 30, 2019-10-05, 2020-04-11
134, 2, 2016-04-06, 2017-01-25
118, 13, 2018-09-27, 2019-11-27
41, 28, 2019-04-26, 2020-03-20
172, 23, 2019-03-04, 2019-11-09
101, 27, 2019-12-07, 2020-07-10
99, 25, 2015-05-02, NULL
10, 24, 2016-04-29, 2017-06-14
100, 9, 2017-09-16, 2018-09-14
93, 28, 2017-09-14, 2018-08-22
49, 4, 2020-06-09, 2020-06-22
17, 10, 2017-06-27, 2017-12-29
195, 6, 2020-07-21, 2020-11-20
10, 29, 2021-08-29, 2021-11-03
165, 9, 2022-06-19, 2023-05-21
102, 21, 2020-09-14, 2020-09-21
181, 18, 2019-04-06, NULL
43, 13, 2020-09-06, 2020-10-25
117, 30, 2021-03-03, 2021-04-24
6, 1, 2016-05-10, 2017-03-25
105, 16, 2017-07-31, 2018-08-03
21, 6, 2019-12-10, 2020-11-22
97, 25, 2021-04-17, 2022-07-01
70, 2, 2018-02-06, 2019-01-05
32, 30, 2022-04-07, 2023-05-11
40, 29, 2015-03-31, 2015-07-22
45, 25, 2021-06-14, 2021-08-09
4, 10, 2019-01-18, 2019-12-01
35, 20, 2015-01-14, 2015-10-04
70, 8, 2020-09-15, 2020-11-09
112, 8, 2020-09-25, 2021-02-20
166, 21, 2021-03-05, 2022-02-11
79, 10, 2023-05-06, 2024-02-07
133, 28, 2021-04-21, 2021-07-09
22, 12, 2015-06-09, 2015-07-01
2, 20, 2015-11-16, 2017-02-14
141, 10, 2019-09-10, NULL
22, 2, 2015-11-03, 2016-03-25
61, 30, 2018-09-24, 2019-02-13
177, 14, 2017-10-12, 2017-12-24
148, 5, 2015-09-10, 2016-03-31
42, 11, 2015-04-02, 2016-03-09
101, 28, 2018-08-20, NULL
50, 8, 2019-04-23, 2020-03-22
10, 16, 2022-12-16, 2023-11-27
192, 19, 2015-07-14, 2016-06-18
100, 19, 2020-01-10, 2020-07-26
153, 7, 2020-07-06, 2020-08-20
106, 26, 2015-07-06, 2016-11-14
56, 28, 2016-06-30, 2017-05-13
47, 10, 2020-10-20, 2021-10-09
116, 14, 2020-12-23, 2021-11-11
33, 3, 2018-03-03, NULL
2, 21, 2017-04-24, 2017-05-22
116, 18, 2020-09-17, 2020-12-20
200, 10, 2019-06-20, 2019-12-10
4, 7, 2022-12-17, 2023-02-28
120, 25, 2017-06-28, 2018-10-07
89, 5, 2018-02-26, 2018-11-05
40, 24, 2019-03-10, 2019-12-08
162, 2, 2016-04-07, 2016-12-26
153, 19, 2022-03-11, 2023-07-17
60, 14, 2020-09-20, 2021-01-02
50, 28, 2021-12-22, 2022-12-15
127, 2, 2020-01-03, 2021-01-21
154, 2, 2019-08-04, NULL
145, 22, 2021-12-22, 2022-07-07
118, 22, 2018-01-18, 2018-05-02
87, 19, 2016-08-29, 2016-10-14
152, 8, 2022-09-27, 2022-10-01
24, 25, 2021-07-10, 2022-03-21
136, 29, 2022-07-27, 2023-04-28
21, 10, 2019-03-29, 2019-11-05
146, 11, 2017-08-20, 2018-11-25
152, 2, 2018-05-03, 2019-09-07
151, 1, 2016-04-10, 2016-12-14
87, 18, 2019-05-27, 2019-06-24
21, 12, 2019-06-26, 2020-09-01
155, 19, 2016-11-12, 2018-03-20
44, 7, 2017-01-13, 2017-04-28
184, 18, 2016-05-21, 2016-10-07
198, 10, 2015-10-24, 2016-02-19
27, 19, 2020-02-05, 2021-05-22
175, 28, 2020-03-23, 2020-05-02
3, 15, 2015-05-29, 2016-06-16
85, 20, 2015-04-07, 2015-08-17
22, 11, 2022-04-21, 2022-05-04
27, 7, 2015-01-22, 2015-05-10
52, 30, 2020-01-27, 2021-02-12
73, 22, 2022-03-21, NULL
95, 16, 2020-10-07, 2021-03-22
50, 9, 2017-08-31, 2018-10-17
38, 13, 2017-03-13, 2018-02-17
139, 25, 2017-03-30, 2017-05-19
90, 27, 2017-06-14, 2017-12-11
167, 8, 2016-08-26, 2017-07-30
36, 23, 2018-01-31, 2019-04-03
30, 29, 2015-05-09, 2016-07-08
169, 7, 2019-04-04, 2020-05-07
154, 2, 2016-11-13, 2017-08-05
43, 15, 2021-12-05, 2021-12-19
141, 4, 2022-11-03, 2023-12-06
112, 27, 2016-06-15, 2017-07-15
179, 17, 2015-03-29, 2016-05-21
144, 9, 2020-01-11, 2020-07-12
56, 27, 2023-01-01, 2023-04-03
41, 14, 2017-11-30, 2018-10-12
94, 6, 2022-04-15, 2022-05-24
32, 26, 2018-11-05, 2019-11-30
67, 15, 2016-05-22, 2016-08-08
134, 11, 2016-07-02, 2017-06-08
32, 27, 2023-04-23, 2023-09-14
29, 8, 2015-04-12, 2015-12-27
134, 26, 2019-06-10, 2019-09-19
110, 13, 2019-07-15, 2019-08-11
9, 21, 2021-03-25, 2022-01-23
182, 19, 2016-12-15, NULL
71, 7, 2015-05-29, 2016-06-15
70, 7, 2015-04-07, 2015-06-25
128, 21, 2023-02-18, 2024-03-15
62, 4, 2015-03-11, 2015-10-15
182, 28, 2022-04-17, 2023-06-20
115, 7, 2015-09-23, 2015-12-07
181, 28, 2015-09-02, 2016-08-08
79, 6, 2017-06-09, 2017-06-26
78, 16, 2022-05-05, NULL
81, 6, 2022-10-01, 2023-09-22
144, 29, 2015-06-27, 2015-12-16
6, 3, 2019-05-13, 2019-11-24
119, 29, 2021-10-21, 2022-06-09
48, 10, 2017-01-30, 2017-12-29
86, 15, 2015-11-18, 2015-12-11
52, 11, 2020-01-06, 2021-02-13
145, 21, 2019-09-28, 2019-11-17
105, 11, 2015-04-04, 2015-07-03
19, 6, 2017-07-07, NULL
83, 9, 2018-12-09, 2019-11-23
142, 12, 2018-10-25, NULL
138, 12, 2020-12-19, 2021-08-01
78, 5, 2021-09-17, 2022-10-13
141, 3, 2016-01-29, 2016-02-29
154, 7, 2016-01-03, 2016-08-30
11, 5, 2020-07-19, 2021-07-22
91, 3, 2016-03-25, 2017-01-09
60, 17, 2022-07-20, 2023-04-09
187, 8, 2018-02-27, 2019-04-19
5, 12, 2020-04-14, 2021-03-16
72, 19, 2015-02-03, 2015-09-13
64, 25, 2020-10-25, 2021-01-14
173, 14, 2021-01-18, NULL
115, 25, 2018-07-05, NULL
36, 29, 2018-04-05, 2019-07-23
175, 8, 2022-03-20, 2022-06-18
6, 15, 2017-09-07, 2017-09-27
58, 19, 2019-06-06, 2020-02-02
173, 18, 2018-02-28, 2019-07-01
82, 29, 2017-01-22, 2018-01-13
125, 21, 2021-06-27, 2022-01-27
78, 2, 2022-02-05, 2022-11-21
1, 24, 2019-12-22, 2020-07-31
61, 27, 2018-06-27, 2019-02-19
121, 16, 2018-08-16, 2019-08-14
160, 22, 2016-05-12, 2016-06-24
16, 15, 2019-10-12, 2019-12-30
81, 13, 2016-06-10, 2017-06-29
97, 28, 2016-03-25, 2017-06-27
6, 4, 2018-02-28, 2019-05-21
59, 9, 2015-04-04, 2016-06-12
198, 10, 2016-01-24, NULL
35, 29, 2022-12-20, 2023-01-26
169, 3, 2017-08-30, 2018-02-22
66, 30, 2021-07-21, 2021-10-28
80, 18, 2022-03-11, 2023-01-16
175, 11, 2016-11-13, NULL
141, 12, 2022-09-29, 2023-07-01
13, 16, 2018-01-31, 2018-11-23
170, 28, 2022-11-13, 2023-05-15
126, 7, 2019-05-22, 2019-06-23
181, 21, 2021-11-19, 2022-06-24
1, 21, 2020-11-12, 2021-06-16
2, 21, 2017-01-27, 2017-12-21
144, 30, 2021-01-20, NULL
143, 6, 2015-06-27, NULL
23, 27, 2015-01-05, 2016-02-08
61, 13, 2022-04-13, 2022-10-23
54, 16, 2020-11-21, 2021-05-09
196, 1, 2019-11-15, 2020-03-02
118, 4, 2022-12-22, 2023-10-16
164, 13, 2021-06-30, 2022-03-05
6, 24, 2016-02-02, 2017-03-04
145, 13, 2021-02-22, 2022-03-28
88, 24, 2019-07-16, 2020-10-15
81, 13, 2017-06-07, 2017-07-27
96, 19, 2019-07-15, 2020-08-08
50, 4, 2016-05-27, 2017-08-16
56, 25, 2016-06-04, 2016-09-22
176, 1, 2016-02-18, 2016-07-24
79, 20, 2016-04-09, 2016-04-25
193, 12, 2022-05-02, 2023-01-22
50, 1, 2019-08-06, 2020-09-27
133, 5, 2015-12-22, 2016-12-27
160, 23, 2022-07-11, 2023-08-01
51, 14, 2015-10-09, 2017-01-28
115, 14, 2017-01-04, NULL
118, 13, 2017-05-30, 2017-06-15
150, 8, 2023-01-11, 2023-02-12
120, 24, 2018-04-02, 2019-05-12
3, 12, 2021-05-27, 2021-08-22
33, 20, 2021-10-31, 2023-01-07
170, 4, 2018-02-21, 2018-05-28
69, 22, 2017-05-11, 2017-06-09
180, 13, 2023-05-20, 2024-09-11
20, 27, 2017-12-05, 2018-07-20
136, 8, 2017-09-30, 2018-01-11
52, 22, 2016-09-23, 2017-01-01
48, 7, 2019-10-19, 2020-03-09
194, 3, 2020-11-09, 2021-02-19
169, 22, 2022-05-24, 2022-07-31
171, 12, 2023-01-30, NULL
121, 2, 2021-07-07, 2022-06-12
197, 15, 2019-04-06, 2020-03-26
12, 4, 2022-05-10, 2022-08-07
191, 15, 2020-09-08, 2021-06-25
36, 11, 2019-01-29, 2020-01-16
164, 6, 2021-07-19, 2021-10-05
72, 29, 2022-08-10, 2023-06-12
122, 30, 2021-08-19, 2022-07-02
116, 21, 2019-06-24, 2019-10-28
2, 18, 2017-10-18, 2019-02-03
61, 27, 2022-06-10, 2022-09-05
130, 22, 2016-04-15, 2016-10-05
19, 7, 2017-05-15, 2018-04-30
76, 2, 2022-10-09, 2023-02-07
174, 5, 2017-04-11, 2017-07-24
52, 1, 2017-10-16, 2018-04-09
45, 12, 2016-12-23, 2017-08-31
1, 15, 2015-09-01, 2015-10-12
70, 6, 2020-09-12, 2021-09-24
183, 7, 2016-02-16, 2016-08-21
17, 27, 2016-03-08, 2017-05-16
55, 7, 2018-09-02, 2019-11-20
74, 26, 2020-05-26, 2020-08-03
112, 3, 2015-09-19, 2016-11-18
175, 17, 2022-03-25, 2023-03-16
135, 4, 2023-01-22, 2024-03-09
63, 24, 2017-06-25, 2018-09-04
156, 8, 2018-01-08, 2018-06-18
74, 25, 2022-04-29, 2023-06-28
116, 2, 2023-04-13, 2023-08-19
184, 1, 2018-04-27, 2019-07-09
163, 24, 2021-10-13, 2021-12-24
22, 18, 2019-12-19, 2021-01-28
118, 22, 2021-08-05, 2022-12-11
42, 17, 2017-10-08, 2018-06-12
193, 4, 2019-04-24, 2020-06-12
142, 29, 2021-12-05, 2022-07-06
57, 7, 2021-06-21, 2021-08-16
62, 15, 2018-08-23, 2019-03-14
108, 17, 2018-04-06, 2018-12-07
87, 22, 2016-04-05, 2016-11-10
66, 17, 2020-05-12, NULL
175, 25, 2016-04-20, 2016-09-18
20, 10, 2017-08-23, 2017-12-10
188, 12, 2015-10-25, 2016-07-02
9, 29, 2022-03-24, 2023-05-07
187, 17, 2017-04-24, 2017-11-27
78, 16, 2023-03-07, 2023-11-03
31, 1, 2021-10-19, 2022-12-24
89, 12, 2019-11-03, 2020-03-25
166, 28, 2018-12-10, 2019-08-19
125, 18, 2016-03-29, 2017-04-08
192, 4, 2017-01-09, 2017-10-23
184, 11, 2020-12-27, 2021-11-05
142, 12, 2019-06-26, 2020-10-02
133, 6, 2019-02-18, 2019-04-26
113, 18, 2015-05-07, 2015-05-31
116, 6, 2022-10-30, 2022-11-27
35, 19, 2021-04-27, 2022-06-21
151, 24, 2020-01-07, 2021-02-08
90, 26, 2019-09-20, 2020-08-11
33, 3, 2016-08-02, 2017-11-07
56, 14, 2022-01-17, 2022-04-10
47, 12, 2018-02-11, 2018-06-12
118, 27, 2023-03-17, 2023-12-02
130, 4, 2018-05-28, 2019-08-23
49, 8, 2016-02-18, 2016-05-03
175, 19, 2021-01-07, 2021-03-17
26, 20, 2015-03-05, 2015-07-14
58, 4, 2023-04-26, 2023-10-27
51, 6, 2017-06-13, 2017-06-26
96, 27, 2019-06-03, 2020-04-16
181, 29, 2022-02-12, 2023-05-31
37, 21, 2022-07-09, 2023-03-25
175, 7, 2019-01-07, 2019-10-22
32, 22, 2021-11-27, NULL
146, 13, 2022-10-23, 2023-10-02
15, 14, 2016-01-24, 2016-01-27
80, 8, 2021-09-13, 2022-02-28
38, 10, 2018-06-27, NULL
111, 19, 2017-05-30, 2017-12-19
80, 24, 2016-10-29, 2017-04-30
10, 5, 2017-09-24, 2017-10-31
196, 28, 2015-11-26, 2015-12-16
25, 23, 2019-10-30, 2019-12-13
52, 25, 2020-11-21, 2021-12-04
29, 19, 2016-07-26, NULL
24, 29, 2017-01-09, 2018-02-22
12, 1, 2015-02-19, 2016-06-16
75, 4, 2019-02-20, 2019-08-18
112, 16, 2020-10-29, 2021-05-01
200, 29, 2020-04-23, 2021-03-04
29, 9, 2022-03-31, 2022-05-04
121, 30, 2016-12-17, 2018-01-07
189, 3, 2020-04-18, 2021-03-12
153, 24, 2015-06-10, 2016-02-21
6, 14, 2018-12-24, 2020-01-15
111, 21, 2018-03-14, 2019-04-05
9, 8, 2022-09-08, 2022-11-08
31, 4, 2019-03-06, 2019-08-05
188, 16, 2020-05-19, 2021-04-23
79, 23, 2019-01-19, 2019-04-23
128, 17, 2019-05-14, 2019-11-07
195, 18, 2016-02-02, 2016-03-25
173, 26, 2022-04-17, NULL
32, 24, 2021-04-23, 2022-06-08
32, 16, 2015-05-08, 2015-08-08
174, 5, 2021-03-19, 2021-09-22
188, 19, 2022-12-07, 2023-03-16
119, 1, 2019-10-12, 2020-12-05
4, 6, 2015-02-22, 2016-02-23
130, 19, 2016-03-17, 2017-01-31
114, 23, 2017-05-24, 2018-08-20
152, 17, 2020-10-08, 2021-04-24
154, 4, 2021-08-28, 2021-09-22
93, 30, 2017-07-31, 2018-09-09
128, 7, 2018-05-04, 2019-09-06
4, 19, 2016-11-08, NULL
75, 16, 2019-07-09, NULL
151, 9, 2015-08-20, 2016-07-28
133, 19, 2017-12-30, 2018-04-07
64, 5, 2019-06-01, 2020-05-07
12, 6, 2023-03-12, 2023-04-12
46, 19, 2023-04-14, 2024-06-17
127, 6, 2017-10-13, 2018-08-04
144, 5, 2019-11-09, 2020-02-10
45, 19, 2018-11-10, 2019-07-16
108, 11, 2015-05-05, 2016-02-08
103, 19, 2016-12-25, 2017-11-22
125, 12, 2018-07-20, 2019-03-27
126, 25, 2015-12-06, 2016-12-18
106, 27, 2022-03-27, 2023-06-24
187, 5, 2015-04-12, 2015-06-23
198, 16, 2017-05-23, 2018-03-17
131, 16, 2017-07-16, 2018-07-21
127, 11, 2016-10-09, 2017-04-09
12, 2, 2016-11-18, 2017-10-28
126, 9, 2017-06-15, 2017-10-29
38, 29, 2018-09-05, 2019-04-14
122, 17, 2021-09-09, 2021-10-19
83, 15, 2021-03-07, 2021-03-26
28, 6, 2017-06-08, 2018-02-16
89, 27, 2017-12-27, 2018-06-03
28, 5, 2015-04-12, NULL
17, 23, 2015-09-02, 2015-10-25
33, 13, 2019-11-02, 2020-04-04
20, 5, 2019-08-20, 2019-10-27
49, 8, 2019-12-13, 2021-03-08
193, 12, 2019-04-29, 2020-02-25
91, 6, 2022-12-10, 2024-02-22
195, 19, 2017-02-02, 2017-03-14
1, 18, 2017-10-12, 2018-05-18
68, 24, 2021-02-06, 2022-04-11
74, 27, 2018-10-20, 2019-01-25
49, 24, 2019-11-08, 2020-10-21
129, 29, 2019-08-14, 2020-08-11
180, 1, 2020-10-15, NULL
75, 30, 2015-06-17, 2016-05-29
93, 28, 2018-08-01, NULL
87, 6, 2022-05-16, 2023-07-19
22, 4, 2019-10-31, 2021-01-16
81, 16, 2016-05-14, 2017-06-16
85, 22, 2021-10-18, 2022-12-26
134, 4, 2019-10-20, 2020-09-25
127, 3, 2015-10-14, 2016-09-20
52, 9, 2017-01-06, 2017-08-03
128, 7, 2022-04-05, 2022-04-08
161, 4, 2018-04-26, 2018-08-09
90, 6, 2022-06-07, 2023-03-07
128, 24, 2022-09-01, 2023-07-20
24, 3, 2020-01-08, 2021-03-20
108, 14, 2022-06-17, NULL
73, 15, 2017-08-05, 2018-08-30
49, 26, 2020-08-14, 2020-10-26
75, 16, 2021-10-23, NULL
180, 18, 2016-09-09, 2017-07-06
156, 8, 2019-02-14, 2019-02-27
141, 5, 2018-02-07, 2018-07-23
143, 13, 2016-10-23, 2017-10-08
31, 21, 2015-05-27, 2016-03-01
32, 5, 2017-12-05, 2017-12-14
13, 1, 2022-05-31, 2023-08-11
188, 26, 2015-02-13, 2016-06-22
194, 28, 2017-06-15, 2018-07-08
78, 11, 2015-08-14, 2016-01-17
23, 18, 2022-01-24, 2022-11-27
62, 7, 2016-09-10, 2017-06-02
72, 21, 2021-01-07, NULL
37, 28, 2021-12-27, 2023-04-06
117, 2, 2015-09-21, 2016-08-19
148, 16, 2020-03-24, 2020-06-12
91, 20, 2018-08-10, 2018-12-16
44, 7, 2021-06-27, 2021-12-18
103, 20, 2022-11-20, 2023-10-30
74, 9, 2020-07-22, 2021-07-15
169, 15, 2018-12-15, 2020-03-24
31, 16, 2019-06-06, 2020-10-16
155, 29, 2021-07-30, 2021-08-13
123, 30, 2017-07-27, NULL
40, 12, 2017-04-07, 2017-11-09
10, 20, 2017-05-05, 2017-10-27
161, 7, 2018-09-18, 2018-12-19
53, 10, 2022-06-29, 2023-03-25
161, 25, 2018-12-06, 2019-06-15
187, 4, 2022-11-05, 2023-05-11
77, 11, 2022-07-25, NULL
68, 5, 2017-11-15, 2018-11-08
183, 21, 2019-08-22, 2020-07-05
189, 12, 2022-12-28, 2023-11-17
174, 18, 2015-01-26, 2016-06-03
89, 26, 2018-08-04, NULL
127, 23, 2019-10-23, NULL
143, 9, 2021-11-04, 2022-03-07
82, 3, 2019-08-30, 2019-09-27
86, 7, 2022-05-25, NULL
123, 23, 2019-01-12, NULL
79, 20, 2015-10-16, 2016-08-09
90, 17, 2019-04-11, 2019-12-08
125, 14, 2017-06-12, 2018-07-12
26, 17, 2021-12-26, 2022-01-06
2, 23, 2015-05-29, 2015-11-09
60, 19, 2016-06-29, 2017-10-26
125, 22, 2020-11-13, 2021-10-27
182, 9, 2020-06-24, 2021-10-01
69, 20, 2022-04-18, 2023-02-12
47, 18, 2021-01-03, 2022-01-22
128, 23, 2016-02-13, 2016-07-09
61, 25, 2016-01-08, 2016-12-27
5, 28, 2016-12-17, NULL
99, 2, 2015-04-12, NULL
40, 7, 2018-04-09, 2018-05-14
169, 19, 2021-01-01, 2021-01-29
168, 29, 2022-07-30, 2022-12-28
8, 1, 2021-12-26, 2022-03-14
43, 29, 2020-07-19, 2020-07-20
200, 14, 2022-07-01, 2023-08-02
178, 16, 2018-04-25, 2018-06-28
137, 29, 2021-11-29, 2022-02-24
141, 30, 2018-05-17, 2019-07-17
13, 1, 2023-04-19, 2024-08-28
164, 25, 2019-03-06, NULL
111, 22, 2016-11-02, 2018-02-15
23, 22, 2019-06-08, 2020-04-05
181, 11, 2017-04-04, 2018-08-05
184, 7, 2021-11-21, 2023-03-02
104, 12, 2019-09-03, NULL
6, 2, 2017-03-06, 2018-03-26
122, 19, 2016-04-29, 2016-07-09
21, 9, 2019-10-26, 2020-12-19
186, 9, 2018-06-20, 2018-09-09
14, 27, 2022-07-15, 2023-06-10
25, 20, 2017-09-02, 2018-02-07
64, 18, 2015-07-27, 2016-01-27
45, 25, 2017-05-30, 2017-11-03
99, 6, 2019-12-24, 2020-12-27
198, 18, 2018-12-16, 2019-08-16
131, 20, 2020-09-17, 2021-12-25
178, 26, 2015-01-03, 2015-02-11
119, 23, 2016-04-04, 2017-04-29
48, 2, 2016-03-16, 2017-07-14
77, 28, 2017-08-09, 2017-08-13
63, 26, 2016-07-08, 2017-01-24
99, 17, 2022-03-18, 2022-06-23
98, 15, 2023-05-09, NULL
15, 9, 2017-12-11, 2018-04-20
139, 29, 2019-05-01, 2020-03-17
98, 8, 2016-09-29, 2017-04-12
175, 2, 2022-08-28, NULL
2, 1, 2022-02-01, 2022-06-08
129, 17, 2020-07-02, 2021-05-27
139, 4, 2020-02-02, 2020-05-19
32, 26, 2020-10-12, 2021-12-21
104, 3, 2020-09-10, 2021-04-26
154, 24, 2015-03-07, 2016-06-21
129, 4, 2020-02-18, 2020-12-31
75, 8, 2015-10-06, 2016-09-05
131, 15, 2019-09-05, NULL
5, 29, 2021-06-08, 2022-10-05
80, 6, 2021-02-03, 2022-01-25
61, 9, 2019-09-17, 2019-11-05
20, 2, 2022-02-01, 2022-04-21
34, 21, 2017-04-16, 2018-06-09
16, 8, 2021-01-16, 2022-04-02
83, 10, 2020-02-01, 2021-04-22
65, 30, 2015-04-04, 2016-04-10
84, 20, 2021-12-26, 2022-07-06
200, 23, 2022-05-22, 2022-09-26
17, 21, 2021-08-25, 2022-06-27
165, 2, 2020-09-22, 2020-12-16
167, 17, 2015-01-23, 2015-11-28
161, 22, 2019-12-01, 2021-02-26
145, 17, 2020-10-06, 2021-11-01
51, 27, 2018-08-03, NULL
101, 5, 2022-12-28, 2023-09-20
80, 11, 2016-08-10, 2017-10-16
5, 11, 2018-11-18, NULL
143, 27, 2017-07-01, 2018-04-13
182, 22, 2020-06-02, 2021-04-14
141, 16, 2015-11-26, 2016-03-02
13, 26, 2023-04-20, 2024-03-04
112, 12, 2021-06-19, 2021-07-14
123, 9, 2017-05-02, NULL
138, 20, 2021-10-10, 2021-11-25
4, 23, 2020-09-18, 2021-04-27
41, 17, 2017-01-25, 2017-02-10
51, 9, 2020-02-22, 2021-07-03
50, 21, 2023-05-14, 2023-06-20
34, 25, 2018-01-24, 2018-11-21
139, 9, 2015-03-04, 2015-05-01
62, 25, 2018-08-16, NULL
70, 19, 2021-07-27, 2021-10-31
99, 30, 2019-05-09, 2019-12-10
55, 11, 2015-01-14, 2015-10-26
170, 26, 2019-01-08, 2019-05-18
126, 26, 2018-07-12, 2019-04-26
133, 7, 2017-07-14, 2017-11-18
77, 16, 2019-05-08, 2020-03-11
98, 24, 2022-11-18, 2023-01-26
189, 17, 2019-12-02, 2020-09-06
31, 5, 2020-08-12, 2021-01-20
32, 30, 2021-03-15, 2021-06-30
102, 10, 2018-08-09, 2019-10-02
112, 26, 2019-11-14, 2020-08-26
84, 8, 2019-10-16, NULL
16, 5, 2020-10-16, 2022-02-22
149, 24, 2023-01-30, NULL
25, 30, 2019-03-26, NULL
72, 2, 2022-06-16, NULL
2, 14, 2021-09-22, 2022-01-09
100, 15, 2021-09-09, 2022-02-13
157, 13, 2015-06-08, 2016-07-21
118, 25, 2022-10-17, 2022-12-02
81, 1, 2019-04-26, 2019-10-13
93, 29, 2023-03-05, 2024-04-26
40, 9, 2019-02-08, 2019-07-20
35, 28, 2019-07-01, 2020-02-19
127, 8, 2022-12-27, 2023-02-17
71, 13, 2019-04-26, 2019-08-03
169, 24, 2021-08-22, 2022-10-30
182, 19, 2017-03-02, 2017-11-07
147, 30, 2016-09-04, 2017-03-08
43, 2, 2018-11-16, 2019-07-09
197, 24, 2021-08-26, 2022-12-12
131, 13, 2023-03-30, 2023-06-27
121, 26, 2021-07-25, 2022-11-29
47, 25, 2020-08-27, 2021-07-10
149, 29, 2016-10-18, 2017-01-04
187, 13, 2020-07-16, 2021-03-12
81, 29, 2021-05-18, 2021-09-13
174, 3, 2020-01-15, 2020-08-10
144, 4, 2022-08-31, 2023-07-03
30, 1, 2023-05-02, NULL
186, 4, 2015-05-16, 2016-05-13
155, 18, 2019-09-06, 2020-11-01
114, 5, 2022-05-09, 2023-06-06
135, 21, 2015-05-20, 2015-06-04
186, 8, 2020-06-12, 2020-06-24
4, 23, 2022-09-03, 2023-02-19
105, 15, 2017-12-23, 2017-12-24
110, 3, 2015-11-19, 2016-01-27
76, 20, 2023-03-04, 2024-07-06
118, 9, 2020-01-24, 2021-05-12
18, 6, 2022-08-24, 2023-10-20
110, 13, 2020-06-20, 2020-10-03
129, 10, 2021-05-18, 2022-04-09
92, 18, 2016-11-27, NULL
197, 28, 2022-11-30, 2023-08-18
27, 13, 2019-11-13, NULL
150, 26, 2020-10-01, 2020-10-29
106, 26, 2016-01-25, 2016-10-24
190, 26, 2022-10-23, 2023-06-23
15, 5, 2017-04-18, NULL
161, 15, 2018-01-06, 2018-12-21
67, 23, 2016-01-17, 2016-04-13
99, 23, 2020-04-23, 2020-10-04
176, 3, 2015-08-08, 2016-05-02
187, 10, 2015-01-15, 2015-12-26
184, 30, 2018-02-16, 2018-03-11
173, 12, 2019-07-18, 2020-01-26
31, 14, 2022-06-03, 2022-12-28
70, 22, 2017-11-08, 2018-01-30
82, 16, 2018-01-19, 2018-06-23
139, 23, 2021-09-24, 2021-11-29
174, 11, 2015-10-12, 2016-07-18
1, 9, 2022-10-21, 2023-01-20
8, 23, 2016-01-29, 2016-11-04
138, 24, 2020-10-29, 2020-11-01
1, 28, 2022-12-23, 2023-10-20
52, 11, 2021-11-07, 2023-01-03
40, 26, 2020-08-24, 2021-09-18
7, 2, 2016-03-13, 2016-03-24
22, 21, 2021-03-18, 2021-09-29
153, 6, 2015-03-04, 2015-10-20
161, 20, 2020-11-01, NULL
86, 15, 2022-03-15, 2022-12-28
55, 21, 2017-02-13, 2017-10-10
29, 25, 2019-09-16, 2021-01-19
94, 3, 2015-06-27, 2015-07-08
122, 6, 2018-04-09, 2018-12-11
132, 10, 2015-09-03, 2016-08-24
36, 19, 2022-05-30, 2022-10-28
106, 28, 2023-05-03, 2024-04-29
150, 17, 2019-11-29, 2020-08-18
42, 24, 2017-08-12, 2018-11-16
102, 13, 2015-08-13, 2015-10-22
98, 7, 2017-11-11, 2019-02-26
32, 15, 2018-09-05, NULL
103, 30, 2016-08-20, 2016-12-28
188, 26, 2023-05-28, 2024-05-27
103, 29, 2020-02-07, 2020-02-27
129, 14, 2020-02-23, 2021-03-15
83, 18, 2018-01-03, 2019-04-29
45, 23, 2022-05-13, 2023-08-10
158, 30, 2019-02-26, 2020-06-26
39, 3, 2015-06-30, 2016-03-08
102, 28, 2015-08-31, NULL
95, 17, 2021-10-09, 2022-01-13
105, 22, 2021-06-22, 2022-07-17
68, 18, 2022-04-17, 2022-09-02
177, 17, 2023-01-26, 2024-05-15
173, 10, 2016-08-28, 2017-08-24
194, 27, 2015-01-03, NULL
9, 7, 2023-02-19, 2023-11-07
35, 17, 2016-06-22, 2017-01-04
85, 4, 2019-09-27, 2020-08-21
16, 6, 2020-02-02, 2020-09-21
58, 15, 2019-08-04, 2020-07-07
192, 6, 2015-11-30, NULL
102, 14, 2022-08-22, 2023-07-05
154, 13, 2016-01-26, 2016-10-16
147, 14, 2016-04-08, 2016-10-26
189, 28, 2022-10-15, 2023-07-30
113, 24, 2016-12-26, 2017-03-07
155, 5, 2021-12-20, 2022-06-08
147, 23, 2017-11-21, 2018-09-17
101, 8, 2016-12-02, 2017-10-21
193, 22, 2018-09-25, 2019-05-13
118, 20, 2016-11-28, NULL
58, 6, 2021-10-05, 2022-01-06
30, 26, 2018-07-02, 2019-10-31
6, 20, 2020-03-01, 2021-04-05
101, 5, 2017-07-21, 2018-10-24
191, 22, 2018-12-23, 2020-04-25
34, 1, 2017-09-06, NULL
116, 3, 2017-09-17, 2019-01-29
34, 2, 2017-06-08, 2018-04-07
66, 17, 2019-04-21, 2019-09-25
63, 21, 2019-08-10, NULL
190, 18, 2016-12-05, 2017-01-24
35, 14, 2020-05-14, 2020-05-15
47, 27, 2016-11-14, 2017-12-15
158, 8, 2020-06-27, 2020-07-30
58, 17, 2020-05-14, 2021-02-16
129, 14, 2015-01-30, 2015-02-14
15, 15, 2020-05-01, NULL
21, 26, 2020-03-08, 2021-05-29
31, 13, 2020-11-27, 2021-07-08
55, 4, 2016-04-27, 2016-08-18
168, 19, 2018-05-08, 2018-10-05
44, 13, 2016-04-21, 2016-08-31
124, 9, 2020-05-09, NULL
109, 22, 2018-07-07, 2019-07-18
93, 25, 2021-02-23, 2022-02-01
111, 18, 2023-01-12, 2023-02-18
64, 4, 2016-11-18, 2017-12-05
81, 30, 2020-02-14, 2020-11-15
56, 4, 2018-07-29, 2019-01-10
160, 11, 2016-09-02, 2016-09-03
200, 12, 2019-11-28, 2020-03-03
30, 26, 2015-09-29, 2016-03-31
160, 21, 2018-01-20, 2018-05-29
193, 2, 2018-12-18, NULL
161, 22, 2015-01-09, 2015-10-15
138, 24, 2020-12-07, 2021-02-04
87, 7, 2018-07-24, 2019-03-04
51, 4, 2016-06-01, 2017-03-01
163, 12, 2021-04-22, 2021-08-07
100, 14, 2015-08-26, 2016-06-27
127, 25, 2020-06-09, 2021-05-24
162, 24, 2017-01-16, 2018-01-07
125, 25, 2016-08-04, 2017-09-25
183, 20, 2015-01-08, 2015-11-08
57, 4, 2017-01-02, 2017-06-15
59, 8, 2015-04-26, 2016-06-28
12, 22, 2020-05-14, 2020-07-29
45, 22, 2022-12-15, 2022-12-21
192, 19, 2023-03-04, 2023-03-28
116, 26, 2021-03-17, 2022-06-16
21, 25, 2019-12-26, 2020-08-02
112, 18, 2015-09-20, 2016-11-26
153, 1, 2018-08-03, 2018-10-03
53, 28, 2015-05-29, 2016-02-16
120, 18, 2020-12-07, 2022-03-13
99, 4, 2015-12-31, 2016-03-26
194, 15, 2015-07-03, 2015-12-26
12, 11, 2022-01-23, 2023-05-04
11, 27, 2022-10-30, 2023-12-06
167, 5, 2021-03-01, 2021-08-24
118, 13, 2015-11-03, 2016-12-20
63, 8, 2019-02-26, NULL
53, 7, 2017-04-08, 2018-04-22
48, 25, 2023-05-24, 2024-05-09
151, 22, 2022-04-13, 2023-04-13
67, 26, 2021-03-31, 2022-07-30
31, 30, 2021-05-23, 2021-09-29
2, 10, 2015-10-17, 2016-07-22
69, 23, 2020-01-17, 2021-01-28
157, 3, 2020-02-14, 2020-06-16
187, 17, 2019-11-08, 2020-07-05
197, 23, 2021-09-20, 2022-07-21
192, 18, 2022-05-07, 2022-05-10
16, 29, 2022-06-19, 2022-08-13
90, 16, 2017-04-03, 2017-06-10
68, 19, 2016-04-23, 2016-07-13
95, 16, 2016-07-11, 2017-03-07
29, 28, 2016-01-13, 2016-03-02
160, 28, 2019-07-11, 2020-09-02
196, 14, 2021-05-14, 2022-02-11
67, 26, 2022-12-03, 2023-02-27
42, 24, 2019-06-19, 2020-04-14
7, 6, 2016-03-25, 2016-06-04
40, 6, 2020-11-01, 2021-03-24
8, 12, 2020-10-02, NULL
1, 3, 2016-02-29, 2016-04-17
116, 25, 2019-04-03, 2019-12-10
118, 30, 2020-12-07, 2021-09-27
30, 23, 2019-08-06, 2019-08-20
168, 8, 2017-07-23, 2018-08-05
155, 1, 2020-09-30, 2022-01-15
160, 11, 2017-05-21, 2017-09-27
130, 29, 2021-04-08, 2022-08-19
162, 15, 2022-12-06, 2022-12-13
77, 28, 2022-08-11, 2023-10-02
199, 24, 2016-12-31, 2018-01-22
72, 27, 2022-04-26, 2023-04-22
143, 13, 2016-07-28, 2017-01-21
161, 3, 2022-07-24, 2023-06-05
27, 16, 2015-07-23, 2016-01-15
164, 12, 2015-12-21, 2016-06-27
21, 7, 2017-03-17, 2017-11-17
167, 13, 2017-02-24, 2017-06-05
36, 17, 2017-02-07, 2017-06-16
27, 6, 2020-11-11, 2020-12-14
91, 23, 2015-02-16, 2016-05-22
96, 7, 2021-03-19, NULL
82, 22, 2019-10-04, 2020-01-20
95, 27, 2015-03-06, 2015-05-21
2, 24, 2020-02-02, NULL
45, 28, 2022-12-29, 2023-10-24
128, 11, 2018-09-04, 2019-09-09
46, 21, 2018-04-26, 2018-09-09
25, 30, 2021-05-12, 2021-11-15
44, 23, 2016-10-29, 2018-02-06
1, 2, 2020-07-24, 2020-10-29
86, 1, 2017-04-13, 2017-10-20
51, 10, 2020-12-02, 2021-10-04
115, 5, 2022-09-05, 2022-11-10
24, 24, 2017-12-03, 2019-04-16
181, 23, 2021-05-05, NULL
128, 27, 2015-02-05, 2015-03-15
183, 27, 2022-03-22, 2022-11-14
57, 8, 2016-10-28, 2017-02-10
5, 3, 2016-05-25, 2017-09-01
53, 21, 2019-03-21, NULL
52, 19, 2020-11-15, 2022-01-16
147, 3, 2022-09-30, 2023-06-27
167, 20, 2016-01-13, 2016-05-31
150, 29, 2023-01-27, 2023-02-04
68, 18, 2019-12-21, 2021-02-01
57, 19, 2015-10-26, 2016-04-13
104, 27, 2015-05-05, 2015-07-23
7, 27, 2016-11-08, 2017-06-04
162, 4, 2019-05-16, 2019-07-26
177, 12, 2016-08-23, 2017-03-12
127, 26, 2016-10-07, 2017-06-05
42, 11, 2018-09-27, 2019-11-13
20, 14, 2017-10-14, 2018-07-18
50, 23, 2019-08-23, 2020-11-06
102, 8, 2018-01-15, 2019-01-19
145, 23, 2021-08-16, 2022-08-19
166, 15, 2019-04-08, 2020-03-30
57, 9, 2022-11-26, 2023-05-25
56, 2, 2019-05-13, 2019-10-16
92, 9, 2020-06-08, 2020-12-06
55, 9, 2020-07-06, 2021-08-31
97, 21, 2023-04-08, 2024-05-01
4, 1, 2020-09-25, NULL
78, 29, 2022-10-30, 2023-08-28
24, 18, 2019-07-17, 2019-12-07
94, 8, 2020-04-27, 2021-03-19
5, 20, 2016-04-14, 2016-12-18
93, 25, 2021-10-02, 2022-07-22
151, 8, 2015-12-03, 2016-10-08
9, 21, 2018-03-25, 2019-02-13
84, 30, 2021-05-31, 2022-05-24
55, 6, 2015-08-28, 2015-10-20
73, 6, 2022-09-20, 2023-09-21
154, 8, 2019-11-19, 2020-02-21
70, 27, 2016-07-26, NULL
87, 23, 2023-01-28, 2023-07-17
78, 4, 2023-04-07, 2023-04-27
87, 17, 2019-06-27, 2020-07-25
87, 11, 2015-06-29, NULL
2, 4, 2017-10-03, NULL
91, 5, 2017-10-05, 2018-04-24
123, 7, 2015-02-13, 2015-07-09
149, 3, 2018-07-17, 2019-08-15
179, 28, 2016-07-02, 2017-01-20
50, 3, 2019-05-02, 2019-12-15
148, 30, 2019-06-18, 2019-10-13
30, 1, 2018-09-04, 2019-01-02
173, 11, 2016-05-24, 2016-07-27
48, 5, 2021-04-26, 2022-01-26
125, 10, 2022-10-15, 2023-07-30
182, 10, 2019-08-11, 2020-03-23
121, 26, 2017-01-03, 2017-12-20
157, 25, 2019-05-28, 2020-07-06
138, 11, 2020-03-20, 2020-10-03
181, 29, 2020-06-14, 2021-07-01
171, 17, 2017-09-23, NULL
131, 9, 2017-03-28, 2017-05-01
1, 12, 2022-02-15, 2022-05-24
140, 26, 2021-07-23, NULL
106, 30, 2017-11-06, 2018-03-05
1, 4, 2015-12-28, 2016-05-15
77, 26, 2017-05-12, 2017-08-07
125, 21, 2017-11-30, NULL
153, 14, 2021-03-17, 2022-02-14
165, 5, 2018-07-29, 2019-02-02
46, 3, 2016-05-05, 2017-08-13
14, 27, 2019-03-28, 2019-05-16
27, 7, 2021-11-01, 2022-07-06
74, 29, 2015-06-16, 2016-06-09
90, 9, 2020-02-24, 2021-06-02
47, 13, 2023-04-15, 2023-09-22
77, 24, 2020-01-25, 2021-03-17
88, 23, 2019-07-27, 2019-11-09
67, 24, 2020-04-13, 2020-06-16
109, 12, 2020-04-15, 2021-04-07
143, 13, 2017-04-21, 2017-06-28
135, 13, 2015-06-01, 2016-02-24
71, 21, 2016-02-11, 2017-04-05
94, 23, 2022-05-29, 2023-05-05
60, 28, 2019-04-19, 2019-07-15
110, 3, 2018-10-06, NULL
137, 30, 2016-01-29, NULL
114, 1, 2021-04-11, 2022-03-21
58, 30, 2017-07-07, 2017-12-01
73, 10, 2020-05-29, 2020-08-05
187, 20, 2021-09-07, NULL
122, 20, 2022-03-22, 2023-06-17
14, 18, 2015-12-26, 2017-02-05
6, 13, 2018-06-15, 2019-01-25
178, 28, 2015-03-16, 2015-08-15
171, 16, 2015-09-20, 2016-12-25
184, 14, 2020-08-19, 2020-12-15
160, 9, 2016-11-14, 2017-06-30
182, 30, 2017-03-03, 2018-03-07
34, 24, 2022-02-21, 2022-07-03
136, 14, 2020-02-12, 2021-06-05
110, 29, 2015-05-08, 2016-05-27
1, 1, 2019-07-19, 2019-11-07
23, 14, 2021-05-04, 2021-09-12
90, 18, 2016-10-06, 2017-12-26
51, 8, 2016-05-05, 2017-04-18
68, 9, 2016-11-19, 2017-10-14
163, 2, 2021-05-22, 2022-06-06
140, 7, 2019-03-13, 2020-05-17
90, 26, 2021-03-30, 2022-05-10
6, 2, 2022-11-04, 2023-08-27
137, 3, 2023-02-27, 2023-05-24
123, 29, 2016-06-30, 2016-08-13
86, 8, 2021-02-22, 2022-05-13
81, 18, 2015-04-04, 2015-11-17
92, 28, 2021-03-02, 2021-07-29
138, 13, 2018-04-30, 2019-09-06
64, 27, 2015-01-22, 2015-04-01
29, 26, 2015-05-12, 2016-06-20
135, 11, 2020-09-15, 2020-11-23
168, 22, 2021-05-01, 2021-05-30
103, 29, 2019-07-03, 2020-08-17
140, 12, 2022-07-30, 2023-02-13
184, 19, 2023-05-14, 2023-09-12
174, 11, 2019-09-28, 2020-06-05
133, 6, 2020-03-07, 2021-04-27
31, 2, 2019-02-28, 2019-09-02
71, 12, 2016-07-10, 2017-01-03
144, 24, 2017-08-26, 2018-01-06
163, 1, 2020-04-04, 2020-12-30
139, 3, 2018-12-10, 2019-07-03
74, 2, 2015-04-21, 2016-06-19
55, 18, 2019-08-04, 2020-01-22
30, 9, 2015-10-31, 2016-12-10
143, 16, 2016-07-23, 2017-10-02
144, 26, 2021-05-19, 2022-07-26
148, 27, 2022-05-30, 2022-07-12
96, 4, 2019-06-20, 2019-12-05
131, 3, 2016-03-02, 2016-10-27
144, 30, 2019-05-16, 2020-07-26
131, 15, 2018-09-26, 2019-10-11
165, 17, 2016-10-23, 2018-02-28
70, 5, 2022-09-08, 2023-09-06
132, 16, 2022-11-06, 2023-03-04
60, 2, 2018-01-06, 2018-03-06
118, 7, 2018-12-14, 2019-05-04
200, 7, 2021-04-10, 2022-02-13
174, 14, 2022-06-04, 2022-11-18
90, 11, 2017-12-02, NULL
47, 13, 2022-08-18, 2023-03-28
192, 2, 2018-11-14, 2020-01-03
89, 10, 2021-01-15, 2021-11-17
80, 29, 2018-03-14, 2018-10-15
56, 3, 2023-05-23, 2023-07-15
148, 22, 2016-01-17, 2017-01-18
87, 15, 2019-03-25, 2019-12-24
115, 4, 2016-06-11, 2016-09-05
162, 18, 2021-03-11, 2021-06-16
49, 23, 2015-11-17, 2017-02-19
77, 26, 2020-07-29, 2021-03-29
83, 26, 2015-07-11, 2015-09-13
63, 23, 2017-03-23, 2018-04-29
17, 25, 2015-03-29, 2016-06-07
15, 15, 2019-04-27, 2020-02-29
77, 2, 2015-03-01, 2016-03-12
75, 30, 2021-01-13, 2021-05-31
133, 27, 2015-02-09, 2015-05-08
14, 5, 2017-09-07, 2018-07-17
78, 9, 2021-06-29, 2022-03-05
138, 30, 2015-02-22, 2015-09-24
69, 21, 2020-09-15, 2021-06-15
84, 29, 2021-09-09, 2022-06-20
15, 6, 2015-04-05, NULL
184, 24, 2022-06-05, 2023-01-05
170, 15, 2015-11-06, 2016-11-15
120, 23, 2018-02-11, 2018-06-28
132, 16, 2021-02-16, 2022-03-29
117, 23, 2017-11-23, 2018-05-16
141, 13, 2019-04-18, 2019-07-27
83, 17, 2021-01-26, 2021-02-27
112, 22, 2016-04-02, 2016-09-11
191, 28, 2016-04-07, 2016-09-02
143, 7, 2022-10-27, 2023-01-23
181, 20, 2023-04-01, 2023-07-25
144, 7, 2017-11-11, NULL
96, 16, 2022-03-08, 2022-07-31
140, 9, 2016-09-06, 2017-05-19
18, 12, 2019-03-18, 2019-09-19
137, 5, 2019-10-06, 2020-12-25
72, 21, 2020-04-06, 2021-03-08
170, 18, 2018-01-25, 2018-08-13
10, 25, 2018-11-12, 2020-01-29
57, 30, 2022-11-22, 2023-02-19
81, 24, 2016-04-08, 2017-06-26
140, 17, 2015-10-10, 2016-07-24
179, 1, 2023-03-15, 2023-07-21
171, 20, 2019-05-23, 2020-10-03
143, 22, 2017-12-26, 2018-06-02
159, 14, 2022-04-13, 2022-07-18
36, 28, 2015-07-19, 2015-09-18
118, 29, 2023-01-22, 2023-05-11
157, 8, 2022-08-01, 2023-08-25
32, 13, 2023-02-15, 2023-05-23
184, 27, 2017-10-29, 2018-11-13
67, 27, 2017-02-16, 2017-10-02
156, 4, 2018-06-17, 2019-09-18
155, 10, 2021-12-10, 2022-12-12
143, 9, 2015-02-16, 2015-03-31
16, 15, 2018-04-04, 2019-04-19
47, 24, 2016-02-05, 2016-05-08
196, 25, 2021-09-05, 2022-01-29
86, 16, 2022-05-20, 2023-04-12
180, 6, 2022-05-07, 2023-08-20
68, 13, 2017-07-11, 2018-03-09
21, 25, 2019-06-25, 2020-02-19
164, 13, 2015-10-19, 2016-09-17
73, 13, 2022-03-02, 2022-08-21
100, 2, 2023-05-20, 2024-02-04
115, 2, 2021-04-21, 2022-03-28
191, 27, 2022-09-14, 2023-09-13
24, 4, 2021-03-21, 2022-05-18
192, 23, 2016-11-06, 2018-03-11
28, 24, 2023-04-13, 2024-03-01
19, 10, 2019-09-13, 2020-08-14
40, 9, 2019-10-20, 2021-01-17
2, 1, 2020-01-26, 2020-05-01
37, 5, 2022-02-11, 2022-07-10
88, 27, 2020-11-01, 2021-05-01
130, 21, 2020-03-13, 2020-05-21
95, 17, 2017-10-11, 2018-05-16
158, 15, 2022-05-21, 2023-05-17
64, 2, 2015-06-02, NULL
57, 22, 2019-09-03, 2020-09-21
92, 10, 2017-03-19, 2017-07-02
186, 25, 2015-04-18, 2015-06-03
125, 10, 2016-06-06, 2016-08-29
24, 22, 2017-03-23, 2018-04-02
104, 23, 2020-03-12, 2020-09-06
163, 25, 2020-07-17, 2021-02-02
153, 6, 2018-07-01, 2019-02-14
172, 22, 2016-10-28, 2017-01-22
3, 13, 2022-06-04, 2023-05-28
4, 5, 2023-05-06, 2024-05-09
200, 3, 2018-08-18, 2019-02-07
50, 30, 2020-08-09, 2021-02-10
151, 21, 2017-05-12, 2018-04-09
49, 7, 2019-05-09, 2019-07-03
30, 5, 2018-12-13, 2019-06-24
109, 12, 2020-11-05, 2021-03-03
173, 11, 2021-02-26, NULL
24, 7, 2021-03-02, NULL
131, 30, 2016-12-03, 2017-04-17
38, 28, 2018-09-16, 2019-01-11
186, 19, 2019-05-12, 2020-02-07
73, 18, 2019-02-12, NULL
86, 13, 2019-10-28, 2020-03-03
52, 16, 2022-04-04, 2023-08-08
61, 19, 2017-05-29, 2018-02-02
175, 11, 2015-09-22, NULL
32, 2, 2020-09-14, 2021-10-19
39, 10, 2020-08-07, 2020-10-06
64, 2, 2015-10-06, 2015-12-02
83, 3, 2022-05-20, 2023-08-12
178, 30, 2018-12-11, 2019-12-16
79, 27, 2023-04-10, 2024-05-25
121, 19, 2021-12-28, 2022-11-24
159, 30, 2021-03-12, 2021-09-30
14, 27, 2016-05-08, 2016-11-08
38, 22, 2022-04-23, 2022-05-05
90, 22, 2022-10-04, 2023-01-18
26, 27, 2022-05-07, 2022-12-01
37, 24, 2018-06-24, 2018-10-03
98, 3, 2017-09-06, 2018-07-16
5, 17, 2019-11-22, 2020-09-07
168, 21, 2020-12-17, 2021-09-26
126, 21, 2018-09-19, 2020-01-27
79, 26, 2015-08-16, 2016-09-29
155, 5, 2016-07-30, 2017-02-24
34, 25, 2016-06-21, 2017-09-06
48, 1, 2018-01-25, 2018-11-29
106, 17, 2021-03-31, NULL
132, 30, 2021-02-19, 2021-10-22
40, 24, 2020-05-06, 2020-06-15
198, 18, 2023-05-31, 2024-09-18
139, 14, 2017-12-26, 2018-06-17
180, 6, 2015-05-25, 2016-07-16
97, 13, 2020-11-03, 2022-03-09
104, 29, 2021-10-21, 2022-05-31
163, 26, 2016-12-02, 2017-01-09
84, 10, 2018-10-29, 2019-06-22
155, 4, 2018-10-01, 2019-03-12
36, 9, 2020-04-07, 2021-01-19
95, 12, 2015-03-30, 2016-04-26
51, 18, 2020-03-10, 2021-04-11
41, 24, 2022-10-08, 2022-12-05
97, 27, 2015-11-25, 2016-08-30
67, 15, 2019-09-22, 2021-01-14
87, 2, 2019-11-21, 2020-06-18
92, 15, 2021-08-25, 2021-08-27
179, 18, 2020-06-27, 2020-08-08
48, 15, 2017-01-22, 2018-01-17
171, 16, 2017-08-29, 2018-08-16
163, 22, 2015-09-03, 2015-09-22
147, 21, 2017-05-12, 2018-04-24
35, 18, 2015-11-10, 2016-07-02
59, 25, 2020-06-29, NULL
44, 11, 2020-07-07, 2020-08-01
163, 25, 2021-08-16, 2022-06-07
59, 22, 2022-06-09, 2023-04-06
7, 4, 2020-05-05, 2021-09-07
115, 10, 2015-01-19, 2016-04-05
15, 26, 2018-03-13, 2018-12-11
17, 15, 2019-03-27, 2019-10-19
113, 23, 2021-10-07, 2022-11-19
5, 30, 2018-11-02, 2019-08-02
174, 7, 2015-07-23, NULL
137, 28, 2018-07-15, 2019-07-28
86, 24, 2021-01-10, 2021-05-03
80, 9, 2015-04-08, 2015-12-12
200, 18, 2017-10-13, 2018-06-30
145, 5, 2018-08-29, 2018-09-16
109, 6, 2022-01-15, NULL
75, 2, 2020-08-23, 2020-10-23
12, 17, 2017-06-05, 2017-12-06
61, 16, 2022-10-03, 2023-10-12
141, 11, 2019-02-18, 2019-07-08
86, 20, 2020-11-12, 2021-03-16
142, 8, 2019-05-05, 2019-08-22
20, 27, 2015-02-26, 2016-01-06
124, 16, 2020-07-29, 2021-08-29
157, 13, 2020-04-02, 2021-01-28
60, 4, 2021-04-24, 2022-08-09
142, 30, 2020-06-24, 2021-01-05
136, 16, 2018-07-20, 2018-08-28
111, 18, 2016-07-09, 2016-12-11
128, 27, 2021-04-26, 2021-06-03
42, 28, 2017-10-18, NULL
51, 28, 2015-11-29, 2016-09-15
44, 8, 2015-05-22, 2015-08-22
129, 24, 2015-07-03, 2016-10-24
126, 8, 2018-07-07, 2018-11-10
58, 27, 2015-01-07, 2016-01-01
100, 26, 2018-09-20, 2019-05-03
56, 10, 2020-12-12, 2021-04-28
117, 17, 2017-06-01, 2017-07-01
146, 26, 2023-01-30, 2023-08-10
53, 24, 2016-12-12, 2017-08-23
192, 19, 2016-04-13, 2016-09-16
167, 12, 2021-12-25, 2022-08-09
21, 15, 2018-12-03, 2020-02-15
70, 9, 2018-08-05, 2019-03-30
36, 10, 2020-12-08, 2022-03-16
64, 4, 2020-10-25, 2021-08-17
103, 4, 2017-11-15, 2018-12-29
121, 12, 2016-05-30, 2017-05-17
66, 5, 2021-11-05, 2022-10-31
151, 14, 2020-01-07, 2020-06-16
11, 24, 2017-03-31, 2017-04-24
125, 22, 2021-05-04, 2022-01-31
180, 5, 2019-03-08, 2019-05-06
171, 6, 2018-06-26, 2019-10-20
28, 11, 2019-03-28, 2019-07-13
130, 4, 2021-05-08, 2022-08-10
94, 20, 2021-01-25, 2021-09-23
3, 4, 2018-03-03, 2019-02-25
10, 26, 2017-09-27, 2018-12-05
174, 24, 2023-01-01, 2023-04-22
60, 17, 2020-01-23, 2021-01-05
51, 12, 2019-09-09, 2020-10-16
21, 20, 2018-04-13, 2019-01-22
51, 3, 2019-03-29, 2020-05-25
138, 21, 2015-02-20, 2015-05-13
103, 5, 2023-03-02, 2023-12-13
54, 11, 2019-12-03, 2020-09-17
131, 18, 2015-10-24, 2017-03-02
165, 22, 2017-09-25, 2017-11-15
134, 16, 2015-09-09, 2016-02-23
65, 22, 2016-04-14, 2016-11-02
3, 16, 2017-02-20, 2017-11-05
147, 5, 2022-07-30, 2022-08-07
119, 6, 2017-02-18, 2018-05-27
110, 20, 2020-02-25, 2021-04-09
12, 8, 2017-08-07, NULL
82, 24, 2022-06-13, NULL
154, 29, 2019-06-05, 2020-03-01
49, 13, 2021-05-24, 2021-09-24
141, 30, 2017-08-17, 2018-03-09
42, 4, 2020-09-13, 2020-11-23
60, 24, 2020-01-08, 2020-03-04
190, 25, 2018-06-09, 2018-11-21
109, 16, 2015-07-29, 2015-09-21
124, 19, 2018-10-28, 2019-02-09
7, 18, 2016-06-21, 2017-07-08
63, 9, 2018-12-31, 2019-08-01
20, 2, 2016-08-30, 2017-10-04
30, 22, 2021-08-03, NULL
74, 29, 2016-06-17, 2017-07-26
123, 26, 2015-07-19, 2016-05-27
38, 3, 2017-12-19, 2018-07-20
193, 16, 2018-11-30, 2020-02-13
51, 21, 2019-08-04, 2019-12-07
25, 28, 2015-09-21, 2015-12-20
181, 18, 2018-09-03, 2018-12-22
33, 20, 2015-06-22, 2015-07-24
33, 26, 2017-07-17, 2018-06-02
10, 17, 2019-05-01, 2020-07-08
147, 27, 2020-03-02, 2021-05-16
130, 6, 2022-07-03, 2023-09-15
103, 20, 2019-10-26, 2020-03-22
38, 23, 2017-08-26, 2018-09-02
109, 12, 2017-06-20, 2017-08-11
127, 4, 2016-10-15, 2017-02-21
171, 20, 2021-04-17, 2021-04-26
148, 12, 2022-11-09, 2023-01-19
139, 6, 2019-09-23, 2020-05-05
64, 12, 2020-06-26, 2021-07-26
139, 2, 2016-11-10, 2017-02-06
7, 1, 2022-04-13, 2022-09-21
125, 27, 2020-08-11, 2021-05-02
72, 22, 2018-08-22, 2019-12-28
74, 2, 2019-09-12, 2020-02-10
171, 16, 2020-09-13, 2020-09-24
2, 11, 2016-04-20, 2016-11-08
44, 7, 2017-05-07, 2018-05-01
149, 30, 2018-01-12, 2019-04-20
66, 6, 2021-06-04, 2021-08-04
168, 9, 2017-09-15, 2017-11-30
143, 28, 2019-05-24, 2019-10-25
165, 11, 2019-08-20, 2020-03-26
101, 10, 2017-11-24, 2019-01-25
108, 17, 2019-03-31, 2020-01-22
191, 1, 2023-03-30, 2024-06-24
31, 18, 2020-08-12, 2020-12-03
54, 4, 2017-09-17, 2018-05-02
10, 12, 2019-12-13, 2020-02-09
37, 1, 2019-10-05, 2019-10-23
196, 12, 2016-08-23, 2017-01-02
176, 4, 2018-12-13, 2020-04-11
173, 13, 2019-08-30, 2020-07-20
81, 27, 2023-04-29, 2023-07-25
170, 10, 2017-02-12, 2017-02-17
12, 25, 2015-10-14, 2016-09-27
164, 25, 2021-03-20, 2022-05-30
1, 20, 2019-10-22, 2020-12-28
125, 11, 2016-09-22, NULL
85, 17, 2015-08-13, 2016-03-07
132, 17, 2020-02-13, 2020-06-27
89, 5, 2017-11-23, 2018-06-30
34, 22, 2019-07-20, 2020-08-19
133, 4, 2015-09-05, 2016-08-31
46, 25, 2022-01-24, 2023-03-23
188, 6, 2016-10-11, 2017-05-08
151, 28, 2015-02-18, 2016-02-19
82, 30, 2015-04-03, 2016-06-16
42, 8, 2022-05-23, 2023-01-06
131, 19, 2018-12-22, 2020-02-03
173, 12, 2019-03-21, 2020-07-04
181, 12, 2017-10-24, NULL
30, 2, 2022-03-07, 2022-03-12
97, 14, 2020-11-28, 2021-12-12
170, 29, 2021-07-31, 2022-01-15
105, 28, 2018-05-05, NULL
156, 5, 2018-01-25, 2018-11-10
136, 14, 2017-01-02, 2018-01-31
81, 12, 2015-04-28, NULL
165, 26, 2019-02-28, 2019-10-18
40, 2, 2021-01-12, 2021-12-09
69, 22, 2023-05-22, 2023-09-04
12, 7, 2018-04-11, 2018-05-08
100, 24, 2018-11-18, 2020-02-06
22, 18, 2022-07-03, 2022-11-25
10, 6, 2021-07-19, 2021-11-08
89, 8, 2023-02-02, 2023-06-18
85, 11, 2016-11-18, 2017-02-20
104, 25, 2017-01-18, 2017-03-20
155, 30, 2019-10-01, 2020-03-12
197, 20, 2017-01-23, 2017-06-09
60, 18, 2017-08-09, 2018-02-15
102, 22, 2017-05-08, 2018-08-08
108, 29, 2021-11-28, 2023-03-07
69, 14, 2017-10-09, 2018-11-14
134, 11, 2022-02-04, 2022-08-23
147, 13, 2020-09-12, 2021-01-22
93, 3, 2018-03-16, 2018-06-21
77, 22, 2017-03-16, 2017-06-14
66, 10, 2019-06-22, 2019-09-10
51, 21, 2015-05-16, 2016-04-13
164, 29, 2015-12-08, NULL
140, 3, 2018-08-30, 2019-07-22
172, 17, 2018-11-21, 2018-12-06
135, 29, 2019-09-23, 2020-02-08
121, 5, 2015-02-22, 2015-10-09
87, 12, 2017-07-01, 2018-06-26
19, 15, 2021-01-25, 2021-05-04
37, 24, 2017-09-10, 2019-01-17
174, 16, 2017-04-06, 2018-02-10
68, 13, 2018-12-24, 2019-03-30
99, 26, 2021-09-21, NULL
95, 27, 2018-05-11, 2018-07-08
40, 14, 2021-02-25, 2021-10-26
134, 7, 2017-06-12, 2018-08-02
100, 4, 2017-03-30, 2018-06-18
81, 14, 2015-09-11, 2016-07-30
128, 15, 2016-06-17, 2016-07-13
29, 16, 2016-11-02, 2017-10-12
51, 9, 2020-01-14, 2021-02-15
20, 20, 2020-02-19, 2021-03-08
128, 17, 2020-06-26, 2021-08-17
113, 26, 2015-06-16, 2015-12-16
48, 24, 2021-06-20, 2021-06-29
199, 14, 2021-02-01, 2021-04-07
97, 29, 2019-02-28, 2019-08-11
8, 23, 2018-06-13, 2019-09-19
122, 3, 2015-03-04, NULL
111, 24, 2018-01-18, 2018-02-08
82, 23, 2017-11-03, 2017-12-23
111, 4, 2020-05-22, 2021-01-30
42, 25, 2020-01-14, 2020-03-30
95, 16, 2023-04-29, 2023-12-28
92, 26, 2015-08-28, 2016-10-04
46, 10, 2023-01-07, 2023-06-10
107, 20, 2018-01-06, 2018-05-06
181, 22, 2017-12-22, 2019-03-31
191, 4, 2017-05-24, NULL
87, 4, 2021-02-12, 2021-08-20
127, 12, 2018-03-24, 2019-04-18
87, 14, 2019-10-16, NULL
72, 9, 2022-10-04, 2023-11-28
121, 29, 2015-01-20, 2016-01-15
170, 27, 2023-04-26, 2024-06-07
193, 29, 2015-07-09, 2015-10-01
62, 7, 2017-06-01, NULL
156, 21, 2018-10-01, 2019-11-03
62, 9, 2018-11-15, NULL
163, 27, 2022-10-21, NULL
187, 25, 2015-09-22, 2016-03-18
16, 9, 2020-06-10, 2020-12-23
189, 27, 2018-08-10, 2019-08-06
17, 21, 2015-08-28, NULL
98, 6, 2016-08-09, 2017-03-11
111, 19, 2023-05-04, 2023-12-13
34, 2, 2021-02-19, 2021-04-20
26, 12, 2020-03-06, 2020-09-28
80, 15, 2021-04-25, 2022-08-30
117, 5, 2017-03-12, 2018-01-19
135, 17, 2022-08-09, 2023-01-12
169, 29, 2023-04-09, 2024-03-14
88, 13, 2021-01-17, 2021-02-13
112, 12, 2021-06-22, 2022-09-08
17, 12, 2019-03-13, 2019-08-13
127, 21, 2017-04-08, 2017-12-20
194, 5, 2018-04-01, 2019-07-06
79, 10, 2017-06-07, NULL
154, 3, 2018-12-01, 2019-01-29
124, 20, 2018-08-13, 2019-04-19
188, 29, 2017-10-10, NULL
141, 20, 2023-05-22, 2024-08-12
104, 3, 2018-06-03, 2019-07-11
170, 22, 2022-10-08, 2024-01-05
118, 23, 2016-12-07, 2017-08-25
58, 28, 2021-12-05, 2022-06-04
19, 14, 2018-06-04, 2019-06-11
6, 28, 2021-08-14, 2022-03-22
123, 22, 2020-12-30, 2022-04-02
41, 1, 2020-12-21, 2021-02-14
153, 30, 2020-10-27, 2021-07-21
59, 16, 2018-02-26, 2018-09-21
98, 13, 2016-02-26, 2016-10-22
197, 19, 2022-06-10, 2022-06-18
45, 28, 2023-03-01, 2023-12-31
80, 23, 2015-01-10, 2015-05-18
103, 3, 2015-06-22, 2015-10-29
185, 13, 2019-08-25, 2020-03-16
177, 11, 2018-04-07, 2019-08-06
79, 14, 2015-11-16, 2016-08-19
30, 30, 2015-05-01, NULL
167, 7, 2017-02-18, NULL
124, 19, 2019-12-06, 2021-04-12
15, 18, 2016-02-04, 2016-12-24
81, 10, 2019-02-02, 2019-04-25
121, 9, 2019-12-20, 2020-10-23
89, 18, 2016-12-01, 2016-12-14
45, 8, 2023-01-24, 2024-02-17
169, 13, 2021-12-29, NULL
5, 11, 2021-09-02, 2022-04-03
167, 6, 2016-07-09, 2017-03-25
169, 29, 2019-03-31, 2020-05-08
182, 11, 2020-06-03, 2021-01-10
45, 29, 2018-03-02, 2018-08-07
173, 7, 2022-03-25, 2022-12-30
140, 21, 2015-04-22, 2015-05-05
192, 4, 2016-07-15, 2017-02-28
104, 11, 2020-01-12, 2021-04-08
188, 26, 2017-01-03, 2017-01-13
25, 30, 2018-04-07, 2018-05-05
122, 28, 2019-10-27, 2019-11-18
100, 13, 2019-10-20, 2021-02-03
183, 30, 2017-10-16, 2018-02-11
5, 1, 2023-01-30, 2023-04-17
40, 16, 2021-05-25, 2021-07-02
175, 16, 2020-06-09, NULL
180, 12, 2018-09-01, 2019-04-07
99, 5, 2018-05-02, 2018-06-22
176, 23, 2021-11-09, 2022-06-25
92, 2, 2018-06-10, 2018-07-13
170, 6, 2022-04-26, 2023-05-27
129, 21, 2017-01-19, 2018-05-17
157, 2, 2018-02-19, 2018-05-25
51, 9, 2020-03-06, 2021-07-02
104, 17, 2018-07-04, NULL
98, 9, 2021-12-12, 2022-10-28
29, 8, 2023-03-08, 2023-10-27
21, 23, 2015-11-08, 2016-12-01
119, 13, 2020-10-08, 2021-07-26
12, 2, 2017-01-04, 2017-02-24
46, 20, 2017-12-29, 2018-08-31
60, 19, 2021-05-31, 2022-08-27
110, 10, 2019-05-25, 2019-09-25
137, 16, 2018-09-09, NULL
131, 12, 2020-03-04, 2020-11-07
42, 9, 2019-04-22, 2020-02-10
71, 8, 2019-06-13, 2020-06-03
23, 13, 2015-01-21, 2015-10-04
189, 10, 2019-05-10, 2020-02-18
153, 27, 2022-11-13, NULL
174, 26, 2023-03-05, 2024-04-26
148, 17, 2015-07-17, 2016-02-12
60, 12, 2020-11-18, 2021-12-13
148, 10, 2019-06-29, 2019-12-28
44, 18, 2019-06-13, 2019-12-22
82, 12, 2022-11-21, 2023-03-25
151, 8, 2017-07-24, 2017-08-12
93, 15, 2022-10-07, 2024-02-02
71, 16, 2022-04-12, 2023-07-13
92, 11, 2021-04-29, 2022-06-09
134, 14, 2022-02-10, 2022-11-08
127, 4, 2016-02-28, 2016-03-07
44, 3, 2016-05-10, 2017-03-17
192, 7, 2015-04-01, 2016-07-16
10, 20, 2017-04-15, 2018-08-12
140, 24, 2015-12-21, 2017-04-19
104, 30, 2020-11-07, NULL
11, 16, 2021-02-10, 2021-12-30
27, 13, 2015-09-26, 2016-10-19
15, 27, 2015-03-11, 2016-03-05
65, 16, 2018-11-11, 2019-04-10
164, 3, 2023-03-29, 2023-06-18
125, 18, 2023-03-23, 2023-04-14
128, 16, 2018-11-28, 2019-03-19
95, 2, 2023-01-21, 2023-09-04
91, 15, 2022-04-24, NULL
24, 5, 2022-11-27, 2024-03-17
23, 1, 2020-04-08, 2021-01-14
121, 6, 2021-06-19, 2021-07-04
18, 26, 2015-09-15, 2016-03-17
88, 21, 2018-10-21, 2019-08-31
108, 1, 2020-05-29, 2020-12-02
169, 21, 2017-07-19, 2018-06-02
2, 18, 2020-07-24, 2021-08-11
153, 18, 2021-12-03, 2023-04-03
35, 3, 2022-10-06, 2022-10-28
132, 28, 2021-06-11, 2021-06-13
200, 28, 2023-05-17, NULL
19, 2, 2017-03-22, 2017-04-16
92, 19, 2020-04-22, 2020-05-25
146, 30, 2015-04-24, 2015-12-06
3, 16, 2022-08-10, 2023-11-26
199, 8, 2020-09-10, 2021-12-20
186, 19, 2015-12-27, 2016-11-27
8, 13, 2017-12-23, NULL
110, 12, 2022-03-15, 2023-05-29
74, 26, 2018-02-10, NULL
199, 28, 2019-12-07, 2020-04-21
158, 14, 2022-06-14, 2022-07-11
136, 19, 2015-03-10, 2015-04-11
155, 1, 2017-07-30, 2018-10-29
110, 21, 2021-08-09, 2021-11-12
129, 19, 2023-02-20, 2023-05-27
37, 12, 2021-08-02, 2021-10-09
193, 20, 2016-05-30, 2017-09-30
108, 1, 2018-08-23, 2018-10-20
133, 27, 2021-05-05, 2022-06-02
118, 16, 2021-03-23, 2022-04-14
23, 20, 2023-01-04, 2023-08-10
31, 28, 2015-12-24, 2016-11-28
75, 28, 2015-04-02, 2016-02-04
47, 5, 2016-08-06, 2017-08-08
171, 7, 2017-08-27, NULL
96, 8, 2017-08-29, 2017-08-30
155, 19, 2017-11-03, 2019-03-09
92, 22, 2016-04-18, 2016-08-21
191, 26, 2020-04-19, 2021-03-19
109, 29, 2016-01-23, 2016-06-23
180, 25, 2021-03-29, 2022-06-19
132, 2, 2016-11-08, 2016-12-06
117, 16, 2016-07-24, 2017-11-09
114, 11, 2015-03-25, 2015-04-01
40, 29, 2020-03-09, 2020-12-21
200, 22, 2015-05-23, 2015-09-07
199, 2, 2015-01-18, 2015-12-28
127, 8, 2017-11-20, 2019-02-21
72, 8, 2021-07-08, 2022-03-09
120, 23, 2015-03-22, 2016-03-03
194, 18, 2020-02-12, 2020-09-23
15, 15, 2017-01-02, 2017-05-05
185, 4, 2015-11-29, 2016-08-17
161, 2, 2020-05-31, 2021-09-28
176, 3, 2017-10-27, 2018-12-28
119, 10, 2018-08-04, 2018-11-22
1, 2, 2021-03-12, 2022-06-03
5, 15, 2016-01-20, 2017-03-09
110, 23, 2017-11-12, 2018-06-01
69, 18, 2015-03-21, 2015-05-23
131, 23, 2021-04-15, 2022-07-11
182, 11, 2016-06-12, 2016-11-26
172, 29, 2019-12-08, 2020-12-22
7, 17, 2020-09-28, 2021-06-21
5, 24, 2021-05-31, 2021-08-19
4, 23, 2016-02-29, 2017-04-06
115, 9, 2015-01-16, 2015-12-20
113, 24, 2021-10-04, 2022-01-21
190, 23, 2015-07-11, 2015-07-31
58, 3, 2020-01-26, 2020-10-10
108, 2, 2021-12-17, NULL
100, 3, 2022-03-03, 2022-08-19
177, 11, 2017-05-10, NULL
103, 27, 2022-05-19, 2023-08-28
138, 13, 2019-08-06, 2020-08-22
149, 12, 2015-12-16, 2016-10-15
84, 15, 2020-12-01, NULL
118, 26, 2021-08-18, 2022-01-23
6, 10, 2019-01-31, 2019-12-10
177, 28, 2018-10-19, 2020-01-03
10, 7, 2023-03-15, 2023-04-30
31, 13, 2020-12-14, 2021-04-11
155, 13, 2015-03-24, 2015-12-02
31, 25, 2023-05-09, 2023-12-26
55, 12, 2016-01-17, 2016-12-21
160, 2, 2021-04-22, 2021-11-22
17, 24, 2020-06-02, 2020-11-08
83, 22, 2023-05-04, 2023-05-16
151, 21, 2021-04-30, 2021-07-07
66, 28, 2016-04-07, NULL
185, 10, 2018-02-22, 2018-04-01
78, 19, 2015-05-28, 2015-08-11
30, 15, 2018-11-20, 2019-07-02
157, 17, 2020-03-29, NULL
99, 11, 2015-03-07, NULL
145, 25, 2015-10-31, 2017-01-12
186, 19, 2020-08-15, 2021-10-13
135, 20, 2015-06-05, 2016-02-16
98, 1, 2016-03-07, 2016-09-06
79, 26, 2016-07-05, 2017-10-20
6, 13, 2019-05-17, 2020-01-19
24, 14, 2022-05-04, 2023-05-08
29, 9, 2015-01-27, 2015-10-02
150, 16, 2021-06-11, 2022-03-23
100, 27, 2015-07-16, 2015-08-24
139, 14, 2019-05-06, 2020-03-23
106, 10, 2019-02-24, 2020-07-03
143, 8, 2020-12-19, 2021-04-22
125, 12, 2022-05-03, 2023-04-27
43, 12, 2016-09-03, 2016-10-21
46, 4, 2023-03-07, 2024-02-12
131, 25, 2018-10-08, 2020-01-23
59, 25, 2015-05-27, 2016-09-22
7, 17, 2015-10-23, 2016-02-26
73, 14, 2017-06-29, 2017-07-25
178, 29, 2022-11-18, 2023-11-18
150, 16, 2015-07-03, 2015-09-15
180, 7, 2023-04-14, 2023-10-19
121, 22, 2022-09-08, 2022-11-29
180, 4, 2021-09-05, 2021-11-21
51, 19, 2015-05-22, 2015-07-02
2, 9, 2019-08-09, 2020-02-27
154, 6, 2019-12-03, 2021-04-06
183, 14, 2023-02-04, 2023-10-21
180, 6, 2016-08-22, 2017-06-13
118, 2, 2022-03-20, 2023-02-06
188, 23, 2023-03-25, 2023-10-16
122, 10, 2022-06-23, 2023-04-11
56, 16, 2018-06-21, 2018-09-26
9, 18, 2023-05-29, NULL
135, 25, 2019-11-11, 2020-01-20
176, 4, 2021-08-26, 2021-10-23
135, 14, 2018-12-16, 2020-02-06
163, 21, 2023-04-30, 2024-05-08
162, 5, 2017-11-30, 2018-10-22
100, 25, 2018-03-29, 2018-11-19
142, 8, 2016-10-14, 2017-09-01
165, 10, 2015-10-24, 2015-11-25
129, 19, 2016-01-27, 2016-10-10
2, 17, 2018-04-21, 2019-03-05
133, 25, 2016-05-02, 2016-12-14
5, 12, 2017-04-07, 2017-10-25
36, 19, 2023-04-09, 2023-06-28
7, 2, 2018-03-04, 2019-01-23
58, 2, 2022-04-17, 2022-11-30
104, 2, 2020-08-05, 2020-08-27
85, 15, 2021-01-25, NULL
183, 8, 2017-08-01, 2018-08-17
178, 7, 2020-11-06, 2021-12-31
69, 10, 2019-12-28, NULL
128, 18, 2021-05-30, 2022-06-09
28, 29, 2021-12-17, 2022-01-09
133, 8, 2019-11-28, 2020-10-23
97, 17, 2020-02-11, 2020-05-14
163, 4, 2015-11-29, 2017-03-20
134, 13, 2021-02-21, 2022-06-01
185, 6, 2018-03-07, 2018-05-04
20, 15, 2018-01-06, 2018-08-05
164, 4, 2018-04-17, 2018-12-28
155, 14, 2019-05-23, 2020-03-21
85, 23, 2021-10-09, 2022-05-18
185, 3, 2021-07-17, 2022-04-10
5, 22, 2021-12-19, NULL
2, 24, 2017-04-02, 2017-12-24
198, 2, 2018-02-16, 2018-09-15
200, 15, 2019-05-30, 2020-01-07
120, 25, 2019-10-08, NULL
166, 19, 2023-01-22, 2023-03-30
53, 27, 2019-04-26, 2019-10-17
113, 24, 2019-01-31, 2019-06-15
98, 8, 2016-12-25, 2017-12-03
27, 16, 2020-05-09, 2020-09-25
71, 4, 2018-08-08, NULL
174, 6, 2016-11-23, 2017-07-15
160, 2, 2021-12-30, 2022-10-03
67, 21, 2020-08-28, 2020-10-12
187, 15, 2022-09-13, 2023-07-13
20, 7, 2018-12-18, 2019-02-08
83, 9, 2018-09-21, 2019-04-15
73, 8, 2016-02-05, 2017-06-01
130, 30, 2017-08-20, 2017-09-13
66, 1, 2019-05-17, 2020-07-23
80, 9, 2015-12-07, 2016-08-26
48, 2, 2018-08-12, 2019-02-21
20, 22, 2020-12-07, 2022-02-12
72, 13, 2015-08-21, 2015-10-05
116, 13, 2023-05-01, 2024-04-02
90, 25, 2018-01-18, 2018-10-10
166, 27, 2019-03-22, 2019-09-25
180, 13, 2022-11-12, NULL
65, 16, 2015-01-28, 2016-01-26
25, 15, 2016-12-14, 2017-11-16
16, 18, 2021-02-15, 2021-09-02
30, 21, 2021-01-20, NULL
30, 21, 2017-06-21, 2017-07-20
88, 28, 2022-09-02, 2023-04-08
68, 4, 2015-05-03, 2015-05-24
31, 5, 2015-03-05, 2016-06-03
52, 13, 2018-10-12, 2019-01-20
63, 11, 2021-07-06, 2022-10-22
24, 5, 2018-09-19, 2019-05-31
7, 8, 2021-09-15, 2022-03-13
164, 30, 2018-02-22, 2019-05-07
56, 7, 2022-07-31, 2023-10-07
196, 11, 2022-05-26, 2022-08-02
40, 18, 2019-06-19, 2020-07-30
188, 10, 2015-03-07, 2016-01-17
148, 6, 2017-06-10, 2018-02-03
63, 11, 2021-02-24, 2022-04-20
81, 29, 2018-12-25, NULL
178, 9, 2018-06-30, 2019-09-23
74, 13, 2015-03-18, 2015-05-18
173, 7, 2017-02-05, 2018-01-22
159, 21, 2019-07-11, 2019-10-21
25, 22, 2020-09-08, NULL
195, 8, 2020-05-07, 2020-10-15
152, 28, 2019-02-11, 2019-04-12
145, 17, 2016-08-07, 2016-08-31
196, 30, 2015-06-22, 2015-09-18
143, 6, 2022-01-27, 2022-04-29
52, 25, 2020-11-05, 2021-10-08
30, 29, 2016-10-28, 2017-12-01
53, 2, 2022-02-08, 2022-08-05
156, 8, 2017-03-19, NULL
165, 30, 2018-03-21, 2018-04-15
83, 11, 2022-03-21, 2022-09-02
49, 17, 2018-02-20, 2019-01-31
67, 12, 2021-07-13, 2022-09-23
114, 30, 2023-01-25, 2023-12-06
76, 22, 2016-02-15, 2016-07-10
173, 21, 2023-03-07, 2023-09-05
172, 25, 2019-04-11, NULL
178, 5, 2017-01-18, 2018-04-27
157, 13, 2023-03-27, 2023-04-29
181, 30, 2016-02-05, 2016-10-03
74, 2, 2023-04-28, 2023-06-24
1, 15, 2020-03-22, 2020-04-19
100, 15, 2019-05-23, 2020-10-03
90, 26, 2018-04-14, 2019-03-27
153, 22, 2020-05-22, 2021-08-10
54, 17, 2020-06-04, 2021-08-08
128, 5, 2016-02-08, 2016-06-14
130, 21, 2022-12-12, 2023-08-28
176, 9, 2016-09-22, 2016-12-24
46, 20, 2019-07-02, 2020-02-07
49, 8, 2017-10-28, 2018-11-16
148, 8, 2018-02-19, 2019-04-06
1, 24, 2020-04-01, 2021-01-12
38, 2, 2022-03-04, 2022-05-11
159, 15, 2017-10-21, 2017-11-28
181, 10, 2019-09-09, 2020-11-08
183, 2, 2017-12-25, 2018-04-15
51, 6, 2019-07-08, 2019-11-04
39, 3, 2017-10-05, 2018-02-10
197, 17, 2023-04-27, 2023-09-27
91, 4, 2018-10-13, 2019-03-31
136, 4, 2023-05-08, 2024-05-04
121, 15, 2016-12-28, NULL
183, 24, 2021-09-18, 2022-01-10
173, 4, 2019-02-13, NULL
176, 30, 2023-01-20, 2023-08-04
142, 28, 2023-01-31, 2024-02-27
126, 4, 2022-03-28, 2022-11-04
191, 2, 2017-06-18, 2017-07-30
14, 20, 2017-07-22, 2017-12-16
14, 4, 2015-02-02, 2016-04-02
17, 7, 2019-12-28, 2021-05-09
10, 16, 2018-04-13, 2019-06-10
6, 10, 2022-11-14, 2023-10-06
60, 18, 2020-06-22, 2020-08-08
42, 29, 2023-01-09, 2024-01-29
186, 8, 2019-06-14, 2019-09-05
193, 6, 2016-01-14, 2016-12-13
155, 6, 2022-12-19, 2023-01-04
117, 19, 2019-07-20, 2020-03-08
107, 5, 2019-06-12, 2020-03-10
13, 20, 2016-07-28, 2017-04-13
111, 24, 2022-01-07, 2022-03-24
10, 2, 2016-03-26, NULL
173, 3, 2018-05-02, 2018-08-17
35, 19, 2017-12-08, 2019-01-04
145, 5, 2017-09-13, 2017-10-18
194, 11, 2023-02-11, 2023-02-24
41, 27, 2015-07-03, 2016-09-13
56, 7, 2016-09-10, 2017-01-03
94, 16, 2016-10-24, 2017-08-28
57, 6, 2018-03-20, 2019-06-30
144, 5, 2015-07-15, NULL
114, 14, 2019-06-07, 2020-08-18
186, 1, 2022-09-24, 2023-09-25
109, 9, 2020-03-12, 2020-12-24
58, 29, 2015-03-11, 2016-04-04
137, 15, 2017-05-25, 2017-07-15
116, 14, 2020-04-21, 2020-07-18
193, 2, 2019-08-31, 2021-01-01
116, 12, 2022-12-21, 2023-11-20
192, 30, 2019-09-01, 2020-01-18
175, 27, 2020-05-03, 2021-02-10
150, 2, 2015-01-03, 2016-04-15
185, 17, 2023-03-15, 2024-01-03
117, 19, 2018-08-21, 2019-11-24
87, 21, 2015-06-03, 2016-06-13
56, 18, 2022-12-25, 2023-04-22
138, 29, 2016-10-24, 2016-12-05
135, 24, 2021-09-12, 2021-09-19
34, 29, 2020-11-01, 2020-11-12
168, 12, 2020-04-17, 2020-04-19
119, 7, 2020-08-29, 2021-05-02
134, 24, 2017-04-10, 2017-08-15
81, 27, 2020-08-12, 2021-06-19
67, 21, 2016-08-25, 2016-11-04
94, 24, 2023-03-23, 2024-02-07
2, 30, 2017-06-11, 2017-12-08
23, 1, 2022-12-25, 2023-04-20
22, 17, 2019-04-26, 2020-07-24
12, 4, 2022-04-09, 2023-03-23
59, 19, 2017-09-28, NULL
72, 25, 2019-12-24, 2021-03-07
15, 2, 2017-10-20, 2018-02-06
133, 26, 2019-03-17, 2020-01-26
41, 7, 2020-11-09, 2022-03-18
96, 13, 2016-12-25, 2017-06-18
42, 13, 2018-08-20, 2018-11-25
56, 30, 2019-03-17, 2019-11-21
173, 19, 2016-03-23, 2017-05-01
137, 6, 2020-05-13, 2021-07-11
94, 21, 2015-04-23, 2016-06-28
71, 27, 2021-07-15, 2022-06-22
88, 2, 2022-02-18, 2022-11-25
111, 12, 2018-04-24, NULL
61, 2, 2022-01-11, 2023-02-11
25, 8, 2022-01-30, 2022-04-05
22, 11, 2015-11-07, 2016-02-24
103, 1, 2017-03-28, 2017-07-10
106, 26, 2015-01-30, 2015-11-25
85, 17, 2022-12-05, 2023-10-19
126, 4, 2019-06-16, 2019-10-29
20, 19, 2019-11-17, 2020-11-11
130, 2, 2021-12-08, 2023-01-03
167, 10, 2018-12-23, 2019-11-03
189, 11, 2022-07-02, 2023-09-12
93, 14, 2020-03-11, NULL
187, 8, 2018-01-14, 2018-10-21
29, 6, 2020-03-06, 2021-05-26
8, 25, 2021-08-31, 2021-11-02
194, 20, 2020-11-18, 2021-10-06
66, 17, 2015-01-15, 2015-08-22
143, 27, 2018-03-02, 2019-07-03
130, 17, 2019-10-15, 2020-04-15
153, 20, 2020-04-06, 2021-03-11
83, 26, 2016-01-21, 2016-04-24
54, 2, 2019-02-15, 2020-03-07
88, 30, 2021-08-16, 2022-08-16
148, 16, 2019-01-09, 2020-02-22
189, 14, 2017-11-03, 2018-03-19
14, 3, 2022-06-03, 2022-11-20
186, 2, 2020-05-28, 2020-06-14
48, 26, 2015-12-22, 2016-04-29
43, 9, 2017-07-25, 2018-05-13
140, 14, 2022-06-04, 2022-09-25
149, 10, 2021-11-12, 2022-02-24
193, 16, 2016-11-20, 2018-03-23
169, 10, 2016-03-04, 2016-04-08
145, 2, 2020-07-15, 2021-11-06
165, 28, 2019-06-28, 2020-05-27
18, 11, 2016-10-22, 2017-03-29
126, 26, 2016-07-04, 2017-07-03
95, 26, 2017-04-01, 2018-05-20
14, 16, 2021-01-04, 2022-03-03
24, 26, 2015-02-10, 2015-12-04
23, 23, 2018-11-03, 2019-11-12
15, 26, 2021-06-29, 2021-09-19
184, 21, 2018-01-07, 2018-08-25
9, 30, 2017-07-12, NULL
60, 28, 2020-05-13, 2020-11-06
25, 30, 2018-04-16, 2019-01-25
27, 5, 2017-05-06, 2018-05-21
168, 21, 2021-11-30, 2021-12-02
115, 26, 2022-12-04, 2023-06-01
49, 19, 2020-03-28, 2021-01-05
71, 24, 2023-05-14, NULL
165, 15, 2020-10-22, 2021-02-14
95, 24, 2023-05-23, 2023-07-15
174, 25, 2017-10-02, 2018-04-27
118, 18, 2018-11-09, 2018-11-30
172, 14, 2023-03-02, NULL
7, 5, 2022-01-27, 2022-10-14
82, 24, 2016-06-20, 2017-07-16
107, 29, 2022-05-02, 2023-01-19
142, 27, 2018-11-24, 2019-01-05
114, 2, 2021-04-04, 2021-06-07
32, 19, 2019-02-28, 2020-07-07
177, 6, 2021-09-14, 2022-11-14
24, 1, 2021-09-01, 2022-02-12
161, 1, 2019-08-15, 2020-10-19
186, 14, 2016-06-27, 2017-07-28
71, 24, 2017-07-23, 2018-08-19
86, 13, 2019-04-27, NULL
50, 14, 2020-05-21, 2020-06-13
28, 11, 2017-07-22, NULL
197, 30, 2019-10-17, 2021-02-12
58, 20, 2015-06-29, NULL
7, 5, 2018-12-08, 2019-10-12
143, 14, 2015-04-11, 2015-07-17
195, 13, 2015-02-22, 2016-02-12
154, 22, 2019-12-14, 2020-12-02
162, 29, 2019-11-26, 2020-04-12
78, 23, 2023-05-17, 2023-10-12
198, 2, 2021-11-01, 2022-09-09
33, 7, 2016-08-30, 2016-10-13
10, 11, 2022-04-28, 2023-04-20
193, 10, 2015-07-07, NULL
186, 29, 2017-09-16, 2018-09-22
159, 29, 2015-06-03, 2015-08-02
141, 30, 2017-03-23, NULL
124, 4, 2017-04-10, 2017-07-30
10, 17, 2016-01-17, 2016-06-11
116, 7, 2021-04-13, 2022-01-13
117, 2, 2017-01-12, NULL
136, 2, 2020-11-25, 2021-11-08
67, 24, 2020-06-30, 2020-07-02
121, 20, 2020-09-01, 2021-08-25
147, 21, 2019-06-08, 2019-10-03
56, 19, 2023-03-11, 2023-04-15
8, 19, 2016-04-26, 2016-06-16
95, 26, 2018-12-10, 2020-04-08
109, 16, 2020-05-20, 2021-02-13
100, 27, 2021-01-19, 2021-11-11
151, 17, 2020-03-16, 2020-09-13
191, 29, 2021-11-16, 2021-11-24
70, 22, 2018-10-02, NULL
107, 6, 2021-08-13, 2021-08-28
15, 2, 2015-05-21, 2016-04-28
153, 3, 2017-04-20, 2018-07-20
71, 8, 2022-09-22, 2023-07-29
38, 1, 2019-05-04, 2020-03-15
101, 27, 2017-04-25, 2018-07-09
126, 13, 2016-06-26, 2016-07-17
93, 1, 2018-04-30, 2019-06-18
109, 22, 2019-08-22, 2020-05-12
66, 24, 2018-09-17, 2019-07-24
156, 10, 2021-03-07, 2021-07-12
158, 2, 2020-04-05, 2020-10-22
168, 20, 2015-07-20, 2016-05-07
96, 6, 2017-09-15, 2017-12-30
190, 12, 2019-07-05, 2020-07-15
199, 14, 2019-06-10, 2020-07-09
64, 29, 2015-05-30, 2016-08-28
5, 24, 2021-02-26, 2021-07-12
50, 9, 2016-07-19, 2016-11-12
26, 30, 2021-02-05, 2021-09-30
62, 3, 2016-07-23, 2017-01-16
160, 12, 2017-03-07, 2017-09-08
168, 11, 2017-04-11, 2018-01-22
156, 19, 2021-09-12, 2022-08-18
187, 16, 2021-03-11, 2022-05-12
166, 16, 2020-12-19, 2022-01-09
128, 24, 2015-06-24, 2016-08-08
51, 24, 2015-01-12, 2015-10-29
116, 8, 2019-07-01, 2019-08-05
113, 1, 2016-05-04, 2016-09-06
157, 9, 2021-07-18, 2022-01-21
182, 16, 2020-02-11, 2020-02-22
66, 18, 2016-02-02, 2016-08-13
162, 16, 2021-12-25, 2022-11-24
105, 19, 2021-04-29, 2021-11-09
182, 1, 2017-09-15, 2018-05-23
69, 5, 2018-03-06, NULL
128, 11, 2019-07-08, 2020-11-14
60, 27, 2019-06-06, 2020-07-17
75, 2, 2016-05-22, 2016-06-26
170, 2, 2020-07-06, 2021-09-22
83, 13, 2021-02-04, 2022-03-21
114, 7, 2017-10-01, 2017-12-07
183, 2, 2022-11-08, NULL
57, 10, 2019-05-21, 2019-10-16
41, 21, 2017-10-19, 2018-10-21
179, 13, 2016-11-26, 2017-07-22
146, 25, 2017-11-14, NULL
54, 11, 2020-12-25, 2022-03-29
96, 14, 2021-04-02, 2022-08-02
40, 18, 2021-11-08, 2021-12-31
50, 30, 2022-11-01, NULL
76, 19, 2019-11-10, 2021-03-11
26, 26, 2022-02-24, 2022-09-24
27, 28, 2016-09-09, 2017-08-10
159, 28, 2019-05-21, 2020-06-21
150, 1, 2018-07-19, 2018-08-20
47, 21, 2016-02-02, NULL
85, 25, 2020-07-26, 2021-05-11
144, 12, 2023-01-27, 2024-02-12
30, 12, 2022-09-23, 2022-10-16
108, 19, 2019-10-28, 2020-08-10
77, 26, 2018-09-09, 2018-12-09
163, 23, 2017-03-09, 2017-04-12
90, 2, 2020-12-05, 2021-11-24
105, 2, 2015-05-17, 2015-09-29
5, 4, 2021-01-11, 2022-03-24
110, 12, 2018-01-19, 2018-06-01
124, 7, 2023-03-05, 2024-05-16
78, 28, 2015-11-10, 2016-11-13
169, 5, 2017-05-15, 2018-08-15
174, 8, 2022-07-19, NULL
62, 17, 2018-11-22, 2019-11-04
83, 7, 2016-12-11, 2017-04-05
195, 20, 2023-05-23, 2024-02-04
164, 25, 2017-06-03, 2017-10-23
121, 20, 2020-06-11, NULL
76, 23, 2018-11-23, 2019-01-13
5, 1, 2019-10-09, 2020-06-25
31, 15, 2021-09-18, 2022-03-24
169, 23, 2023-05-30, NULL
77, 10, 2022-04-26, 2023-07-08
54, 11, 2017-02-03, 2018-05-02
107, 28, 2022-03-14, 2022-11-02
11, 10, 2021-08-02, 2022-12-05
50, 12, 2018-04-17, 2018-11-26
153, 29, 2021-05-26, 2021-11-16
97, 19, 2022-08-27, 2023-03-22
40, 10, 2018-12-10, 2019-05-18
9, 29, 2015-07-05, 2015-07-18
162, 2, 2015-03-23, 2015-05-29
161, 25, 2016-04-14, 2016-10-06
5, 9, 2015-10-20, 2015-11-26
9, 26, 2019-10-24, 2020-08-22
105, 12, 2016-08-21, 2016-08-27
87, 7, 2017-10-25, 2018-01-26
105, 11, 2017-05-26, 2017-11-07
121, 27, 2017-04-01, 2017-08-12
148, 6, 2018-08-24, 2019-07-26
155, 4, 2019-12-06, NULL
15, 24, 2018-08-17, 2019-05-17
187, 20, 2015-10-21, 2017-02-09
141, 20, 2018-05-23, 2019-08-03
61, 18, 2019-09-24, 2020-12-22
129, 16, 2021-05-04, 2022-05-23
147, 21, 2019-03-07, 2019-09-27
122, 30, 2017-07-22, 2018-10-06
23, 1, 2020-05-30, 2021-03-07
121, 28, 2015-05-09, 2016-05-16
101, 28, 2021-07-18, 2022-06-28
132, 16, 2021-02-05, NULL
77, 2, 2021-04-09, 2021-07-13
50, 3, 2016-08-11, 2016-12-30
107, 23, 2016-12-01, 2018-04-08
150, 22, 2019-08-09, 2019-08-12
12, 20, 2018-11-06, 2019-09-04
106, 18, 2016-12-30, 2017-12-24
162, 13, 2023-02-24, 2024-07-04
64, 24, 2021-09-22, NULL
11, 30, 2021-12-28, 2022-03-01
31, 6, 2019-05-24, 2020-08-14
97, 16, 2021-03-01, 2021-10-30
94, 13, 2015-06-20, 2016-06-16
144, 6, 2017-06-06, 2018-10-08
160, 16, 2021-10-27, 2023-01-14
133, 7, 2021-01-21, 2021-09-08
22, 5, 2017-10-26, 2018-12-26
170, 4, 2018-01-27, 2018-09-19
115, 10, 2016-09-07, 2017-11-18
19, 14, 2019-03-12, 2019-03-20
61, 13, 2022-07-31, 2022-12-28
134, 19, 2015-03-18, NULL
3, 13, 2021-03-31, NULL
152, 16, 2015-03-25, 2015-06-27
92, 24, 2022-09-09, 2022-11-01
105, 11, 2021-06-28, 2021-07-24
73, 14, 2018-11-16, 2019-01-11
195, 11, 2019-06-27, 2020-03-19
149, 24, 2015-12-11, 2016-10-02
156, 18, 2023-03-18, 2024-05-05
10, 20, 2018-10-06, 2019-10-01
29, 11, 2018-08-24, 2019-11-03
131, 29, 2018-05-11, 2018-12-12
94, 11, 2022-03-24, 2023-02-03
133, 8, 2023-05-09, 2024-05-14
184, 15, 2016-01-13, 2016-05-13
72, 5, 2017-02-08, 2018-06-12
28, 30, 2016-02-10, 2016-08-26
84, 4, 2018-05-20, 2018-11-13
189, 7, 2020-07-23, 2021-02-21
181, 16, 2018-03-11, 2019-04-05
180, 10, 2019-06-11, 2020-02-27
110, 24, 2018-04-17, 2018-10-15
50, 2, 2015-09-20, 2016-11-27
87, 26, 2021-09-11, 2021-12-24
60, 3, 2021-11-22, 2022-11-25
137, 16, 2015-06-22, 2015-10-20
196, 1, 2018-11-02, 2019-11-03
169, 8, 2015-02-03, 2015-11-16
30, 2, 2016-05-09, 2017-08-02
55, 19, 2022-03-17, 2023-03-31
70, 10, 2021-10-28, 2022-04-28
117, 7, 2016-01-12, 2016-07-08
3, 5, 2019-11-28, 2020-11-24
62, 10, 2017-09-21, 2018-11-24
55, 3, 2021-01-22, 2021-03-08
66, 24, 2021-12-11, 2022-07-03
55, 25, 2019-01-23, 2019-02-13
70, 2, 2021-11-14, 2023-03-26
147, 19, 2017-07-23, 2018-08-22
170, 21, 2018-11-21, 2019-07-04
28, 23, 2022-09-10, 2023-07-15
107, 3, 2015-01-13, 2015-06-12
68, 7, 2020-01-07, 2020-12-10
6, 22, 2021-05-19, 2022-01-22
64, 17, 2023-02-10, 2024-01-25
75, 8, 2019-05-29, 2019-06-08
194, 17, 2015-04-10, 2016-06-13
78, 18, 2020-04-09, 2020-05-25
73, 29, 2015-04-14, 2015-07-29
99, 2, 2018-11-05, 2020-02-11
19, 14, 2019-04-05, 2020-06-30
84, 25, 2016-07-19, 2017-01-19
39, 7, 2021-05-12, 2022-05-12
11, 21, 2016-12-16, 2017-10-11
11, 23, 2023-03-30, 2023-07-21
64, 1, 2016-11-23, 2017-07-15
179, 5, 2020-01-14, 2020-03-30
121, 18, 2022-10-28, 2022-11-01
92, 27, 2022-11-06, 2023-03-30
108, 20, 2017-05-17, 2018-06-10
155, 19, 2020-12-21, 2021-07-25
160, 10, 2022-05-19, NULL
51, 16, 2022-01-09, 2022-07-14
26, 8, 2016-02-08, 2017-06-18
50, 28, 2015-06-22, NULL
196, 25, 2021-05-05, 2022-09-08
147, 9, 2017-11-11, 2018-11-06
160, 29, 2022-02-28, 2022-11-25
57, 3, 2022-06-08, 2023-09-06
120, 14, 2019-03-01, 2019-03-08
181, 11, 2023-02-24, 2023-05-05
195, 20, 2018-01-23, 2018-11-06
146, 27, 2015-04-28, 2015-12-14
126, 26, 2020-07-25, 2021-03-01
186, 5, 2016-12-08, NULL
64, 28, 2015-04-21, 2016-04-17
69, 17, 2015-08-15, NULL
174, 16, 2019-07-30, 2019-10-31
82, 6, 2021-03-24, 2021-06-26
125, 3, 2022-12-03, 2023-01-22
144, 9, 2020-03-25, 2020-11-02
109, 9, 2019-01-01, 2019-10-20
118, 10, 2020-11-26, 2020-12-31
37, 20, 2022-01-27, 2023-05-08
91, 26, 2017-10-13, 2018-04-03
10, 7, 2017-02-05, 2017-09-26
76, 9, 2020-10-04, 2021-07-29
132, 6, 2018-02-24, 2019-06-23
134, 18, 2017-07-21, 2018-10-02
61, 20, 2021-05-10, 2021-12-05
106, 6, 2015-04-12, NULL
134, 27, 2020-10-24, 2021-12-17
5, 22, 2019-04-10, 2020-04-20
134, 24, 2017-02-14, 2018-06-24
155, 22, 2021-10-21, 2022-07-28
111, 6, 2020-04-06, 2021-07-15
134, 29, 2018-04-21, 2018-12-06
24, 8, 2017-01-25, 2017-01-26
116, 23, 2016-09-28, 2017-07-08
105, 21, 2015-12-06, 2016-07-07
181, 11, 2017-01-14, 2017-03-18
16, 21, 2021-07-27, 2022-07-12
114, 29, 2015-12-04, 2016-01-27
180, 17, 2022-10-09, 2024-01-17
59, 17, 2017-07-07, 2017-11-09
131, 28, 2022-08-15, 2023-06-06
105, 15, 2022-06-28, 2023-07-02
103, 3, 2016-04-26, 2017-01-15
155, 18, 2017-04-28, 2018-02-05
71, 8, 2022-06-02, 2022-11-17
150, 9, 2020-09-08, 2021-08-24
189, 20, 2015-09-28, 2016-06-18
33, 7, 2023-03-23, 2024-04-08
200, 11, 2019-05-23, 2019-06-20
43, 8, 2019-09-10, 2019-12-02
75, 22, 2017-08-16, 2018-07-09
65, 25, 2019-04-22, 2019-07-06
192, 7, 2020-01-29, 2020-05-04
88, 8, 2017-10-09, 2018-12-29
8, 25, 2019-12-29, 2020-07-05
25, 1, 2022-12-09, 2023-10-20
198, 21, 2021-09-22, 2022-12-21
36, 10, 2022-04-22, 2023-08-11
145, 10, 2021-10-22, 2023-02-05
140, 20, 2023-02-18, 2023-08-27
23, 29, 2016-09-03, 2016-12-31
22, 27, 2020-12-03, 2021-03-31
62, 21, 2018-12-24, 2019-02-01
32, 19, 2017-07-31, 2018-07-06
28, 21, 2017-06-13, 2018-03-04
192, 14, 2016-11-08, 2017-10-05
137, 4, 2022-06-19, 2023-07-23
108, 18, 2016-09-07, 2017-02-22
99, 3, 2018-12-22, 2019-05-02
31, 5, 2019-07-16, 2019-09-06
137, 21, 2017-08-07, 2018-12-15
26, 15, 2019-04-14, 2020-01-31
60, 4, 2019-02-28, 2019-07-29
152, 14, 2017-06-21, 2018-08-23
75, 23, 2015-01-29, 2015-03-05
189, 3, 2020-04-28, 2020-11-17
140, 7, 2020-06-23, 2021-06-27
137, 16, 2019-06-21, 2019-12-12
144, 9, 2022-10-01, 2023-09-17
92, 26, 2016-09-22, 2016-11-12
177, 30, 2020-09-19, 2021-06-18
193, 6, 2018-05-07, 2019-04-01
104, 9, 2015-05-07, NULL
167, 23, 2020-07-04, 2021-03-28
119, 27, 2019-06-09, 2020-03-15
174, 3, 2016-02-19, 2016-06-16
71, 9, 2021-11-28, 2022-05-20
114, 24, 2021-01-31, 2021-11-22
165, 9, 2022-01-10, 2023-03-12
141, 21, 2021-04-05, 2022-06-03
71, 3, 2021-11-08, 2022-07-09
180, 4, 2019-07-29, 2019-12-21
92, 20, 2019-01-07, 2019-08-25
70, 9, 2019-06-03, 2019-07-18
13, 30, 2020-03-11, 2021-03-04
60, 24, 2016-02-18, 2017-03-30
150, 18, 2017-03-17, 2017-05-01
185, 7, 2022-02-17, 2023-01-12
45, 17, 2017-10-09, 2017-10-30
94, 11, 2022-02-23, 2022-06-18
157, 10, 2015-05-27, 2016-09-14
197, 12, 2018-04-10, 2018-10-30
14, 19, 2020-06-05, NULL
165, 12, 2015-04-02, 2015-11-22
62, 9, 2016-11-04, 2018-01-09
127, 28, 2020-02-20, NULL
55, 25, 2017-05-06, 2018-03-09
162, 5, 2020-02-22, 2020-03-28
45, 4, 2019-04-07, 2020-08-15
20, 8, 2018-05-17, NULL
116, 7, 2019-01-30, 2020-01-16
167, 11, 2019-01-30, 2020-01-18
121, 1, 2020-02-20, 2021-04-17
184, 12, 2017-07-12, 2018-02-28
82, 3, 2020-01-07, 2021-02-11
50, 25, 2020-02-02, 2021-01-05
29, 18, 2019-07-22, 2020-03-19
58, 26, 2018-08-23, 2019-12-23
133, 7, 2019-11-08, 2019-11-12
135, 22, 2018-08-12, 2018-11-22
159, 12, 2018-02-25, 2018-11-26
153, 27, 2015-04-12, 2016-01-25
72, 20, 2018-08-11, NULL
171, 17, 2022-10-26, 2023-04-25
65, 15, 2019-09-18, NULL
146, 3, 2022-10-30, 2024-03-02
48, 23, 2016-05-14, 2017-09-13
12, 12, 2017-12-08, 2019-02-15
149, 28, 2021-08-02, 2022-05-25
61, 5, 2017-07-18, 2018-10-02
9, 8, 2015-02-27, 2015-05-24
184, 22, 2016-11-16, 2017-12-12
96, 19, 2021-06-17, 2021-06-19
182, 27, 2015-03-29, 2015-05-03
174, 7, 2017-10-21, 2018-03-18
96, 4, 2021-03-29, 2021-10-18
42, 5, 2019-10-26, 2020-01-20
91, 20, 2020-11-01, 2021-12-12
123, 11, 2021-02-25, 2022-05-31
182, 2, 2022-10-15, 2023-06-22
135, 25, 2022-01-28, 2022-07-31
41, 10, 2016-08-11, 2017-11-16
179, 3, 2018-10-31, 2019-11-20
14, 30, 2018-10-09, 2019-12-01
183, 19, 2023-03-11, 2023-06-08
113, 25, 2018-12-07, 2019-06-12
196, 29, 2022-07-16, 2023-04-01
43, 17, 2015-02-08, NULL
30, 19, 2016-07-31, 2017-05-30
63, 2, 2018-09-22, 2018-12-18
131, 10, 2023-04-09, 2024-04-22
157, 11, 2017-11-13, 2018-11-30
27, 20, 2020-11-22, 2022-03-09
18, 15, 2018-05-23, 2019-08-28
57, 7, 2023-01-18, 2023-07-03
49, 8, 2017-07-23, 2017-11-08
74, 8, 2021-06-30, 2021-10-01
7, 24, 2022-08-29, 2023-09-29
86, 25, 2021-04-03, 2021-05-28
135, 11, 2020-05-14, 2020-08-28
10, 24, 2017-02-06, 2017-04-29
65, 17, 2019-06-02, 2020-03-14
8, 18, 2019-12-21, 2020-12-28
109, 17, 2018-03-07, 2019-06-05
186, 22, 2015-04-15, 2015-09-29
47, 25, 2023-03-12, 2023-08-19
32, 15, 2019-03-21, 2020-07-25
21, 15, 2023-05-17, 2023-11-03
84, 2, 2021-03-28, 2021-04-11
54, 25, 2015-02-08, 2015-06-20
168, 17, 2016-09-13, 2016-12-20
41, 23, 2015-09-20, 2016-08-27
125, 21, 2022-12-28, 2023-10-23
89, 26, 2018-06-18, 2018-09-16
57, 3, 2022-10-15, 2023-04-13
181, 20, 2020-07-13, 2021-01-09
157, 25, 2020-09-12, 2020-11-13
107, 14, 2018-09-23, 2019-08-16
110, 5, 2020-11-18, 2021-08-09
54, 27, 2022-12-19, 2023-09-02
177, 1, 2017-04-08, 2017-12-27
12, 5, 2021-02-09, 2021-03-26
34, 27, 2017-05-27, 2018-05-30
116, 26, 2016-08-28, 2017-09-20
120, 9, 2015-11-07, 2016-05-03
40, 11, 2020-02-03, 2021-06-11
42, 4, 2016-06-23, 2017-10-08
121, 10, 2023-01-18, 2023-05-27
15, 23, 2019-05-31, 2019-12-20
5, 10, 2015-07-09, 2016-05-30
170, 25, 2019-08-05, 2019-12-29
17, 16, 2018-09-18, 2019-02-21
192, 3, 2018-01-13, 2018-11-30
151, 13, 2021-09-21, 2022-03-03
8, 13, 2022-06-12, 2022-07-14
184, 15, 2018-11-19, 2019-07-09
186, 22, 2015-10-01, 2016-04-09
157, 9, 2023-03-14, 2023-04-17
17, 25, 2021-06-24, 2021-12-17
162, 2, 2016-12-01, NULL
26, 26, 2022-04-12, 2022-06-07
78, 23, 2015-08-04, 2016-05-06
113, 30, 2015-08-06, 2016-05-26
164, 15, 2015-02-05, 2015-12-31
115, 29, 2017-07-03, 2017-10-04
6, 14, 2020-07-29, 2020-11-15
160, 8, 2020-02-27, 2020-07-12
125, 30, 2016-08-06, 2016-09-28
58, 3, 2015-03-11, 2016-07-07
41, 7, 2018-11-30, 2019-03-16
144, 11, 2023-03-24, 2024-02-11
119, 29, 2020-07-18, 2021-09-09
68, 23, 2021-01-11, NULL
96, 24, 2020-12-19, 2022-04-28
32, 3, 2016-05-31, 2017-08-21
28, 16, 2018-04-21, 2019-02-20
185, 2, 2016-03-07, 2017-06-19
23, 21, 2021-09-13, NULL
192, 5, 2021-02-14, 2021-08-01
198, 17, 2016-11-05, 2018-02-23
73, 21, 2015-10-27, 2016-08-03
166, 9, 2023-02-16, 2023-05-09
176, 13, 2021-01-28, 2021-11-10
29, 4, 2021-06-20, 2022-02-15
175, 3, 2016-07-22, 2016-10-04
148, 28, 2016-07-31, 2016-09-20
13, 16, 2017-05-08, 2017-09-02
20, 17, 2022-07-16, 2023-08-21
15, 24, 2022-04-05, 2022-07-14
90, 2, 2017-01-10, 2017-11-12
47, 25, 2019-02-26, 2019-06-03
16, 17, 2022-04-07, 2023-04-10
111, 1, 2016-01-20, 2016-12-08
41, 22, 2018-01-06, NULL
127, 25, 2022-12-01, 2023-10-31
175, 7, 2015-02-06, 2016-05-09
36, 24, 2017-09-17, 2017-12-06
13, 28, 2016-11-27, 2017-05-04
198, 16, 2018-07-19, 2019-08-12
102, 24, 2018-02-04, 2019-02-09
148, 5, 2019-11-01, 2020-08-04
99, 4, 2020-04-11, 2021-01-10
135, 16, 2017-01-09, 2017-09-12
54, 28, 2018-02-01, 2018-03-01
118, 4, 2016-03-19, 2016-06-27
132, 20, 2022-06-07, 2022-06-19
109, 8, 2023-04-22, 2023-05-06
136, 2, 2017-11-01, 2018-05-03
184, 23, 2020-08-20, 2021-09-30
31, 22, 2021-01-30, 2021-02-06
164, 4, 2015-09-04, 2016-01-18
190, 14, 2020-12-13, 2021-03-03
192, 4, 2016-12-13, 2017-08-05
146, 5, 2019-11-04, 2020-04-05
180, 6, 2020-06-08, 2020-09-05
139, 1, 2020-01-04, 2021-02-12
19, 3, 2019-07-13, 2020-07-11
162, 9, 2015-11-26, 2016-01-25
199, 2, 2022-05-31, 2023-02-02
7, 2, 2023-03-08, NULL
40, 23, 2015-04-09, 2015-12-19
134, 5, 2021-02-25, 2021-03-13
36, 24, 2016-07-11, 2017-10-18
32, 3, 2016-05-17, 2017-06-02
118, 27, 2015-02-24, 2016-05-19
167, 10, 2016-02-05, 2016-09-08
174, 17, 2022-02-13, 2023-01-13
14, 1, 2017-06-23, 2018-04-28
11, 24, 2021-07-24, 2022-03-29
17, 12, 2017-01-05, 2018-03-29
29, 23, 2017-07-16, 2018-11-28
107, 4, 2020-12-02, 2021-08-10
5, 6, 2019-02-03, 2019-09-07
84, 10, 2020-09-05, 2021-04-02
126, 10, 2016-05-02, 2016-05-20
22, 27, 2015-06-09, 2016-02-15
153, 14, 2022-12-28, NULL
142, 8, 2020-01-26, 2020-02-24
46, 23, 2018-03-20, 2019-01-25
21, 13, 2019-12-27, 2021-03-13
107, 28, 2023-04-29, 2023-05-28
130, 18, 2023-02-19, 2023-12-28
43, 29, 2018-09-20, 2018-12-06
169, 24, 2021-01-19, 2022-05-27
129, 19, 2016-06-30, 2017-05-29
43, 21, 2019-06-14, 2019-11-25
122, 28, 2015-10-24, 2016-03-22
10, 16, 2020-08-21, 2020-08-29
31, 24, 2020-08-01, 2021-11-10
185, 26, 2021-07-02, 2021-09-18
70, 2, 2017-12-14, NULL
198, 30, 2015-12-30, 2016-11-01
103, 19, 2015-02-08, 2016-04-11
91, 13, 2021-12-30, 2022-12-08
146, 10, 2017-10-27, 2017-10-28
164, 5, 2021-05-12, 2022-08-15
33, 27, 2017-06-17, 2018-02-02
22, 18, 2023-04-22, 2023-12-27
110, 14, 2015-02-28, 2015-10-09
140, 20, 2017-04-18, 2017-10-16
59, 12, 2015-11-04, NULL
114, 13, 2017-06-08, 2017-12-22
15, 24, 2018-07-06, 2018-09-16
130, 9, 2022-11-04, 2023-08-04
32, 29, 2016-01-15, 2017-05-04
25, 10, 2017-09-10, NULL
109, 30, 2017-06-27, 2018-09-14
20, 3, 2022-09-05, 2022-10-17
81, 13, 2018-04-24, 2018-07-04
17, 11, 2021-08-26, NULL
3, 26, 2023-02-07, 2023-08-04
173, 1, 2022-03-18, 2022-10-22
138, 3, 2021-12-30, 2023-04-21
92, 28, 2018-10-02, 2019-08-12
126, 13, 2023-03-14, 2024-02-18
50, 29, 2018-01-07, 2019-03-07
179, 19, 2022-11-27, 2023-09-12
75, 26, 2016-04-25, 2017-05-16
60, 29, 2016-12-23, NULL
129, 16, 2015-05-29, 2016-02-10
75, 15, 2020-06-07, 2021-06-04
32, 25, 2020-10-09, 2022-01-09
189, 30, 2019-05-18, 2020-01-10
123, 28, 2015-05-27, 2016-01-05
84, 21, 2015-01-05, 2015-04-12
6, 10, 2022-12-11, 2023-07-09
25, 14, 2019-11-28, 2021-01-25
168, 26, 2018-02-15, 2018-05-02
97, 11, 2015-12-06, 2016-12-06
89, 22, 2020-04-28, 2020-08-27
74, 28, 2022-10-10, NULL
14, 16, 2019-12-25, 2020-07-02
13, 27, 2017-07-26, 2018-04-15
146, 1, 2022-05-25, 2023-03-11
66, 20, 2018-11-21, 2019-05-28
192, 16, 2017-11-27, 2018-09-03
92, 10, 2016-10-21, 2017-10-03
157, 22, 2016-01-26, 2017-02-28
2, 3, 2017-05-26, 2017-10-01
99, 3, 2018-12-22, 2019-07-18
190, 5, 2017-11-03, 2018-10-03
118, 4, 2021-04-27, 2021-10-25
191, 4, 2016-03-21, 2017-06-08
117, 1, 2018-06-10, 2019-07-16
141, 15, 2020-09-14, 2020-11-20
179, 9, 2018-09-08, 2018-12-06
50, 17, 2017-08-08, 2017-10-27
188, 11, 2020-10-20, 2021-04-09
109, 5, 2017-12-15, 2018-12-09
107, 28, 2020-06-25, 2021-07-08
53, 4, 2017-06-08, 2017-10-17
53, 3, 2023-04-28, 2024-06-04
133, 5, 2015-04-12, 2016-08-04
92, 26, 2017-09-20, 2017-12-13
191, 5, 2017-09-18, NULL
42, 8, 2018-03-31, 2018-04-29
55, 19, 2018-06-29, 2019-04-27
44, 10, 2020-10-21, NULL
58, 29, 2017-04-15, 2018-02-23
142, 26, 2015-04-10, 2016-06-06
115, 5, 2020-12-25, 2022-04-14
89, 21, 2018-07-31, 2019-05-08
124, 3, 2016-03-11, 2016-08-18
34, 24, 2018-02-01, 2018-08-15
132, 6, 2016-06-24, 2016-08-31
116, 3, 2019-02-26, 2020-06-25
154, 6, 2015-01-25, 2015-04-10
163, 22, 2021-09-25, 2022-01-28
80, 13, 2017-01-13, 2017-03-26
29, 19, 2018-05-09, 2018-06-30
137, 29, 2016-01-24, 2016-07-04
34, 4, 2017-03-30, 2017-06-13
109, 22, 2019-03-31, 2019-10-28
152, 6, 2022-08-12, 2022-08-17
93, 9, 2015-08-19, 2015-10-05
15, 15, 2017-06-26, 2017-07-24
165, 26, 2018-12-31, 2019-09-07
110, 9, 2015-11-17, 2016-07-31
90, 1, 2015-01-28, 2015-09-12
121, 30, 2021-09-13, 2022-05-29
154, 22, 2020-10-21, 2020-11-14
1, 18, 2018-09-18, 2019-12-21
2, 4, 2021-12-25, NULL
164, 19, 2019-10-26, 2020-10-28
172, 7, 2018-05-20, 2019-03-31
54, 3, 2022-01-28, 2022-09-29
6, 24, 2021-03-19, 2021-07-17
148, 15, 2016-10-31, 2017-12-03
13, 11, 2023-05-20, 2024-04-03
34, 28, 2021-09-24, 2022-07-10
188, 18, 2018-07-04, 2018-10-26
114, 8, 2020-01-22, 2020-04-24
11, 10, 2022-10-23, NULL
114, 15, 2018-08-02, 2019-01-31
47, 14, 2022-12-13, 2023-07-27
88, 23, 2018-11-07, 2019-06-19
83, 16, 2016-02-01, 2016-03-26
54, 27, 2015-11-28, 2016-11-08
74, 28, 2020-11-07, 2021-08-21
129, 16, 2021-04-06, 2022-03-17
170, 5, 2021-10-15, 2022-04-20
134, 2, 2019-07-27, 2019-09-26
39, 25, 2020-05-13, 2021-03-22
146, 26, 2015-09-29, NULL
139, 24, 2020-09-24, 2021-06-11
173, 14, 2019-01-21, 2020-04-14
134, 5, 2018-03-03, 2018-03-17
84, 2, 2019-01-26, 2019-09-15
96, 29, 2021-12-17, 2022-11-05
174, 5, 2017-05-07, 2018-02-14
158, 21, 2020-05-02, 2021-05-05
60, 7, 2015-01-22, 2015-01-29
105, 25, 2019-11-18, 2021-03-15
195, 1, 2019-02-23, 2019-11-13
146, 8, 2015-02-27, 2015-12-24
26, 9, 2016-06-26, 2016-08-14
113, 24, 2019-08-03, 2020-11-02
149, 23, 2015-12-17, 2017-01-02
29, 25, 2020-12-12, 2021-11-09
143, 9, 2019-05-26, 2019-08-04
81, 3, 2016-08-14, 2017-09-11
134, 15, 2022-07-29, 2023-10-08
3, 5, 2020-11-08, 2022-01-08
197, 14, 2022-09-02, 2023-10-05
15, 8, 2017-09-05, 2018-01-17
109, 18, 2022-05-04, 2023-04-23
22, 15, 2018-12-16, 2020-04-27
97, 29, 2018-05-13, 2019-01-27
120, 28, 2021-08-23, 2022-06-13
127, 10, 2022-10-11, 2023-07-25
186, 17, 2021-05-02, 2021-12-12
22, 4, 2018-03-07, 2018-03-19
176, 10, 2016-01-20, 2016-06-07
78, 25, 2020-04-15, 2020-12-23
138, 20, 2022-09-09, 2023-12-11
70, 29, 2021-01-10, 2021-06-19
137, 2, 2016-04-12, 2017-02-01
69, 8, 2020-01-05, 2021-01-11
174, 27, 2022-06-19, 2023-07-07
187, 2, 2015-05-03, 2016-06-17
109, 4, 2017-12-22, 2018-08-16
166, 11, 2020-03-21, 2021-05-27
14, 15, 2017-07-20, 2018-03-10
52, 6, 2022-07-04, 2022-09-13
57, 22, 2019-04-20, 2019-08-07
194, 19, 2022-09-22, 2023-11-11
47, 13, 2016-08-25, 2016-11-18
47, 20, 2021-12-11, 2022-04-26
127, 27, 2020-08-09, 2020-10-30
44, 29, 2023-04-24, 2023-07-12
42, 20, 2019-11-05, 2021-01-18
190, 30, 2020-09-25, 2020-12-08
155, 28, 2015-12-08, 2016-12-10
18, 27, 2021-12-04, 2022-01-22
181, 25, 2021-02-12, 2021-05-18
57, 4, 2022-09-14, 2023-08-03
34, 30, 2017-04-13, 2017-09-25
150, 13, 2020-01-30, 2020-06-11
96, 27, 2021-07-15, 2022-08-05
184, 21, 2016-04-20, 2017-07-07
133, 4, 2018-11-21, 2019-06-08
185, 4, 2022-03-04, NULL
77, 30, 2022-01-09, 2023-05-09
190, 5, 2017-03-13, 2018-06-23
178, 15, 2020-02-04, 2020-10-08
147, 21, 2018-05-14, 2018-07-02
49, 25, 2021-02-19, 2021-03-03
61, 24, 2023-04-11, 2023-08-07
187, 30, 2019-10-05, 2020-08-08
156, 16, 2018-02-18, 2018-07-14
163, 14, 2016-09-19, 2017-05-01
51, 11, 2015-05-22, 2015-06-07
80, 7, 2019-06-10, 2020-01-06
75, 6, 2016-03-15, 2016-10-27
123, 4, 2020-01-21, 2020-02-09
148, 2, 2017-10-30, 2017-11-15
174, 23, 2015-03-05, 2015-11-16
189, 15, 2019-11-16, 2021-02-03
184, 6, 2020-09-17, 2021-03-20
83, 8, 2019-05-04, 2020-03-20
85, 18, 2020-05-21, 2021-01-16
169, 25, 2019-02-07, 2019-08-16
52, 2, 2018-09-25, 2019-01-12
107, 25, 2020-02-23, 2021-05-25
169, 12, 2015-10-23, NULL
192, 23, 2018-12-21, 2019-03-03
177, 16, 2022-11-23, 2023-09-19
157, 2, 2021-03-07, 2022-01-17
35, 16, 2017-11-08, 2018-05-15
40, 27, 2019-10-23, 2020-10-22
44, 10, 2017-09-06, 2018-11-14
195, 30, 2017-08-10, 2018-08-09
161, 15, 2021-07-20, 2021-10-05
67, 27, 2018-08-14, 2019-10-22
193, 5, 2019-05-27, 2020-02-29
101, 11, 2021-02-02, 2022-03-31
9, 3, 2023-03-27, 2023-08-05
148, 8, 2018-03-14, 2018-09-06
144, 7, 2016-02-20, NULL
119, 15, 2016-12-08, NULL
127, 7, 2020-10-12, 2020-11-08
22, 15, 2023-06-01, 2024-08-03
22, 16, 2017-05-26, 2018-05-30
195, 7, 2022-09-27, 2023-08-08
183, 9, 2022-08-10, 2022-10-26
114, 2, 2015-05-29, 2016-01-11
90, 29, 2020-05-10, 2020-06-08
123, 1, 2022-07-27, 2023-10-08
188, 3, 2015-06-07, 2016-04-18
175, 15, 2021-06-30, 2021-12-26
35, 14, 2015-01-29, 2015-06-21
162, 18, 2019-12-23, 2020-10-31
57, 30, 2018-07-29, 2019-01-29
139, 28, 2020-06-11, 2021-05-06
28, 1, 2021-09-20, 2022-07-05
188, 17, 2023-03-11, 2023-10-31
26, 1, 2023-02-26, 2023-06-15
66, 1, 2016-06-17, 2016-06-22
19, 16, 2015-12-02, 2016-02-28
55, 14, 2020-07-11, 2021-09-08
123, 16, 2020-05-22, 2020-07-22
49, 22, 2015-05-15, 2015-12-14
79, 29, 2015-07-27, 2015-09-09
181, 2, 2019-09-27, 2019-12-23
31, 21, 2017-03-21, 2018-01-06
4, 4, 2020-05-16, 2020-12-25
183, 16, 2022-06-07, 2022-07-28
31, 17, 2021-09-01, 2022-02-19
22, 10, 2021-09-02, 2022-09-11
148, 21, 2021-12-08, 2022-08-02
18, 30, 2015-12-15, 2016-04-16
152, 21, 2023-01-14, 2023-03-09
9, 9, 2019-06-26, 2020-08-22
157, 9, 2015-10-13, 2016-10-22
1, 21, 2015-12-28, 2016-03-23
35, 16, 2018-05-09, 2018-10-11
176, 19, 2016-03-16, 2017-05-11
138, 24, 2017-01-31, 2018-04-02
143, 9, 2019-02-22, 2019-10-20
185, 9, 2022-08-29, 2022-10-04
155, 9, 2018-01-31, 2019-02-08
67, 20, 2016-04-20, 2016-09-12
62, 20, 2016-11-08, 2018-01-14
12, 23, 2023-03-17, 2023-08-11
76, 21, 2019-06-25, 2020-04-28
80, 23, 2021-11-22, 2022-10-15
46, 18, 2022-08-08, 2022-10-09
71, 1, 2021-10-21, 2022-08-18
58, 7, 2021-06-18, 2021-09-15
119, 14, 2017-01-03, 2017-08-30
181, 4, 2016-12-05, 2018-01-18
11, 6, 2021-10-04, 2022-07-03
152, 20, 2020-04-23, NULL
187, 21, 2023-05-18, 2024-07-05
103, 28, 2019-08-24, 2019-11-25
186, 2, 2019-10-13, 2020-03-23
109, 18, 2019-09-17, 2019-12-20
166, 23, 2023-01-31, 2023-10-20
91, 27, 2015-08-25, 2016-04-10
39, 26, 2022-03-03, 2023-05-25
83, 25, 2019-09-23, 2020-10-22
23, 8, 2022-11-30, 2023-04-03
106, 24, 2023-01-26, 2024-01-25
116, 23, 2021-10-06, 2021-11-27
189, 27, 2015-03-24, 2015-06-28
133, 15, 2022-05-30, 2023-07-18
21, 17, 2017-05-29, 2018-03-22
12, 12, 2016-07-19, NULL
178, 20, 2015-03-24, 2015-12-26
150, 21, 2021-05-06, 2021-12-23
81, 20, 2018-02-24, 2018-03-19
31, 29, 2018-12-01, 2020-03-04
167, 5, 2018-01-17, 2018-05-19
15, 11, 2016-06-16, 2017-10-02
194, 25, 2015-01-10, 2015-01-12
116, 23, 2015-03-29, 2015-09-16
51, 12, 2019-09-11, NULL
181, 16, 2018-04-12, NULL
66, 20, 2017-09-07, 2018-02-21
168, 19, 2022-06-07, 2022-11-07
41, 12, 2015-02-10, 2015-09-07
41, 26, 2020-02-16, 2020-04-08
153, 9, 2018-04-07, 2018-09-28
36, 7, 2021-07-14, 2022-06-19
56, 8, 2019-03-05, NULL
107, 16, 2016-10-08, 2017-09-16
193, 20, 2018-02-17, NULL
57, 13, 2019-12-24, 2020-11-20
153, 2, 2018-07-16, 2018-07-23
104, 8, 2016-11-23, 2017-05-20
83, 18, 2019-03-10, 2019-11-07
95, 4, 2022-01-06, 2022-05-31
181, 1, 2015-05-11, 2015-09-10
33, 1, 2020-01-21, 2020-02-24
3, 17, 2019-01-31, 2020-05-09
124, 10, 2020-02-02, 2020-12-02
195, 24, 2016-08-20, 2016-08-24
48, 11, 2017-02-09, 2017-09-06
197, 11, 2018-05-03, 2019-09-01
99, 29, 2018-01-14, 2018-10-08
153, 18, 2015-07-08, 2015-10-19
22, 11, 2023-04-17, 2024-05-23
46, 5, 2022-05-27, NULL
115, 19, 2019-12-15, 2020-06-05
3, 1, 2019-04-26, 2020-03-09
132, 16, 2016-11-22, NULL
194, 2, 2019-06-09, 2019-06-27
28, 8, 2022-01-30, 2022-08-02
129, 15, 2022-09-12, 2023-09-04
157, 20, 2019-02-27, 2020-01-24
58, 4, 2022-03-17, 2023-01-20
20, 23, 2015-11-25, 2016-07-22
151, 24, 2020-06-09, 2020-10-25
122, 14, 2015-01-20, 2016-02-04
148, 2, 2022-01-31, 2023-04-12
147, 30, 2017-07-18, 2018-09-26
65, 9, 2016-06-24, 2017-05-08
92, 9, 2017-06-27, 2017-08-01
166, 4, 2016-01-07, 2016-02-08
70, 25, 2023-01-05, 2023-07-28
151, 15, 2019-08-30, 2019-12-29
59, 10, 2019-08-31, 2020-11-28
117, 4, 2020-03-22, 2020-12-03
28, 12, 2019-02-08, 2019-12-03
87, 20, 2022-08-07, 2023-01-03
94, 24, 2015-12-15, 2016-04-14
167, 16, 2023-03-09, 2023-09-25
148, 28, 2022-07-22, 2023-10-29
4, 14, 2017-10-11, 2018-12-18
138, 2, 2016-01-30, 2017-03-12
197, 22, 2016-10-22, 2017-12-09
57, 7, 2020-02-14, 2020-10-14
144, 25, 2016-09-13, 2017-12-23
78, 7, 2021-01-21, 2021-09-14
88, 22, 2022-01-08, 2022-06-04
103, 27, 2017-11-28, 2018-08-15
142, 27, 2019-02-21, 2020-02-22
155, 25, 2019-09-16, 2020-06-10
91, 26, 2018-03-02, 2018-06-03
174, 27, 2015-09-25, 2016-01-10
159, 12, 2018-10-07, 2019-08-17
68, 3, 2018-07-10, NULL
140, 27, 2022-12-12, 2023-06-08
123, 23, 2016-06-25, 2016-10-22
107, 26, 2016-03-27, 2017-05-10
83, 22, 2018-09-16, 2019-01-27
128, 23, 2015-02-06, 2015-12-23
11, 3, 2019-07-08, 2020-02-18
178, 20, 2021-01-11, 2021-07-19
68, 13, 2022-11-24, 2023-07-08
93, 6, 2016-06-01, 2016-07-19
199, 26, 2018-06-21, 2019-09-13
7, 29, 2022-06-17, 2023-07-28
157, 3, 2018-10-17, 2019-11-08
68, 16, 2017-10-28, NULL
112, 22, 2022-02-01, 2022-04-12
45, 15, 2020-06-19, 2021-10-05
53, 11, 2019-03-06, 2020-07-13
48, 28, 2023-05-30, 2024-05-28
78, 17, 2019-01-21, 2019-09-23
131, 27, 2017-01-19, 2017-10-21
137, 27, 2017-02-14, 2017-07-16
84, 29, 2015-08-11, 2016-10-07
143, 22, 2015-07-20, 2016-09-25
60, 6, 2022-12-18, NULL
10, 12, 2021-11-23, 2022-03-04
25, 19, 2018-12-09, 2019-02-05
111, 23, 2019-12-30, 2021-01-30
135, 21, 2018-08-12, 2018-08-18
31, 8, 2016-05-23, 2017-06-11
32, 14, 2015-08-09, 2015-10-24
1, 2, 2020-10-19, NULL
62, 20, 2019-12-14, 2021-02-11
154, 26, 2016-02-01, 2016-10-31
181, 1, 2021-05-07, 2021-05-24
18, 9, 2015-09-05, NULL
32, 18, 2016-10-01, 2017-02-25
10, 5, 2020-09-07, 2021-01-25
20, 11, 2022-07-31, 2022-11-20
43, 21, 2021-02-20, 2021-12-24
71, 17, 2017-07-08, 2018-04-23
199, 9, 2019-02-11, 2019-09-20
147, 19, 2016-04-25, 2016-07-04
81, 10, 2021-04-30, 2022-06-18
65, 27, 2020-10-20, 2022-01-04
174, 7, 2021-07-07, 2022-04-25
126, 13, 2017-09-29, 2018-07-24
43, 27, 2017-08-28, 2018-11-18
164, 18, 2018-07-11, 2018-09-23
20, 26, 2022-01-13, 2022-02-27
71, 5, 2023-04-02, 2024-06-13
101, 13, 2021-11-02, 2023-02-01
184, 26, 2020-06-20, 2021-03-27
13, 24, 2019-12-01, 2020-01-04
84, 22, 2019-05-09, NULL
94, 3, 2023-05-09, 2024-02-10
100, 29, 2019-08-29, 2020-08-17
110, 3, 2022-01-03, 2023-01-15
107, 11, 2021-06-19, 2022-03-04
84, 22, 2022-10-16, 2023-09-08
159, 8, 2018-07-10, 2019-04-08
49, 25, 2021-10-04, NULL
45, 2, 2022-04-16, 2022-07-09
147, 11, 2017-06-10, 2017-12-15
148, 30, 2018-01-29, 2018-12-25
103, 18, 2016-02-09, 2016-08-23
74, 26, 2019-03-21, 2019-06-22
91, 11, 2019-10-30, 2019-11-25
192, 7, 2020-05-31, 2020-10-17
181, 5, 2019-02-18, 2020-03-31
184, 13, 2016-03-03, 2016-08-24
1, 15, 2017-04-17, 2018-08-20
172, 4, 2023-03-21, 2023-12-13
27, 23, 2022-12-20, 2023-07-21
135, 27, 2017-02-04, NULL
93, 27, 2019-08-05, 2020-06-11
77, 2, 2015-10-22, 2016-08-07
52, 9, 2017-08-31, 2017-12-11
32, 19, 2020-05-02, 2020-08-21
33, 10, 2019-05-09, 2019-06-29
12, 24, 2018-01-09, 2018-01-26
112, 28, 2020-03-17, 2020-05-05
6, 15, 2016-06-01, 2016-07-20
63, 21, 2022-10-07, 2022-10-12
170, 12, 2022-08-09, 2023-05-26
83, 14, 2020-12-24, 2022-01-10
62, 9, 2015-08-12, 2016-04-17
157, 26, 2016-10-05, 2017-07-22
40, 20, 2022-09-21, 2024-01-17
50, 10, 2017-04-17, 2017-12-16
49, 30, 2017-01-15, 2017-10-12
90, 7, 2018-12-18, 2020-02-08
109, 15, 2015-03-02, 2016-04-01
11, 20, 2016-09-28, 2016-11-06
159, 26, 2015-04-03, 2015-07-23
182, 4, 2016-12-24, 2017-09-24
59, 4, 2020-05-26, 2021-09-01
144, 6, 2016-03-15, 2017-07-10
151, 26, 2018-08-20, NULL
186, 13, 2021-03-22, 2021-08-24
12, 12, 2016-12-30, 2017-09-03
157, 30, 2017-04-24, 2018-01-10
26, 23, 2019-01-27, 2019-03-08
73, 17, 2020-04-04, 2020-05-29
11, 29, 2015-04-23, 2016-08-19
153, 3, 2019-08-02, NULL
48, 9, 2021-02-12, 2022-03-29
90, 10, 2022-04-18, 2023-05-23
182, 23, 2020-11-04, 2020-12-10
115, 8, 2021-06-23, 2022-03-12
111, 21, 2017-09-07, 2018-05-18
188, 17, 2020-01-13, 2021-04-19
110, 3, 2022-11-30, 2024-02-17
66, 3, 2018-05-07, 2019-03-19
18, 27, 2020-03-14, 2021-01-15
108, 19, 2021-05-13, 2021-09-11
76, 26, 2015-02-05, 2015-08-27
37, 15, 2021-01-20, NULL
78, 21, 2023-01-11, 2023-05-19
183, 29, 2022-11-21, 2023-06-03
126, 27, 2016-04-09, 2016-05-16
166, 17, 2017-10-12, 2018-02-15
176, 21, 2022-03-28, 2022-08-01
105, 30, 2015-07-12, 2016-01-31
76, 28, 2016-05-10, 2016-08-11
83, 17, 2019-05-07, 2020-08-08
77, 29, 2018-03-26, 2018-05-15
132, 7, 2022-02-23, 2022-09-04
137, 1, 2023-05-12, 2023-12-05
99, 9, 2023-02-22, 2023-08-24
161, 9, 2023-01-19, 2023-12-21
196, 30, 2019-05-19, NULL
119, 29, 2021-12-27, 2023-04-27
56, 28, 2020-11-21, NULL
36, 7, 2019-09-17, 2019-09-18
22, 30, 2021-10-01, 2022-08-08
112, 29, 2019-02-05, 2019-08-26
98, 28, 2022-01-01, 2022-10-28
96, 7, 2018-09-20, 2019-02-11
38, 1, 2021-01-12, 2021-10-28
59, 30, 2015-12-09, 2016-09-26
10, 22, 2017-01-17, 2017-04-13
39, 1, 2021-04-26, 2021-10-22
175, 3, 2018-09-30, 2019-05-20
18, 13, 2016-03-07, 2017-06-16
2, 1, 2021-10-14, 2022-04-30
36, 20, 2015-03-23, 2016-04-08
156, 24, 2021-09-14, 2022-06-04
14, 13, 2016-02-11, 2016-03-08
45, 24, 2021-01-20, NULL
141, 30, 2021-11-20, 2023-01-02
97, 22, 2022-09-05, NULL
35, 13, 2022-07-13, 2022-10-14
38, 13, 2015-12-13, 2016-09-06
47, 5, 2015-09-20, 2016-12-28
170, 17, 2021-12-30, 2022-10-29
118, 8, 2021-12-31, 2023-04-04
69, 30, 2018-06-12, 2019-08-05
13, 18, 2015-01-03, 2015-08-14
114, 15, 2016-09-30, 2018-01-12
90, 1, 2021-07-10, 2022-02-21
65, 13, 2021-02-25, 2021-12-19
100, 4, 2021-09-25, 2021-12-18
1, 3, 2016-08-06, 2017-05-16
61, 5, 2020-06-17, NULL
165, 5, 2020-06-19, 2021-03-27
126, 29, 2018-02-08, 2018-04-24
17, 5, 2017-07-21, 2018-10-07
139, 20, 2016-10-19, 2017-08-22
130, 15, 2020-01-04, NULL
141, 23, 2021-10-30, 2022-07-13
175, 25, 2022-01-26, NULL
171, 14, 2020-04-25, 2021-07-02
180, 27, 2023-01-31, 2023-04-28
100, 16, 2020-05-25, 2021-08-14
19, 27, 2019-11-17, 2020-07-19
50, 27, 2020-08-12, 2020-12-21
132, 13, 2015-12-09, 2016-06-18
97, 15, 2016-04-30, 2017-05-21
174, 24, 2016-12-22, 2017-04-16
96, 15, 2016-07-29, 2016-07-31
76, 20, 2021-05-18, 2021-10-05
34, 18, 2021-06-05, 2022-07-05
148, 21, 2016-10-27, 2018-03-09
40, 17, 2019-04-11, 2020-02-16
115, 1, 2017-11-13, 2018-04-29
29, 18, 2020-05-23, 2020-10-28
197, 25, 2020-01-30, 2020-04-18
19, 26, 2022-08-25, 2023-01-16
105, 4, 2016-10-22, 2017-02-14
15, 5, 2018-04-19, 2018-10-26
2, 13, 2020-09-26, 2020-11-02
113, 8, 2019-09-30, 2020-07-31
114, 29, 2016-12-12, 2017-12-14
176, 27, 2023-04-17, 2023-04-18
87, 10, 2015-12-08, NULL
40, 10, 2022-06-19, 2023-03-12
51, 23, 2015-07-07, 2016-07-22
190, 20, 2020-09-18, 2020-11-28
35, 21, 2018-11-21, 2019-03-12
59, 21, 2015-11-08, 2017-01-26
107, 1, 2019-09-14, 2020-04-20
62, 23, 2019-12-01, 2020-03-16
98, 25, 2015-10-03, 2016-05-23
190, 24, 2017-03-11, 2017-06-01
54, 25, 2022-03-21, 2023-07-02
69, 14, 2016-01-27, 2016-08-28
15, 16, 2022-01-31, 2022-03-08
183, 11, 2016-01-09, 2016-06-11
150, 30, 2020-10-03, 2021-05-01
14, 4, 2016-07-08, 2017-04-09
10, 7, 2015-11-09, 2016-01-01
92, 2, 2015-12-03, NULL
49, 3, 2021-02-23, 2022-03-29
105, 17, 2017-07-16, 2018-01-12
5, 17, 2019-05-25, 2019-09-22
9, 21, 2022-07-02, NULL
15, 25, 2022-09-28, 2023-01-06
154, 7, 2019-04-08, 2019-10-18
98, 19, 2016-01-02, NULL
126, 20, 2017-08-16, 2018-04-07
11, 15, 2017-07-26, 2018-03-20
33, 28, 2023-05-31, 2023-06-30
189, 17, 2018-04-20, 2019-08-19
169, 3, 2016-07-04, 2017-10-21
9, 17, 2016-01-18, 2016-07-19
194, 23, 2022-05-28, 2022-12-01
173, 8, 2015-03-31, 2015-12-13
92, 21, 2016-11-02, 2016-11-22
82, 11, 2015-01-31, 2015-10-14
90, 25, 2022-01-01, 2022-12-12
24, 13, 2022-04-07, 2022-08-31
96, 11, 2019-03-19, 2019-09-04
27, 29, 2016-09-10, 2017-06-21
28, 27, 2019-02-11, 2019-12-19
131, 18, 2019-11-13, 2020-08-13
137, 29, 2019-09-11, 2019-10-04
119, 19, 2019-05-10, 2019-11-28
108, 19, 2018-07-24, 2019-11-17
22, 12, 2016-03-19, 2017-06-11
128, 14, 2018-03-08, 2019-03-11
20, 18, 2022-09-20, 2023-01-19
13, 8, 2015-02-18, NULL
120, 8, 2019-01-14, 2019-04-22
2, 17, 2022-11-06, 2023-04-18
118, 26, 2018-06-14, 2019-09-29
29, 10, 2016-04-19, 2017-02-16
98, 14, 2021-07-17, 2021-07-23
110, 7, 2022-05-13, 2022-07-28
170, 29, 2015-02-12, 2015-04-03
151, 20, 2019-09-08, 2020-01-01
33, 2, 2022-03-12, 2022-12-01
94, 22, 2018-03-16, 2019-03-10
100, 30, 2016-08-02, NULL
63, 22, 2016-06-15, 2016-10-25
66, 21, 2017-01-10, 2018-03-03
45, 17, 2018-06-22, 2018-07-17
200, 19, 2017-07-23, 2018-08-01
94, 17, 2023-04-26, NULL
26, 16, 2018-04-12, 2018-09-04
199, 12, 2022-03-04, 2022-06-17
4, 21, 2023-03-27, 2023-08-05
37, 24, 2016-07-16, NULL
151, 4, 2016-06-24, 2017-02-19
105, 22, 2020-08-24, 2021-12-06
103, 7, 2019-06-16, 2019-12-09
35, 18, 2023-02-28, 2024-01-04
113, 7, 2022-04-01, NULL
158, 20, 2021-01-09, 2021-03-06
115, 21, 2018-08-04, NULL
121, 18, 2018-11-19, 2019-12-27
17, 27, 2016-04-04, 2017-06-06
139, 20, 2015-09-11, 2016-06-03
78, 20, 2017-08-09, 2018-01-22
154, 28, 2017-10-12, 2017-12-06
136, 14, 2018-05-13, 2019-05-04
191, 25, 2018-02-03, 2018-08-13
94, 7, 2019-11-02, 2020-10-12
123, 2, 2018-06-27, 2019-06-20
118, 4, 2020-02-06, 2020-02-10
34, 15, 2022-05-01, 2022-12-04
121, 20, 2017-03-20, NULL
3, 6, 2021-09-26, 2021-10-11
180, 2, 2023-05-20, 2023-09-01
73, 30, 2022-01-14, 2022-07-13
110, 23, 2015-11-30, 2017-01-18
116, 2, 2020-04-27, NULL
4, 26, 2021-05-21, 2021-11-17
15, 22, 2016-03-31, 2016-09-18
72, 9, 2019-05-26, NULL
169, 24, 2018-01-28, 2019-03-17
34, 11, 2015-06-30, 2016-05-10
179, 4, 2016-04-06, 2016-11-20
79, 24, 2015-08-08, 2016-09-13
29, 3, 2017-08-08, 2018-01-26
103, 24, 2021-12-18, 2022-02-09
65, 17, 2018-01-16, 2019-01-09
159, 22, 2018-10-02, 2019-12-17
118, 18, 2020-11-01, 2021-08-07
55, 21, 2018-03-21, 2018-04-07
132, 9, 2015-08-13, 2016-06-08
196, 29, 2020-12-03, 2021-05-19
81, 22, 2020-04-16, 2020-12-04
120, 12, 2016-11-29, 2017-04-30
13, 30, 2022-09-27, 2023-01-17
117, 27, 2016-09-21, 2016-12-21
132, 26, 2019-01-27, 2019-11-19
167, 22, 2019-08-07, 2019-11-16
49, 5, 2021-12-12, 2022-02-19
144, 4, 2021-06-22, 2022-04-14
10, 27, 2015-05-15, 2015-12-11
34, 3, 2023-05-08, 2023-10-31
41, 11, 2019-09-25, 2020-06-07
151, 17, 2020-09-06, 2022-01-03
83, 26, 2021-02-18, 2022-01-25
52, 17, 2018-09-10, 2019-09-17
25, 8, 2023-03-15, 2023-10-06
45, 9, 2022-06-27, 2022-07-24
106, 2, 2015-08-02, 2016-10-24
78, 25, 2015-07-26, 2015-10-20
180, 10, 2021-09-05, 2022-11-18
166, 11, 2022-09-05, 2023-11-29
3, 18, 2017-09-03, 2018-06-01
122, 4, 2020-12-05, 2020-12-08
104, 10, 2015-10-28, 2016-01-18
165, 1, 2016-04-03, 2017-01-01
192, 24, 2022-07-05, 2022-07-28
88, 15, 2022-10-06, 2023-05-05
188, 17, 2015-07-24, 2015-10-06
25, 22, 2020-11-02, 2021-02-21
180, 22, 2023-04-18, 2024-02-15
29, 13, 2015-08-25, 2015-10-14
49, 2, 2019-05-31, 2019-06-14
17, 5, 2016-11-09, NULL
114, 25, 2021-06-28, 2022-04-14
14, 7, 2019-02-21, NULL
151, 13, 2022-07-20, 2023-07-09
69, 25, 2015-06-26, 2015-11-15
41, 5, 2022-05-26, 2023-05-30
178, 14, 2015-01-22, NULL
133, 6, 2021-10-23, 2022-03-15
162, 11, 2019-01-04, 2019-07-25
16, 6, 2019-07-30, 2020-11-14
152, 17, 2015-07-28, NULL
81, 19, 2016-02-29, 2016-07-14
194, 17, 2017-01-09, 2018-04-22
167, 24, 2020-11-06, 2021-05-10
149, 16, 2019-12-29, 2021-04-08
76, 5, 2021-04-06, 2021-07-15
124, 2, 2017-04-16, 2018-01-24
79, 13, 2017-01-13, 2017-08-01
24, 28, 2022-11-05, 2023-03-15
86, 27, 2017-11-04, 2019-01-14
63, 7, 2016-05-31, 2017-08-24
30, 7, 2020-07-02, 2020-08-30
50, 20, 2021-02-17, 2021-08-30
18, 16, 2016-01-03, 2016-02-05
107, 25, 2018-09-30, 2019-10-08
187, 27, 2015-02-20, 2015-05-04
59, 18, 2015-08-17, 2015-09-21
135, 10, 2019-01-29, 2019-03-10
60, 4, 2018-05-24, 2018-08-18
178, 29, 2017-11-29, 2018-07-13
93, 3, 2020-08-23, NULL
133, 18, 2017-10-13, 2018-02-27
103, 13, 2020-08-05, 2021-08-14
168, 1, 2020-04-28, NULL
136, 23, 2017-03-26, 2017-09-28
11, 1, 2019-02-17, 2019-12-07
143, 29, 2015-03-08, 2015-11-25
8, 19, 2020-09-25, 2020-12-16
86, 27, 2017-09-17, 2017-11-06
155, 27, 2022-10-29, 2023-08-16
110, 9, 2018-05-01, 2019-07-09
180, 13, 2020-08-23, 2021-03-11
36, 24, 2018-05-21, 2019-04-27
191, 15, 2018-11-08, 2019-04-01
1, 14, 2019-06-05, 2020-06-15
113, 24, 2017-12-31, 2019-02-03
34, 8, 2015-01-23, 2015-08-04
10, 6, 2019-01-12, 2020-02-04
50, 16, 2017-11-12, NULL
50, 8, 2019-11-17, 2021-03-01
47, 23, 2020-08-02, 2020-12-27
118, 14, 2021-01-28, 2022-04-15
133, 14, 2019-02-23, NULL
163, 20, 2019-02-08, NULL
15, 17, 2023-03-18, 2024-01-30
64, 8, 2016-01-02, 2016-06-27
42, 20, 2016-08-11, 2017-12-11
36, 7, 2022-05-17, 2023-06-03
116, 8, 2016-07-03, 2016-10-31
42, 22, 2023-02-17, 2023-03-02
88, 27, 2023-01-20, 2023-03-05
118, 2, 2020-10-16, 2022-01-09
89, 20, 2021-05-19, 2022-02-03
7, 20, 2016-10-29, 2016-12-21
83, 5, 2019-06-28, 2020-11-09
107, 15, 2017-12-11, 2018-01-22
59, 10, 2022-05-21, 2023-09-02
59, 3, 2019-08-15, 2020-08-31
123, 20, 2023-06-01, NULL
91, 20, 2017-09-16, 2018-12-12
136, 3, 2021-11-29, 2023-02-26
102, 28, 2022-01-29, 2022-04-20
160, 1, 2018-06-11, 2018-09-24
173, 21, 2016-12-03, 2018-04-07
27, 18, 2019-01-21, NULL
85, 6, 2016-04-24, 2016-12-14
110, 18, 2016-04-25, 2017-06-25
114, 27, 2015-06-05, 2016-08-26
96, 26, 2021-09-29, 2021-10-21
127, 7, 2018-04-18, 2018-10-24
25, 18, 2022-08-16, 2023-08-19
40, 6, 2016-05-12, 2016-10-26
155, 4, 2016-04-14, 2017-04-02
169, 20, 2017-12-08, 2018-05-03
115, 30, 2019-11-01, 2020-10-08
180, 24, 2019-11-16, NULL
70, 3, 2022-03-16, 2023-06-23
157, 28, 2022-08-18, 2023-01-24
169, 15, 2023-04-01, 2023-08-09
35, 8, 2017-08-27, 2017-10-24
189, 25, 2023-02-10, 2023-04-26
200, 9, 2023-05-16, 2024-04-04
123, 1, 2015-06-05, 2015-12-21
83, 12, 2021-02-09, 2022-03-15
31, 19, 2022-05-16, 2023-04-19
125, 22, 2015-04-04, 2016-03-27
47, 16, 2021-03-12, 2021-04-06
191, 25, 2022-11-17, 2023-05-19
153, 25, 2023-01-22, 2023-06-24
112, 24, 2020-02-21, 2020-07-10
80, 27, 2015-11-19, 2016-04-19
123, 6, 2023-05-29, 2023-06-16
152, 15, 2019-10-17, 2020-03-05
194, 20, 2015-02-18, 2015-04-16
185, 28, 2017-11-24, 2019-02-02
193, 4, 2022-06-18, 2022-10-24
96, 22, 2023-02-15, 2023-04-24
151, 19, 2022-01-26, 2022-08-13
112, 21, 2020-12-15, 2021-11-19
58, 10, 2020-10-23, 2021-04-26
3, 9, 2018-05-30, 2019-08-13
127, 5, 2017-09-22, 2018-06-10
111, 22, 2022-04-11, NULL
40, 29, 2015-09-25, 2016-08-21
141, 5, 2019-11-14, 2020-07-13
47, 14, 2016-02-18, 2017-07-01
156, 12, 2016-02-19, 2016-10-17
57, 5, 2016-08-03, 2016-11-09
133, 16, 2020-11-02, 2021-02-25
135, 22, 2018-07-08, 2019-02-07
159, 8, 2015-02-25, 2016-03-26
120, 15, 2015-07-20, 2015-12-05
59, 21, 2016-09-16, 2017-05-09
31, 4, 2021-01-18, 2022-04-25
2, 19, 2020-07-19, 2021-01-31
182, 29, 2019-01-25, 2020-04-14
97, 23, 2020-06-21, 2021-05-18
71, 25, 2019-03-04, 2020-03-11
62, 25, 2015-12-09, 2016-01-27
129, 5, 2020-09-11, 2021-05-28
44, 17, 2017-06-07, 2017-10-18
199, 26, 2015-10-30, 2017-01-26
95, 23, 2019-03-15, 2020-05-15
139, 12, 2021-09-29, 2022-09-26
137, 4, 2021-02-13, 2021-08-12
189, 11, 2021-04-27, 2021-08-07
93, 10, 2015-04-05, 2016-04-08
125, 16, 2019-05-19, 2019-07-03
42, 19, 2019-12-13, 2021-02-01
47, 9, 2019-10-11, 2020-06-06
71, 27, 2020-07-22, 2020-08-14
86, 25, 2018-06-26, 2019-10-26
1, 27, 2015-04-06, 2016-05-09
200, 29, 2018-12-02, 2019-02-27
69, 18, 2020-12-12, 2021-11-20
30, 26, 2017-10-07, NULL
30, 21, 2018-12-13, 2019-09-24
106, 9, 2016-06-10, NULL
141, 12, 2016-05-06, 2016-10-29
88, 13, 2021-01-20, 2022-01-02
37, 14, 2022-10-19, 2023-01-20
50, 18, 2018-06-18, 2019-04-16
71, 4, 2016-07-07, 2017-09-04
71, 11, 2016-08-16, 2017-12-21
143, 28, 2015-09-18, 2016-09-02
38, 9, 2021-08-09, 2022-03-15
7, 3, 2016-04-23, 2017-04-19
160, 24, 2021-02-26, NULL
14, 1, 2019-10-26, 2020-02-18
179, 28, 2018-04-05, 2018-07-25
32, 10, 2021-07-24, 2022-09-28
113, 28, 2021-07-07, 2022-02-24
41, 24, 2022-08-12, 2023-05-14
189, 8, 2022-11-10, 2023-12-27
21, 19, 2017-11-30, 2018-04-10
7, 26, 2020-12-26, NULL
90, 18, 2023-02-06, 2023-11-01
45, 7, 2020-03-17, 2020-03-27
116, 7, 2020-02-16, 2020-07-04
159, 3, 2018-12-08, 2020-01-24
2, 2, 2015-05-21, 2015-09-18
86, 26, 2022-02-04, 2023-04-20
80, 10, 2022-02-21, 2023-05-15
46, 8, 2017-04-22, 2017-07-05
10, 18, 2018-08-18, 2019-03-30
102, 24, 2016-05-08, 2016-11-13
186, 11, 2019-04-06, 2020-04-07
29, 10, 2016-11-09, 2017-02-05
19, 25, 2018-03-30, NULL
110, 14, 2017-10-03, NULL
10, 28, 2016-11-27, 2017-01-05
29, 19, 2017-08-06, 2018-10-24
121, 24, 2021-04-14, 2022-02-15
65, 22, 2020-04-22, 2020-06-19
127, 17, 2016-03-30, 2016-08-05
132, 19, 2015-11-02, 2016-03-28
180, 11, 2022-10-20, 2023-11-21
110, 20, 2022-05-13, 2022-12-18
101, 19, 2019-08-25, 2020-05-18
138, 20, 2015-11-15, 2016-05-21
80, 5, 2015-04-10, 2016-01-11
126, 29, 2023-04-30, 2024-03-24
92, 27, 2019-07-13, 2020-10-02
184, 8, 2022-08-16, NULL
171, 22, 2015-05-17, 2016-02-21
32, 25, 2016-12-28, 2017-01-02
151, 9, 2018-12-13, 2020-01-02
146, 22, 2017-09-03, 2017-12-13
157, 18, 2022-11-11, 2023-02-26
192, 23, 2019-01-10, 2019-08-14
133, 24, 2017-05-22, 2018-04-04
47, 15, 2018-03-23, 2019-03-16
126, 5, 2017-10-31, 2018-09-09
3, 16, 2017-05-20, 2017-07-10
127, 17, 2017-05-08, 2017-06-24
178, 20, 2016-08-05, 2016-12-18
186, 14, 2023-01-09, 2023-06-29
73, 18, 2017-03-14, 2017-05-12
160, 28, 2023-04-17, 2024-01-28
143, 7, 2022-09-04, 2022-09-19
74, 28, 2018-02-05, 2019-05-17
10, 12, 2020-11-25, 2022-01-14
188, 6, 2016-12-15, 2017-02-07
121, 11, 2018-04-21, 2018-07-24
27, 23, 2020-11-17, 2021-10-21
163, 6, 2018-01-31, 2018-02-25
3, 6, 2016-06-28, 2016-10-02
140, 5, 2018-12-07, 2019-11-20
64, 5, 2016-02-19, 2016-04-06
1, 28, 2023-04-26, 2023-09-14
185, 30, 2016-01-19, 2016-03-03
27, 25, 2019-01-06, 2019-05-04
73, 16, 2020-11-14, 2021-11-10
9, 8, 2015-08-05, 2016-05-20
133, 26, 2019-07-08, 2019-12-15
45, 17, 2018-09-11, 2019-11-27
73, 3, 2020-03-12, 2020-12-27
179, 14, 2017-08-28, 2018-07-04
200, 14, 2019-04-09, 2020-06-19
161, 24, 2022-08-15, 2023-01-11
178, 10, 2018-09-28, 2019-08-10
156, 25, 2018-01-28, 2019-03-03
80, 21, 2015-04-09, 2016-02-23
131, 19, 2022-07-01, 2023-09-06
177, 16, 2018-12-16, 2019-06-30
11, 12, 2018-05-22, 2019-06-05
148, 8, 2020-07-07, 2021-06-21
142, 27, 2019-12-22, 2021-04-17
37, 21, 2021-08-08, 2022-02-26
50, 8, 2017-01-02, 2018-01-25
60, 16, 2019-01-19, 2019-12-29
31, 18, 2020-12-08, 2021-08-05
188, 28, 2019-01-14, NULL
78, 8, 2016-09-09, 2017-01-22
10, 7, 2019-02-09, 2019-02-19
164, 2, 2021-01-22, 2021-12-05
158, 9, 2018-10-17, 2019-03-24
17, 26, 2017-05-21, NULL
118, 22, 2015-03-20, 2015-09-06
141, 25, 2022-01-06, 2022-05-12
148, 28, 2017-05-05, 2018-02-15
30, 22, 2016-02-01, 2016-07-22
38, 27, 2016-06-28, 2017-06-18
9, 17, 2016-06-03, NULL
94, 13, 2018-09-16, 2018-12-14
88, 20, 2015-10-15, 2017-02-16
52, 20, 2017-04-19, 2017-07-21
39, 11, 2018-06-11, 2019-04-21
10, 7, 2022-01-05, 2022-09-28
168, 15, 2022-08-13, 2023-12-11
68, 28, 2016-07-18, 2016-11-07
90, 10, 2017-03-03, 2017-06-12
166, 23, 2019-07-19, 2019-11-12
195, 14, 2020-06-04, NULL
112, 9, 2017-11-25, 2018-11-09
61, 15, 2020-06-07, 2021-07-17
2, 1, 2022-11-06, 2023-12-11
124, 16, 2015-12-27, 2016-01-29
21, 25, 2016-03-21, 2016-06-03
7, 1, 2018-10-26, 2019-05-01
15, 5, 2021-01-26, 2022-01-15
197, 23, 2020-07-09, NULL
133, 17, 2017-08-25, 2018-12-09
111, 17, 2020-09-06, 2020-09-24
110, 9, 2015-07-01, 2016-02-28
144, 7, 2020-05-24, 2020-06-13
193, 26, 2019-12-09, 2021-04-12
156, 27, 2023-03-30, 2024-02-08
178, 30, 2021-05-22, 2022-01-08
153, 11, 2021-06-01, 2022-01-28
180, 23, 2019-06-09, 2019-12-10
146, 5, 2015-10-20, 2016-09-28
141, 19, 2016-03-04, 2017-01-13
5, 29, 2016-08-02, 2017-05-26
180, 29, 2022-11-23, 2023-10-04
18, 20, 2017-01-26, 2017-06-03
17, 15, 2018-01-27, 2018-03-27
47, 3, 2022-10-02, 2023-12-25
125, 13, 2017-06-30, 2018-10-09
161, 16, 2021-01-20, 2021-02-08
45, 19, 2017-12-01, 2018-12-24
115, 7, 2021-09-18, 2022-07-27
139, 28, 2016-09-22, NULL
182, 8, 2018-11-22, 2019-04-21
65, 26, 2019-03-10, 2019-07-04
71, 18, 2018-10-14, 2019-07-05
47, 3, 2021-11-16, 2022-07-08
140, 13, 2017-10-15, 2018-04-28
55, 27, 2016-03-19, 2017-03-16
120, 22, 2019-10-27, NULL
109, 11, 2018-05-11, 2019-02-02
145, 6, 2021-11-28, NULL
120, 15, 2019-10-20, 2020-10-05
143, 7, 2019-02-21, 2019-04-21
37, 15, 2017-10-07, 2018-07-30
139, 23, 2020-10-26, 2021-12-26
128, 19, 2022-09-23, 2022-09-26
170, 1, 2015-03-30, 2015-04-21
11, 26, 2022-05-23, 2022-08-13
62, 21, 2022-07-31, 2022-08-05
97, 8, 2020-09-01, 2021-09-20
197, 20, 2018-01-03, NULL
152, 19, 2015-12-18, 2017-04-23
168, 19, 2022-04-15, 2023-07-13
11, 15, 2015-10-09, 2015-11-22
169, 4, 2019-10-06, 2019-11-30
196, 9, 2015-12-21, 2016-09-23
24, 2, 2017-11-15, 2018-06-04
35, 9, 2021-01-06, 2022-05-20
91, 12, 2020-01-18, 2021-05-28
18, 18, 2022-02-20, 2022-03-25
106, 13, 2020-11-22, 2021-05-19
85, 23, 2016-11-22, 2018-01-18
6, 20, 2021-07-08, 2022-06-20
113, 10, 2018-07-04, 2019-01-10
36, 27, 2017-10-09, 2017-10-16
85, 20, 2022-06-06, 2023-02-05
3, 26, 2017-10-05, NULL
22, 4, 2018-09-12, 2019-08-16
130, 28, 2020-03-29, NULL
59, 7, 2022-09-06, 2024-01-12
156, 5, 2020-02-10, 2021-04-16
11, 3, 2020-11-12, 2021-05-20
187, 22, 2022-01-26, 2022-08-05
159, 15, 2019-11-17, 2020-08-17
95, 6, 2018-06-09, 2019-01-21
35, 25, 2021-03-03, 2022-06-06
96, 13, 2018-03-30, 2018-12-01
161, 4, 2019-08-19, 2019-11-12
184, 9, 2020-10-09, 2020-11-15
187, 14, 2017-08-19, 2018-07-01
193, 11, 2017-07-09, NULL
87, 11, 2016-03-03, 2016-11-08
70, 8, 2017-04-18, 2018-05-25
120, 2, 2015-09-21, 2015-12-26
197, 13, 2021-12-08, 2022-01-26
125, 7, 2021-02-25, 2021-07-04
121, 3, 2021-12-24, 2022-10-25
68, 3, 2019-05-27, 2020-01-29
24, 13, 2019-08-13, 2020-01-25
91, 10, 2022-03-13, 2023-02-22
136, 21, 2017-11-05, 2018-06-24
30, 12, 2021-06-13, 2022-03-28
195, 15, 2022-09-18, 2023-03-26
103, 18, 2021-10-14, 2022-07-12
19, 30, 2020-03-21, NULL
12, 11, 2020-07-01, 2021-03-04
181, 8, 2023-04-11, NULL
34, 16, 2015-07-08, 2015-09-02
19, 20, 2019-12-28, 2020-05-29
8, 26, 2023-05-11, 2024-03-04
76, 13, 2015-03-12, 2015-06-30
193, 30, 2020-11-18, 2021-03-13
86, 12, 2022-10-20, 2023-03-17
35, 13, 2016-03-17, 2017-01-10
151, 25, 2016-08-18, 2017-07-12
192, 1, 2016-03-15, 2017-06-08
174, 18, 2017-04-28, 2017-06-19
17, 1, 2023-01-22, 2023-02-10
80, 27, 2017-05-11, 2018-06-28
28, 3, 2021-05-12, 2021-11-10
39, 2, 2018-08-13, 2019-10-03
127, 19, 2022-07-27, 2022-08-05
86, 10, 2022-07-16, 2023-04-29
147, 30, 2015-12-13, 2016-01-14
63, 30, 2020-05-10, 2021-09-07
115, 24, 2023-02-16, NULL
116, 10, 2020-05-28, 2020-12-22
84, 20, 2018-11-25, 2018-12-08
163, 24, 2021-10-09, 2022-04-24
106, 15, 2022-09-18, 2023-01-23
199, 15, 2019-01-08, 2019-06-17
161, 4, 2015-08-25, NULL
48, 7, 2020-06-13, 2021-10-23
152, 18, 2022-05-27, 2023-09-21
2, 26, 2021-11-23, 2022-02-18
69, 5, 2019-12-15, 2020-06-13
73, 2, 2017-02-09, 2018-03-24
186, 22, 2017-04-11, 2017-12-18
153, 28, 2016-11-03, 2017-06-13
140, 14, 2020-08-09, 2021-01-30
17, 22, 2020-05-25, 2020-08-01
185, 4, 2019-06-22, 2019-10-26
167, 16, 2020-10-24, 2020-12-19
198, 17, 2020-10-01, 2021-04-16
184, 25, 2015-01-20, 2016-05-18
53, 30, 2016-07-06, 2016-09-09
56, 1, 2016-08-14, 2016-09-10
72, 30, 2020-05-11, 2021-02-25
84, 21, 2017-06-06, NULL
144, 12, 2017-03-22, 2017-11-13
174, 1, 2019-09-02, 2020-08-14
77, 13, 2017-04-27, 2017-07-12
31, 21, 2017-04-23, 2018-06-27
12, 28, 2022-11-05, 2023-08-26
35, 16, 2020-05-09, 2021-02-11
9, 8, 2018-03-09, 2018-11-19
27, 26, 2016-05-13, 2016-10-09
75, 26, 2019-12-22, 2021-05-04
13, 13, 2019-11-07, 2020-09-22
3, 4, 2017-09-03, 2018-12-31
148, 7, 2015-01-02, 2015-04-30
88, 16, 2018-03-05, 2018-07-26
50, 5, 2021-11-16, 2022-10-05
21, 25, 2021-07-15, 2022-02-24
196, 27, 2023-05-25, 2023-07-09
17, 7, 2015-03-03, 2015-05-18
183, 5, 2016-06-07, 2016-08-21
155, 9, 2017-05-29, 2017-12-17
96, 13, 2015-03-15, 2016-01-08
66, 23, 2021-06-26, 2022-07-02
40, 29, 2020-07-13, 2021-08-28
71, 7, 2019-09-20, 2020-11-17
23, 1, 2023-01-15, 2023-04-15
136, 15, 2021-02-26, 2021-04-18
133, 5, 2016-10-18, 2017-01-04
160, 20, 2020-10-21, 2021-01-25
52, 10, 2017-07-10, 2018-07-23
108, 25, 2015-01-30, 2015-03-14
86, 15, 2019-08-17, 2020-01-11
57, 11, 2016-09-10, 2018-01-16
106, 4, 2017-03-05, 2017-10-18
57, 26, 2015-07-06, 2016-05-12
166, 24, 2020-01-17, 2020-02-17
57, 15, 2016-06-13, 2017-07-25
31, 15, 2020-05-27, 2021-04-07
131, 23, 2022-12-10, 2023-02-15
151, 28, 2017-03-15, 2017-04-20
120, 9, 2017-10-20, 2018-06-07
139, 4, 2017-01-31, 2018-01-27
47, 1, 2020-04-01, 2021-08-11
141, 13, 2023-01-11, 2023-07-19
117, 14, 2017-08-31, 2018-07-22
46, 16, 2015-08-31, 2017-01-04
168, 24, 2023-01-24, 2024-03-14
53, 12, 2021-03-20, 2022-03-13
17, 29, 2019-10-05, 2020-03-16
22, 20, 2021-12-12, 2022-08-30
22, 21, 2020-08-03, 2021-02-03
124, 15, 2019-11-30, 2020-05-23
92, 11, 2019-01-09, 2020-05-05
81, 18, 2015-07-07, 2016-09-19
164, 9, 2021-02-12, 2021-03-03
163, 8, 2015-05-06, 2015-09-23
86, 12, 2016-07-30, 2017-01-01
142, 21, 2019-07-22, 2020-01-10
122, 17, 2015-10-09, 2016-12-08
181, 9, 2015-07-15, 2015-07-31
31, 24, 2022-03-18, 2023-07-21
65, 2, 2015-12-12, 2016-09-24
96, 11, 2021-06-17, 2021-07-26
46, 21, 2020-07-10, 2020-11-02
70, 17, 2019-01-19, 2020-04-13
65, 23, 2019-04-30, NULL
97, 29, 2019-01-23, 2020-01-21
195, 13, 2022-09-29, 2023-10-31
9, 25, 2018-10-14, 2019-05-01
82, 17, 2020-01-05, 2020-03-19
67, 2, 2017-08-10, 2017-09-16
32, 23, 2016-08-29, 2017-03-14
11, 17, 2022-11-11, 2023-05-11
160, 29, 2018-12-15, NULL
190, 18, 2020-10-24, 2021-09-21
141, 30, 2016-04-16, 2017-08-09
130, 29, 2019-02-18, 2020-05-05
186, 22, 2021-03-10, 2021-10-07
101, 11, 2021-02-14, 2021-03-17
132, 9, 2018-10-15, 2019-11-07
175, 2, 2021-05-17, NULL
104, 14, 2019-07-25, 2020-08-20
94, 18, 2017-05-27, 2017-12-15
62, 1, 2015-11-22, 2017-01-31
135, 23, 2020-07-26, 2020-09-15
43, 29, 2019-10-08, 2020-03-09
186, 7, 2022-02-18, 2022-08-06
43, 19, 2022-11-30, 2023-05-23
4, 1, 2016-07-17, 2017-01-08
124, 26, 2015-01-06, 2015-07-18
188, 25, 2016-06-25, 2017-07-30
198, 27, 2021-02-20, 2022-06-30
33, 4, 2015-09-24, 2016-03-16
86, 4, 2022-06-21, 2022-12-05
10, 18, 2020-01-27, 2021-01-15
31, 23, 2021-06-02, 2021-12-17
89, 8, 2017-10-01, 2017-11-05
184, 3, 2015-01-19, 2015-11-12
132, 4, 2023-05-03, 2024-05-13
51, 5, 2020-06-24, 2020-12-20
173, 17, 2018-08-16, 2019-11-25
125, 23, 2022-01-20, 2022-12-13
64, 7, 2021-07-04, 2022-04-02
48, 20, 2022-10-26, 2022-11-27
42, 10, 2022-09-06, 2023-02-01
12, 27, 2016-10-22, 2017-07-14
33, 13, 2017-10-15, 2018-01-27
75, 14, 2021-05-18, 2021-06-18
68, 15, 2022-11-09, 2023-04-12
157, 18, 2022-07-06, 2022-11-13
58, 4, 2017-02-27, 2017-04-22
33, 27, 2023-04-28, 2024-07-10
155, 23, 2023-05-17, 2024-08-31
169, 11, 2019-02-15, 2020-01-17
167, 8, 2019-12-23, 2021-02-21
178, 15, 2017-02-28, NULL
160, 6, 2021-12-17, 2023-03-11
58, 1, 2015-01-30, 2015-08-11
142, 20, 2016-12-05, 2018-03-31
191, 7, 2020-02-18, NULL
121, 22, 2017-12-09, 2019-01-17
71, 17, 2022-07-05, 2023-04-12
24, 14, 2015-12-08, 2016-09-28
10, 29, 2022-08-14, 2022-10-04
50, 3, 2019-11-07, 2020-11-20
197, 8, 2015-10-02, NULL
108, 13, 2018-10-19, 2020-01-23
103, 6, 2018-08-02, 2019-10-19
172, 22, 2016-08-04, 2017-06-11
153, 8, 2023-01-28, 2023-05-19
149, 6, 2019-09-19, 2019-10-23
32, 24, 2017-10-15, 2018-04-11
66, 21, 2022-01-03, 2022-10-25
158, 7, 2016-01-25, 2016-10-25
152, 30, 2021-04-17, 2021-12-06
5, 12, 2018-06-11, 2018-09-21
13, 27, 2018-08-17, 2019-09-05
198, 25, 2015-12-29, NULL
66, 10, 2015-05-12, 2015-09-15
179, 27, 2017-01-31, 2017-10-10
126, 9, 2019-07-10, 2020-05-28
106, 22, 2017-12-26, NULL
162, 21, 2017-09-17, 2018-12-19
195, 25, 2016-06-16, 2017-02-24
118, 17, 2021-08-31, 2022-08-02
66, 30, 2019-05-11, 2020-02-16
115, 17, 2020-10-02, 2021-12-06
29, 28, 2016-07-17, 2017-04-18
68, 17, 2022-02-03, 2022-07-30
44, 25, 2022-08-07, 2023-01-18
66, 13, 2020-09-22, 2021-01-31
30, 29, 2015-07-22, 2015-10-07
200, 6, 2015-10-23, 2016-01-28
106, 6, 2022-02-20, 2022-12-19
155, 5, 2018-02-06, 2018-04-16
59, 5, 2019-10-14, 2021-02-05
153, 18, 2016-09-05, 2017-02-24
57, 3, 2016-01-02, 2016-04-10
194, 23, 2016-01-11, 2016-07-21
192, 10, 2022-10-01, 2023-06-19
145, 28, 2022-02-19, 2022-11-06
129, 8, 2021-03-14, NULL
167, 30, 2016-02-21, 2017-07-05
103, 19, 2015-01-13, NULL
163, 6, 2019-04-28, 2020-06-29
65, 26, 2018-08-31, 2019-02-11
99, 16, 2016-01-06, 2016-02-07
146, 19, 2021-07-14, 2022-07-27
192, 27, 2016-08-25, 2017-02-07
185, 29, 2022-09-01, 2022-10-02
104, 30, 2021-05-13, 2022-06-21
20, 11, 2016-01-29, 2016-09-21
140, 13, 2020-08-01, NULL
114, 5, 2020-03-20, 2021-06-27
11, 30, 2021-06-05, 2021-09-30
37, 17, 2022-08-25, 2023-05-01
37, 27, 2020-04-04, 2021-08-05
25, 26, 2015-12-01, 2016-12-10
192, 21, 2022-09-15, 2024-01-18
169, 12, 2018-10-20, 2019-11-21
170, 26, 2017-05-21, 2017-08-06
81, 30, 2017-10-13, 2019-02-12
188, 9, 2022-02-11, 2022-08-11
75, 26, 2017-12-12, 2018-08-31
19, 15, 2018-09-11, 2018-10-15
137, 7, 2018-03-08, 2018-06-30
155, 15, 2017-01-14, 2017-12-14
49, 14, 2016-04-07, 2017-03-02
184, 24, 2023-03-24, 2023-11-03
177, 15, 2019-01-14, 2019-05-23
109, 17, 2021-06-17, 2022-10-03
67, 3, 2021-10-25, NULL
77, 20, 2022-05-25, 2023-01-03
132, 25, 2021-08-25, 2022-09-11
137, 26, 2019-08-15, 2019-12-20
39, 11, 2022-08-23, 2023-08-26
87, 14, 2016-06-28, 2017-05-25
25, 19, 2015-10-21, 2016-12-02
126, 16, 2018-06-29, 2018-10-22
93, 13, 2018-01-15, 2018-10-30
111, 29, 2016-07-15, 2017-05-01
11, 21, 2020-07-02, 2021-10-15
161, 5, 2020-04-08, 2021-03-11
80, 12, 2018-02-05, NULL
100, 27, 2021-10-12, 2021-11-28
155, 6, 2018-06-01, 2018-10-16
43, 10, 2016-02-13, 2017-01-30
55, 15, 2022-02-05, 2022-05-18
186, 2, 2016-09-09, 2017-10-27
107, 15, 2022-07-31, 2023-08-01
32, 10, 2020-04-11, 2020-08-21
133, 28, 2015-01-07, 2015-06-16
107, 21, 2016-01-03, 2016-08-17
190, 7, 2018-02-08, 2019-03-08
79, 27, 2023-02-19, 2023-05-19
169, 19, 2015-07-08, 2016-09-25
82, 1, 2020-11-24, 2022-01-19
6, 7, 2022-05-25, 2022-10-26
18, 8, 2016-08-18, NULL
103, 30, 2021-10-20, 2022-02-09
75, 6, 2022-12-29, NULL
154, 10, 2018-12-16, 2019-10-28
173, 16, 2016-06-23, 2017-09-14
98, 15, 2016-01-13, 2016-04-09
147, 13, 2021-03-08, 2022-05-21
24, 19, 2017-12-23, 2018-01-11
11, 24, 2020-04-30, 2020-06-27
31, 27, 2018-04-09, 2019-03-07
30, 4, 2017-12-05, 2018-09-03
12, 14, 2019-02-10, 2020-03-10
17, 22, 2015-02-23, 2015-06-05
93, 28, 2019-04-17, 2020-04-03
163, 2, 2017-05-16, 2018-08-22
43, 14, 2020-01-28, 2020-04-27
73, 4, 2021-10-01, 2022-02-04
26, 16, 2020-08-09, 2021-03-04
100, 6, 2015-12-21, 2016-03-25
145, 3, 2018-02-03, 2018-12-25
178, 18, 2021-06-20, 2022-03-16
5, 27, 2021-08-12, 2022-03-08
95, 2, 2018-07-03, 2019-10-16
113, 12, 2016-03-05, NULL
172, 30, 2022-09-09, 2023-01-30
18, 25, 2021-09-24, 2021-09-26
195, 16, 2017-08-25, 2018-07-14
133, 4, 2015-12-15, 2016-02-25
118, 13, 2019-03-28, 2019-08-02
41, 15, 2022-11-17, 2024-03-15
121, 28, 2021-09-15, 2021-09-18
22, 14, 2020-07-24, 2021-02-08
126, 30, 2017-04-25, 2018-07-17
50, 8, 2016-10-24, 2017-04-05
117, 30, 2018-02-10, 2018-10-27
44, 19, 2020-08-20, 2020-12-27
31, 11, 2016-07-25, 2017-08-29
67, 26, 2015-11-19, 2017-03-09
11, 27, 2021-06-02, 2022-09-15
132, 27, 2022-03-25, 2023-01-01
27, 14, 2015-04-03, 2015-05-07
80, 4, 2016-04-03, 2017-05-16
132, 24, 2021-04-25, 2022-08-20
125, 11, 2016-06-06, 2017-09-25
145, 4, 2019-10-12, 2020-05-12
140, 14, 2018-04-18, NULL
143, 13, 2021-05-06, 2021-10-10
149, 19, 2023-01-15, 2023-12-11
70, 29, 2019-01-03, 2019-02-11
15, 17, 2019-04-17, 2020-01-03
97, 15, 2016-02-01, 2017-06-09
152, 15, 2022-06-15, 2022-07-26
89, 22, 2017-02-09, 2017-03-04
104, 18, 2021-04-01, 2021-04-29
128, 25, 2023-03-29, 2023-07-05
95, 19, 2022-08-11, 2022-12-20
143, 4, 2018-11-29, 2020-02-20
175, 9, 2022-02-14, 2022-07-13
8, 7, 2020-05-21, 2020-06-05
25, 9, 2022-07-03, 2023-01-21
145, 10, 2017-01-08, 2017-06-30
144, 6, 2017-08-16, 2017-08-21
45, 1, 2015-02-03, 2016-03-14
155, 29, 2016-03-15, 2016-06-02
194, 15, 2016-10-10, 2017-09-22
54, 17, 2016-04-16, 2017-02-19
30, 6, 2016-01-22, 2017-05-22
79, 18, 2016-05-27, 2016-09-30
121, 23, 2017-11-20, 2018-01-13
4, 15, 2021-02-12, 2021-08-17
74, 25, 2015-03-21, 2016-07-22
151, 29, 2021-11-07, 2022-10-02
42, 1, 2020-12-16, 2021-07-25
93, 26, 2021-06-22, 2022-10-11
177, 19, 2018-12-08, 2019-02-17
58, 7, 2020-11-10, 2021-05-06
44, 5, 2023-04-13, 2023-11-27
69, 10, 2018-09-11, NULL
182, 30, 2017-03-18, 2018-07-12
112, 27, 2015-03-25, 2015-04-20
46, 6, 2018-04-16, 2019-07-17
97, 26, 2019-01-07, 2019-11-23
137, 6, 2015-12-27, 2016-08-27
60, 6, 2017-08-23, 2017-09-24
80, 3, 2016-05-08, 2016-05-10
87, 8, 2022-06-27, 2023-09-02
87, 27, 2021-12-05, 2022-03-21
23, 26, 2022-08-28, 2022-09-04
181, 27, 2015-10-21, 2015-12-11
90, 26, 2020-02-01, 2020-11-28
166, 14, 2020-01-25, NULL
97, 6, 2022-08-06, 2023-10-07
193, 1, 2019-11-01, 2020-06-24
129, 16, 2020-08-22, 2021-12-27
100, 17, 2016-11-20, NULL
27, 15, 2021-03-15, 2021-10-06
124, 10, 2016-09-26, 2018-01-28
100, 12, 2018-06-18, 2019-10-26
68, 13, 2019-11-15, 2020-09-05
70, 26, 2016-10-18, 2017-10-09
161, 29, 2015-04-02, 2015-07-24
50, 15, 2016-07-10, 2017-04-10
86, 10, 2017-12-15, 2018-10-30
77, 16, 2017-04-24, 2017-11-18
173, 3, 2021-03-31, 2021-05-05
60, 19, 2021-11-12, 2022-05-27
25, 17, 2018-10-24, NULL
62, 22, 2015-10-28, 2016-11-04
133, 25, 2023-03-29, 2024-05-27
123, 19, 2022-03-02, 2023-05-28
62, 20, 2019-08-11, 2020-06-12
164, 8, 2018-01-01, 2018-08-27
6, 9, 2017-11-23, 2018-05-09
116, 16, 2022-09-01, 2023-05-15
10, 18, 2015-10-22, 2016-08-06
79, 28, 2015-11-26, 2016-04-26
63, 19, 2018-11-24, NULL
113, 18, 2023-02-22, 2023-11-17
52, 9, 2016-07-09, 2017-08-23
139, 17, 2015-11-03, 2016-01-31
70, 17, 2021-04-25, NULL
113, 26, 2015-12-29, 2017-02-19
32, 7, 2017-05-08, 2017-09-01
84, 21, 2022-07-31, 2022-12-01
151, 11, 2018-11-09, NULL
75, 18, 2021-07-15, 2022-10-19
137, 30, 2021-10-31, 2021-11-08
158, 17, 2017-05-08, 2017-07-23
19, 17, 2015-07-31, 2015-11-13
155, 27, 2017-10-26, 2018-12-14
99, 3, 2019-12-11, NULL
163, 26, 2017-02-16, 2018-04-22
4, 30, 2021-06-10, 2022-08-20
191, 1, 2018-11-09, NULL
3, 22, 2019-02-14, 2020-03-27
79, 9, 2015-03-23, 2015-10-10
175, 16, 2020-07-21, 2021-01-13
16, 12, 2022-04-15, 2022-09-14
168, 3, 2018-04-15, NULL
137, 10, 2020-07-28, 2020-11-03
79, 4, 2020-03-21, 2021-03-19
113, 26, 2023-02-09, 2024-06-13
171, 18, 2020-04-09, 2020-06-26
84, 5, 2020-09-02, 2021-12-13
146, 24, 2017-07-14, NULL
80, 20, 2017-12-19, 2018-07-29
75, 1, 2018-03-06, 2019-06-21
113, 14, 2017-10-04, NULL
130, 1, 2016-05-26, 2016-09-12
94, 1, 2015-01-28, 2016-05-26
171, 25, 2020-12-07, 2021-02-10
49, 5, 2016-11-24, NULL
127, 6, 2018-03-14, 2019-04-17
35, 12, 2022-07-19, 2022-08-02
184, 21, 2018-01-21, 2018-11-17
150, 5, 2016-11-03, 2017-06-22
189, 17, 2021-09-24, 2021-10-06
134, 27, 2017-12-18, NULL
172, 7, 2015-08-06, 2015-09-09
197, 14, 2020-10-31, 2021-06-24
157, 1, 2015-08-25, 2015-11-17
12, 12, 2018-12-11, 2019-01-09
196, 4, 2021-06-26, 2021-08-03
162, 25, 2022-06-01, 2023-01-09
181, 28, 2021-09-12, 2022-04-02
173, 5, 2022-11-10, 2023-05-22
166, 7, 2021-12-26, NULL
60, 6, 2018-08-22, 2018-11-29
56, 29, 2022-07-19, 2023-05-28
168, 5, 2021-11-17, 2022-04-12
171, 24, 2019-12-23, 2020-05-11
45, 19, 2015-09-21, 2016-11-08
15, 18, 2017-03-23, 2018-02-16
42, 21, 2016-12-11, 2017-04-16
13, 9, 2020-06-07, 2021-04-24
111, 8, 2018-08-15, 2018-11-30
15, 16, 2020-06-18, NULL
21, 19, 2021-05-05, 2021-11-15
155, 3, 2015-08-03, 2016-03-15
185, 2, 2020-04-24, 2020-11-18
188, 26, 2018-01-17, 2018-10-06
12, 8, 2017-09-27, 2018-12-13
128, 19, 2020-10-21, 2021-02-05
52, 10, 2018-02-11, 2018-02-20
87, 20, 2018-05-05, 2018-09-23
132, 9, 2018-05-18, NULL
93, 24, 2016-01-29, 2016-06-24
200, 2, 2018-10-26, 2018-12-22
152, 23, 2020-09-29, 2020-11-13
61, 13, 2018-10-01, 2018-11-02
196, 4, 2016-01-24, 2016-05-29
135, 27, 2015-08-25, 2016-11-22
127, 6, 2018-06-14, 2018-10-12
179, 1, 2017-06-04, 2017-12-25
200, 26, 2020-03-05, 2021-06-07
106, 12, 2018-06-20, 2018-08-30
148, 14, 2023-01-16, 2023-09-30
14, 27, 2019-11-14, 2020-02-08
163, 10, 2022-05-18, 2022-09-22
189, 13, 2015-05-02, NULL
134, 15, 2022-06-06, NULL
46, 27, 2021-03-03, 2021-05-12
68, 5, 2018-08-26, 2018-09-14
7, 8, 2015-06-01, NULL
16, 6, 2018-11-05, 2019-05-31
149, 27, 2019-06-07, NULL
167, 15, 2018-12-29, 2019-06-19
18, 14, 2020-03-10, 2020-12-31
127, 12, 2016-09-06, NULL
135, 17, 2015-07-23, NULL
76, 3, 2021-12-09, 2023-01-03
148, 7, 2018-12-06, NULL
108, 9, 2018-02-03, 2018-07-05
37, 6, 2016-07-29, 2017-05-08
92, 21, 2023-03-22, 2023-11-18
31, 3, 2015-05-14, 2016-06-25
49, 24, 2022-03-30, 2023-04-25
34, 3, 2015-12-31, 2016-09-22
147, 15, 2016-12-03, 2017-09-16
80, 20, 2020-07-17, 2021-11-06
90, 12, 2020-09-23, 2020-12-30
193, 23, 2023-04-06, 2023-04-16
191, 2, 2018-06-23, 2019-10-08
125, 17, 2022-07-10, 2023-09-22
191, 9, 2017-07-20, 2018-06-16
156, 17, 2017-11-12, 2019-01-13
91, 3, 2020-07-07, 2021-08-16
123, 27, 2017-03-11, 2017-04-03
43, 29, 2016-04-05, 2017-02-06
125, 26, 2021-12-10, 2022-10-11
96, 24, 2019-09-18, 2020-12-24
92, 7, 2022-04-16, 2022-09-04
132, 28, 2017-12-20, 2019-04-19
166, 14, 2019-04-13, 2019-05-07
188, 10, 2016-06-05, NULL
33, 4, 2023-02-25, 2024-04-28
142, 19, 2016-05-30, 2017-04-22
51, 30, 2017-12-07, 2018-01-02
131, 9, 2018-06-18, 2019-09-12
145, 4, 2021-09-09, 2021-11-04
96, 18, 2021-10-15, NULL
139, 17, 2017-01-28, 2017-05-02
63, 11, 2021-07-28, 2022-10-17
124, 6, 2016-06-02, 2017-08-29
200, 28, 2017-12-07, 2019-03-30
79, 20, 2017-07-04, 2018-11-05
119, 9, 2020-08-21, NULL
38, 1, 2018-02-18, 2019-03-26
49, 21, 2015-03-24, NULL
44, 14, 2023-05-29, 2024-03-25
173, 8, 2022-12-09, 2023-09-25
85, 16, 2019-03-27, 2019-06-02
5, 14, 2018-11-16, 2019-05-02
147, 6, 2018-11-23, 2019-04-24
4, 3, 2023-02-26, NULL
46, 21, 2021-03-09, 2021-12-26
22, 5, 2018-03-22, 2019-02-16
36, 25, 2019-09-08, NULL
177, 4, 2017-01-05, 2018-02-16
117, 7, 2015-07-18, 2016-06-15
113, 15, 2015-11-03, 2017-02-19
64, 22, 2023-04-27, 2023-05-09
195, 15, 2023-01-06, 2023-02-20
84, 2, 2017-02-05, 2018-05-15
156, 4, 2022-08-09, 2023-01-25
174, 23, 2019-12-21, 2021-04-20
89, 30, 2022-03-22, NULL
89, 8, 2016-11-02, NULL
138, 27, 2015-08-07, 2016-03-13
136, 13, 2018-05-28, 2019-04-06
140, 7, 2017-05-06, NULL
188, 10, 2015-02-16, 2016-06-20
134, 12, 2023-02-07, 2023-07-12
187, 30, 2017-06-19, 2018-09-29
158, 19, 2021-05-12, 2021-12-16
24, 11, 2017-12-19, 2018-01-26
158, 5, 2016-04-28, 2017-06-28
131, 26, 2020-08-03, 2020-09-11
146, 13, 2018-12-31, 2019-11-14
172, 4, 2018-10-26, 2019-09-08
191, 21, 2017-06-18, 2018-08-29
157, 8, 2022-03-22, 2022-11-15
95, 14, 2019-09-29, 2020-07-07
31, 17, 2020-03-18, 2020-03-26
92, 9, 2017-11-29, 2018-04-18
30, 3, 2021-12-08, 2022-05-28
31, 8, 2023-01-03, 2023-06-06
4, 28, 2021-08-14, 2022-10-18
3, 28, 2015-01-26, 2015-04-04
42, 4, 2020-09-19, 2021-08-10
100, 12, 2020-11-04, 2021-06-24
40, 14, 2021-03-08, 2022-05-15
15, 2, 2021-05-13, 2022-09-10
146, 28, 2022-04-24, 2022-09-18
193, 27, 2020-07-20, 2020-12-19
11, 30, 2019-08-03, 2020-03-14
23, 9, 2017-11-11, 2018-07-29
187, 23, 2017-10-14, 2018-11-11
141, 5, 2019-02-12, 2019-09-18
11, 29, 2015-03-29, 2015-11-28
46, 2, 2022-01-03, 2022-06-05
182, 26, 2016-02-09, 2016-05-07
25, 19, 2020-12-08, 2021-08-13
36, 10, 2021-08-04, 2022-07-19
128, 2, 2022-06-19, 2023-10-08
24, 20, 2015-05-15, 2015-07-08
140, 29, 2017-05-26, 2018-02-26
182, 10, 2021-02-06, 2022-06-12
31, 8, 2017-07-06, 2017-11-10
69, 19, 2020-12-13, 2021-07-05
28, 9, 2018-04-21, 2018-05-09
33, 27, 2017-12-06, 2018-12-06
150, 27, 2022-10-19, 2023-04-06
37, 23, 2018-04-11, NULL
172, 1, 2020-05-31, 2021-03-30
173, 29, 2018-08-24, 2019-05-14
197, 29, 2022-10-20, 2022-12-13
106, 16, 2016-05-09, 2016-11-16
91, 2, 2016-09-25, NULL
7, 8, 2016-09-26, 2017-03-14
99, 3, 2016-02-18, 2017-03-31
130, 14, 2016-07-29, 2016-11-30
57, 4, 2016-06-25, 2016-11-20
64, 18, 2017-05-02, 2017-11-04
145, 3, 2023-05-20, 2024-01-23
80, 9, 2020-01-10, 2020-04-01
29, 21, 2021-11-06, 2021-12-08
114, 28, 2015-07-23, 2016-11-07
65, 23, 2016-04-17, 2016-07-19
66, 10, 2019-08-05, 2020-05-18
3, 9, 2015-01-12, 2015-01-20
85, 6, 2017-02-05, 2018-06-17
44, 15, 2020-10-20, 2021-05-30
176, 2, 2021-05-19, NULL
75, 24, 2019-08-26, NULL
147, 6, 2016-01-10, 2016-02-13
145, 19, 2015-05-04, 2016-05-01
163, 17, 2022-11-29, 2022-12-02
7, 9, 2023-03-01, 2023-08-29
102, 10, 2015-06-16, 2016-02-05
154, 11, 2023-05-04, 2023-06-18
59, 14, 2015-07-05, 2016-08-17
117, 18, 2020-10-19, 2021-06-04
132, 24, 2017-03-27, 2017-06-03
185, 16, 2020-06-25, 2021-06-24
160, 14, 2016-06-12, 2017-03-30
76, 28, 2019-03-07, 2020-04-23
127, 22, 2023-02-19, 2023-06-26
126, 29, 2017-06-04, 2018-02-20
96, 22, 2021-07-16, 2022-11-24
144, 6, 2016-06-17, 2016-06-26
140, 30, 2015-08-20, 2015-12-28
127, 26, 2023-01-15, 2023-09-26
5, 21, 2016-11-04, 2017-08-24
114, 17, 2020-06-17, 2021-02-27
62, 26, 2019-01-24, 2019-07-15
133, 6, 2022-07-12, 2023-01-29
175, 4, 2019-06-27, 2019-08-31
57, 7, 2018-12-09, 2019-02-03
8, 17, 2018-11-10, 2019-06-25
86, 24, 2016-10-13, 2017-05-30
162, 21, 2017-12-01, 2018-06-25
67, 8, 2019-05-19, 2020-07-06
194, 9, 2015-11-04, 2017-01-20
106, 27, 2019-07-21, 2020-04-25
155, 5, 2023-05-29, 2023-08-06
166, 9, 2015-11-06, 2017-03-04
196, 18, 2020-08-04, 2021-10-20
29, 27, 2016-04-22, 2016-10-20
25, 24, 2019-02-04, 2020-04-18
154, 5, 2022-06-28, 2022-09-27
39, 26, 2017-05-30, 2018-03-13
200, 17, 2020-08-29, 2021-05-12
6, 25, 2019-04-17, 2019-05-17
65, 16, 2015-03-30, 2015-05-10
151, 30, 2017-01-01, 2017-09-12
74, 26, 2017-09-12, 2018-12-16
168, 29, 2015-10-15, 2016-03-09
173, 6, 2021-04-07, 2022-07-12
113, 9, 2021-07-03, 2021-12-23
163, 8, 2018-06-08, NULL
30, 7, 2018-04-29, 2019-07-06
92, 16, 2016-05-09, 2017-09-08
14, 7, 2017-08-06, 2018-06-28
42, 29, 2018-06-02, 2019-01-12
77, 16, 2022-08-04, 2022-09-27
75, 19, 2022-10-16, 2023-08-16
115, 27, 2019-07-12, 2019-12-24
99, 24, 2019-10-31, 2020-09-20
134, 28, 2019-12-27, NULL
107, 18, 2019-10-17, NULL
9, 28, 2015-11-25, 2016-11-25
139, 7, 2015-01-02, 2015-12-02
112, 11, 2022-03-13, 2023-05-30
64, 17, 2015-02-25, 2015-08-29
109, 6, 2020-09-07, 2021-04-04
111, 16, 2020-09-19, 2021-10-29
83, 24, 2022-01-27, 2022-12-28
197, 23, 2015-01-21, 2015-06-26
175, 17, 2020-01-11, 2021-05-11
107, 21, 2021-04-24, 2022-07-02
28, 5, 2018-03-04, 2018-06-10
159, 30, 2015-03-27, NULL
131, 12, 2023-03-01, 2023-10-19
95, 24, 2022-03-28, 2023-04-10
19, 17, 2023-02-17, 2024-05-23
73, 11, 2019-11-07, 2021-01-03
132, 14, 2019-03-30, 2019-05-23
182, 13, 2018-01-08, NULL
87, 23, 2020-08-23, 2021-02-02
59, 20, 2016-07-18, 2017-10-06
166, 24, 2015-09-20, 2016-06-21
144, 26, 2022-05-28, 2023-08-23
190, 28, 2015-07-11, 2016-07-04
78, 22, 2020-07-29, 2021-10-12
173, 4, 2016-03-13, 2017-02-23
11, 28, 2022-07-09, 2023-05-07
83, 3, 2019-04-15, 2019-12-17
123, 30, 2017-12-28, 2018-06-16
99, 16, 2021-09-25, 2021-11-28
162, 14, 2019-09-24, 2020-06-18
134, 24, 2021-07-20, NULL
75, 8, 2015-03-31, 2015-04-16
85, 10, 2019-05-20, 2019-11-02
99, 10, 2015-08-15, 2016-11-06
101, 10, 2017-01-12, 2017-08-17
84, 18, 2022-09-11, 2023-09-01
75, 9, 2022-04-08, 2023-02-02
196, 27, 2019-11-13, 2020-09-19
22, 11, 2016-05-11, 2017-07-28
55, 30, 2015-08-25, 2015-09-05
152, 17, 2018-06-02, 2019-02-07
27, 9, 2016-06-28, 2017-04-22
126, 25, 2021-07-10, 2022-07-11
31, 19, 2017-07-04, 2018-03-19
129, 29, 2017-03-13, 2017-09-28
7, 13, 2019-12-24, 2020-06-14
79, 23, 2019-12-19, 2020-05-29
71, 29, 2022-12-08, 2023-05-13
196, 25, 2022-12-07, 2023-08-15
118, 18, 2016-05-06, 2017-05-17
147, 28, 2015-05-28, NULL
156, 25, 2022-04-14, 2023-06-16
68, 23, 2021-08-07, 2022-10-26
148, 11, 2020-04-24, 2021-01-01
47, 4, 2018-01-02, 2018-03-17
119, 18, 2020-03-22, 2020-09-24
94, 4, 2020-08-18, NULL
31, 30, 2021-12-08, 2022-11-13
114, 6, 2019-03-19, NULL
59, 22, 2020-06-21, 2021-09-29
53, 18, 2021-09-11, 2022-03-17
45, 25, 2022-08-29, NULL
81, 22, 2016-04-10, 2016-10-05
133, 28, 2022-03-02, 2022-11-18
48, 10, 2021-03-27, 2022-07-02
178, 25, 2017-04-05, 2017-06-21
135, 20, 2021-04-10, 2021-11-06
96, 18, 2019-04-13, 2019-07-06
116, 23, 2016-02-21, 2017-02-09
90, 8, 2019-07-21, 2019-07-30
171, 8, 2017-06-16, 2017-12-31
69, 22, 2018-03-27, 2018-07-28
8, 19, 2020-09-02, 2021-01-06
172, 27, 2021-11-14, 2023-03-08
170, 23, 2018-10-07, 2020-01-01
133, 13, 2019-11-19, 2020-10-24
184, 13, 2019-09-02, NULL
149, 22, 2018-07-15, 2019-08-05
40, 8, 2016-04-20, 2017-07-05
105, 2, 2020-02-02, 2020-11-02
103, 10, 2016-01-24, 2017-03-29
172, 6, 2019-03-19, NULL
32, 15, 2015-07-28, 2015-12-21
94, 25, 2018-10-31, 2019-07-09
66, 26, 2015-01-29, 2016-05-05
17, 21, 2020-02-06, 2020-05-27
107, 24, 2020-03-18, 2020-07-12
116, 8, 2018-07-01, 2019-08-07
90, 24, 2021-05-02, 2022-08-25
178, 28, 2021-04-03, 2021-05-12
10, 26, 2023-02-09, 2023-05-19
59, 26, 2017-11-28, NULL
152, 24, 2015-01-22, 2016-02-07
135, 10, 2020-07-18, NULL
111, 10, 2018-07-29, 2018-08-07
73, 23, 2019-04-15, 2020-06-11
118, 9, 2021-04-27, 2022-05-08
31, 30, 2020-01-07, 2020-10-03
27, 27, 2019-03-18, NULL
55, 26, 2022-03-02, 2022-05-24
151, 26, 2015-07-31, 2016-11-09
51, 3, 2020-07-11, 2021-07-20
153, 13, 2019-06-02, 2020-05-31
85, 22, 2022-02-20, 2023-01-05
70, 21, 2022-12-13, 2024-04-01
14, 6, 2015-07-15, 2015-12-21
44, 1, 2021-09-20, 2022-06-05
61, 16, 2016-04-10, 2017-02-18
142, 8, 2015-10-05, 2016-08-09
143, 9, 2015-09-30, 2016-04-24
141, 6, 2019-10-20, 2020-01-03
121, 28, 2020-06-19, 2020-12-13
186, 25, 2015-03-17, 2016-03-27
15, 25, 2016-03-26, 2017-03-01
28, 9, 2020-02-02, 2020-02-24
198, 8, 2016-08-27, 2017-05-23
122, 2, 2020-02-28, 2020-12-16
9, 21, 2021-11-16, 2023-01-19
7, 13, 2022-10-25, NULL
39, 5, 2022-03-20, 2023-01-01
6, 20, 2020-09-26, 2020-11-04
35, 25, 2019-03-08, 2020-01-26
73, 23, 2020-08-06, 2021-05-25
116, 28, 2019-10-30, 2020-08-01
16, 2, 2019-12-13, 2020-02-23
39, 14, 2021-03-02, 2021-09-09
44, 16, 2016-07-25, 2016-09-25
77, 20, 2023-05-19, 2024-04-20
147, 6, 2015-07-17, 2016-01-30
97, 17, 2017-02-17, 2017-07-31
143, 23, 2017-08-16, NULL
147, 13, 2015-03-16, 2015-10-27
94, 21, 2016-10-10, 2018-02-04
171, 28, 2021-09-19, 2022-04-25
102, 4, 2022-08-19, 2023-12-26
183, 6, 2017-03-18, 2017-05-16
34, 16, 2023-02-28, 2024-06-07
175, 14, 2019-10-07, NULL
33, 1, 2016-02-28, 2017-01-08
114, 17, 2022-01-18, 2022-07-07
62, 26, 2016-04-17, 2016-06-02
58, 24, 2019-12-18, 2021-02-23
191, 17, 2023-01-11, 2023-12-10
97, 2, 2016-02-11, 2016-03-17
72, 30, 2018-11-11, 2019-11-28
28, 30, 2017-02-22, 2017-03-14
182, 20, 2017-04-14, 2018-07-07
90, 18, 2019-08-09, 2019-08-17
98, 13, 2023-01-21, 2023-04-17
129, 15, 2022-09-21, 2023-10-10
2, 11, 2022-02-13, 2022-04-24
3, 17, 2022-02-16, 2022-09-08
91, 18, 2018-08-15, 2018-12-30
159, 16, 2020-06-27, 2021-08-03
103, 15, 2015-11-17, 2016-09-12
7, 14, 2017-05-17, 2018-01-01
165, 23, 2021-01-15, 2021-03-03
139, 26, 2019-04-20, NULL
6, 5, 2017-07-03, 2017-10-31
28, 27, 2020-07-02, 2021-05-09
7, 25, 2018-02-01, 2018-09-11
71, 15, 2020-07-02, 2021-09-06
175, 24, 2020-06-29, 2021-08-08
163, 17, 2021-03-31, 2021-10-17
47, 12, 2016-10-19, 2017-10-27
98, 16, 2020-10-18, 2021-09-20
77, 10, 2015-03-20, 2015-08-27
111, 20, 2015-07-28, 2016-07-14
33, 15, 2021-03-30, 2021-07-04
160, 22, 2019-04-19, 2019-08-08
52, 17, 2016-10-20, 2017-08-25
106, 5, 2023-03-04, 2023-05-29
57, 18, 2017-10-14, 2018-12-13
45, 21, 2020-03-07, 2020-04-27
103, 18, 2019-09-26, 2019-11-03
159, 8, 2017-02-16, 2018-02-12
37, 29, 2023-02-19, 2023-11-12
34, 17, 2018-05-12, 2018-06-15
125, 2, 2020-02-10, 2020-11-22
177, 19, 2020-03-11, 2021-04-20
55, 23, 2016-08-01, 2017-11-10
92, 13, 2022-12-19, 2023-04-21
101, 30, 2015-05-14, 2016-08-27
108, 25, 2020-05-11, 2020-12-14
171, 10, 2015-07-14, 2015-09-06
127, 7, 2017-09-08, 2017-12-17
25, 15, 2021-05-24, 2022-07-21
67, 28, 2022-06-16, 2023-07-02
82, 8, 2020-09-05, 2021-10-04
67, 9, 2017-09-03, 2018-11-26
61, 28, 2021-02-11, 2021-09-29
123, 17, 2017-04-30, 2018-08-05
69, 25, 2015-07-09, 2015-09-13
125, 9, 2020-07-23, 2021-09-24
195, 12, 2022-08-06, 2022-10-14
189, 5, 2016-06-27, 2017-01-07
129, 22, 2017-12-24, 2018-03-13
13, 22, 2017-06-21, 2018-08-28
108, 9, 2017-11-04, 2019-01-29
192, 16, 2015-04-03, 2016-07-07
122, 29, 2017-05-20, 2018-02-10
157, 13, 2015-02-07, 2015-10-29
189, 6, 2020-06-30, NULL
63, 5, 2018-03-21, 2019-02-10
76, 30, 2021-07-31, 2021-09-09
199, 19, 2018-07-01, 2018-11-26
107, 15, 2021-09-09, 2021-10-11
2, 28, 2016-08-22, 2017-04-13
200, 1, 2015-12-30, 2017-05-05
10, 7, 2023-01-25, 2024-02-22
25, 21, 2020-11-17, 2021-12-13
196, 21, 2018-05-13, 2018-07-03
75, 6, 2022-09-19, 2024-01-22
138, 9, 2019-04-06, 2020-06-19
196, 3, 2019-12-17, 2020-09-17
139, 13, 2021-08-16, 2022-07-17
62, 17, 2015-01-09, 2015-11-22
32, 22, 2021-09-17, 2023-01-23
111, 23, 2018-04-10, 2018-05-20
70, 8, 2017-11-20, 2018-08-06
73, 6, 2020-10-28, 2021-01-15
168, 4, 2016-03-10, 2016-07-30
89, 15, 2016-12-01, 2018-03-24
187, 22, 2021-01-20, 2021-07-26
195, 4, 2015-04-11, 2016-05-17
189, 19, 2017-02-27, 2018-03-28
198, 25, 2018-03-18, 2018-05-05
101, 14, 2020-04-28, 2021-06-14
131, 12, 2021-11-26, NULL
152, 14, 2020-02-04, 2021-01-04
69, 27, 2022-11-04, 2022-12-28
34, 22, 2019-05-24, 2020-08-23
45, 14, 2017-01-06, 2017-06-30
99, 12, 2021-02-26, 2022-02-27
44, 3, 2015-02-04, 2015-12-17
136, 15, 2019-09-25, 2021-01-15
171, 11, 2020-09-28, 2020-10-05
59, 14, 2015-03-29, 2015-11-10
84, 26, 2022-10-11, 2023-12-12
44, 19, 2021-01-02, 2021-06-08
126, 4, 2021-12-16, 2022-07-18
143, 6, 2016-05-04, 2017-02-25
152, 11, 2020-08-02, 2021-07-30
63, 1, 2018-04-02, 2019-05-23
171, 14, 2020-03-18, 2020-12-27
170, 7, 2019-11-19, 2020-06-29
115, 7, 2023-05-03, 2024-01-02
198, 26, 2017-10-17, 2018-11-04
91, 2, 2020-04-05, 2021-07-29
111, 13, 2022-07-19, 2023-05-30
77, 24, 2017-01-01, 2017-07-07
118, 21, 2016-10-17, 2017-02-23
54, 8, 2015-03-05, 2016-05-31
77, 5, 2016-06-27, 2017-08-21
157, 17, 2018-06-28, 2019-05-03
161, 21, 2019-02-26, 2019-04-02
29, 19, 2016-11-26, 2017-10-25
43, 9, 2021-10-01, 2022-04-20
12, 22, 2016-07-02, 2017-02-16
174, 6, 2022-04-21, 2023-07-10
126, 6, 2021-02-27, 2022-04-22
31, 26, 2016-06-01, 2016-10-16
29, 17, 2021-06-10, 2022-08-31
133, 20, 2019-07-04, 2020-02-19
5, 30, 2018-05-29, 2018-12-05
191, 23, 2018-08-14, 2019-05-02
17, 5, 2016-12-10, 2018-04-21
91, 6, 2015-06-06, 2016-03-16
53, 25, 2022-12-19, 2023-10-29
72, 20, 2022-09-09, 2022-10-17
118, 25, 2016-05-21, 2017-03-02
35, 11, 2019-01-14, 2019-01-19
120, 17, 2022-07-26, 2023-07-11
110, 4, 2021-09-22, 2022-11-18
65, 17, 2016-12-03, NULL
109, 15, 2020-02-06, 2020-07-27
136, 22, 2022-01-17, 2022-01-23
88, 3, 2017-02-02, 2017-12-07
116, 28, 2019-11-30, 2020-05-23
70, 9, 2022-10-11, 2023-01-13
129, 1, 2015-07-04, 2016-07-26
137, 14, 2016-11-24, 2017-08-23
96, 8, 2021-11-11, NULL
169, 16, 2022-06-07, 2023-07-16
31, 27, 2015-12-18, NULL
200, 28, 2020-06-18, 2020-12-16
157, 6, 2021-03-10, 2022-06-24
62, 9, 2017-07-23, 2018-12-01
79, 16, 2022-05-29, 2022-11-20
41, 13, 2020-02-26, NULL
48, 6, 2021-08-07, 2022-07-20
191, 2, 2019-02-08, 2019-03-15
109, 21, 2018-05-27, 2018-10-21
36, 29, 2021-11-08, 2022-05-02
94, 20, 2020-07-21, 2021-04-04
110, 11, 2019-01-18, 2020-04-16
58, 11, 2023-05-26, 2024-08-05
152, 17, 2017-08-27, 2018-12-13
194, 24, 2016-08-02, 2016-12-20
105, 9, 2022-01-04, 2022-10-28
128, 2, 2021-11-06, 2021-12-31
78, 16, 2023-05-22, 2023-09-19
18, 19, 2022-10-09, 2023-01-01
177, 3, 2019-08-02, 2020-07-07
163, 22, 2017-03-05, 2017-11-01
53, 30, 2016-09-09, 2017-02-13
138, 19, 2020-10-13, 2021-05-14
43, 4, 2020-08-20, 2021-03-07
138, 24, 2022-01-14, 2022-01-21
80, 1, 2016-06-05, 2017-03-01
137, 20, 2015-03-24, 2016-02-22
17, 2, 2018-07-29, 2018-10-02
10, 21, 2015-12-18, 2017-02-28
121, 20, 2017-05-28, 2018-04-16
136, 6, 2015-07-13, 2015-12-20
139, 29, 2017-03-04, 2018-04-11
114, 9, 2020-01-05, 2020-11-08
119, 8, 2021-11-10, 2023-03-06
23, 9, 2019-02-16, 2019-12-20
20, 5, 2016-01-07, 2016-06-02
62, 9, 2021-03-11, 2021-10-26
196, 16, 2022-10-08, 2023-02-17
69, 29, 2018-10-19, 2019-10-23
188, 9, 2020-09-10, NULL
127, 6, 2016-03-23, 2016-05-17
83, 28, 2022-09-27, NULL
69, 20, 2017-01-19, 2017-05-23
5, 7, 2015-09-19, 2016-07-01
85, 7, 2016-01-19, 2016-05-26
169, 21, 2019-02-23, 2020-05-21
119, 19, 2020-03-12, 2020-12-15
48, 29, 2021-02-03, 2021-02-10
88, 30, 2017-05-12, 2018-09-11
109, 16, 2021-07-13, 2022-03-04
7, 3, 2015-08-09, 2016-10-08
183, 19, 2020-08-25, 2021-12-04
83, 18, 2019-11-01, 2020-02-12
26, 28, 2017-08-08, 2018-05-24
138, 27, 2017-04-28, 2017-06-13
63, 17, 2016-01-30, 2016-12-13
75, 8, 2021-02-20, 2021-12-20
62, 24, 2019-06-26, 2019-07-26
71, 2, 2017-06-23, NULL
5, 19, 2017-03-25, 2017-12-01
133, 28, 2023-05-25, 2024-04-25
172, 28, 2018-03-27, 2019-03-07
142, 5, 2021-03-24, 2021-04-19
144, 6, 2015-06-28, 2016-09-05
67, 20, 2017-12-28, 2019-01-19
30, 2, 2021-07-18, 2022-09-23
127, 17, 2017-05-18, 2017-07-11
199, 10, 2017-05-19, 2017-10-21
131, 16, 2017-05-15, 2017-08-31
12, 18, 2022-11-19, 2023-06-27
154, 26, 2021-08-23, 2022-07-29
159, 13, 2016-01-21, 2016-03-30
94, 7, 2021-01-22, 2021-08-22
131, 24, 2017-10-22, 2018-11-08
162, 1, 2022-11-13, 2022-12-10
99, 20, 2017-01-12, 2017-12-24
181, 3, 2016-09-13, 2017-02-04
1, 16, 2018-07-29, 2019-11-25
49, 21, 2022-11-24, 2023-01-17
10, 25, 2018-11-07, 2020-01-11
77, 28, 2022-04-26, 2022-11-20
128, 19, 2019-11-26, 2020-05-06
11, 8, 2016-12-18, 2017-07-26
161, 26, 2017-04-13, 2018-06-19
156, 7, 2021-03-13, 2022-03-06
190, 17, 2017-01-08, 2018-05-07
115, 27, 2023-01-04, 2024-04-18
166, 22, 2022-04-21, 2023-03-23
82, 26, 2022-09-17, 2023-02-21
63, 28, 2017-03-01, 2018-03-06
15, 5, 2023-04-13, 2024-08-13
1, 8, 2021-04-10, 2022-01-12
20, 17, 2018-09-23, 2019-08-20
194, 29, 2016-12-13, 2017-09-07
163, 28, 2015-04-01, 2015-07-28
47, 25, 2017-10-31, 2018-03-06
10, 30, 2018-12-21, 2019-10-15
110, 23, 2015-12-31, 2016-02-13
11, 27, 2016-07-21, 2016-12-30
188, 20, 2018-12-30, 2019-03-10
45, 12, 2022-11-20, 2024-03-12
112, 22, 2019-08-18, 2019-10-31
118, 26, 2020-01-25, 2021-05-13
32, 16, 2021-12-27, 2022-07-20
75, 18, 2022-09-03, 2023-12-01
185, 16, 2022-10-28, 2023-02-17
179, 23, 2022-08-23, 2023-09-15
28, 5, 2016-09-17, 2017-11-23
45, 13, 2016-11-13, NULL
38, 29, 2018-07-17, 2019-08-11
152, 20, 2019-08-13, 2020-08-08
11, 2, 2016-11-16, 2017-10-07
169, 1, 2021-02-12, 2021-03-08
19, 21, 2018-10-27, 2018-10-30
129, 15, 2015-03-23, 2015-12-08
15, 13, 2016-10-29, 2017-07-07
110, 3, 2016-10-26, 2017-11-29
155, 15, 2018-03-11, 2018-03-29
155, 25, 2020-03-13, 2020-09-26
91, 22, 2019-09-24, 2020-10-02
189, 19, 2017-10-16, 2018-12-09
14, 17, 2022-01-17, NULL
84, 14, 2015-12-05, 2016-07-16
18, 7, 2016-11-01, 2018-02-05
134, 18, 2016-02-20, 2016-07-27
33, 22, 2018-07-22, 2018-09-15
123, 26, 2020-02-24, 2021-01-01
30, 28, 2015-01-29, 2015-10-13
44, 5, 2020-12-07, 2021-04-28
185, 18, 2021-07-03, 2021-10-06
30, 12, 2020-12-17, 2022-03-22
75, 7, 2021-02-25, 2022-05-09
24, 30, 2021-09-21, 2022-11-26
100, 18, 2017-03-23, 2017-10-18
100, 1, 2020-03-29, 2020-04-05
170, 5, 2021-05-24, 2021-11-19
28, 1, 2017-01-23, 2018-03-19
196, 25, 2016-05-12, 2017-09-06
123, 6, 2019-09-22, 2020-02-11
21, 13, 2021-05-20, 2021-11-14
186, 16, 2019-10-22, 2020-09-05
59, 13, 2019-01-18, 2019-12-05
34, 4, 2022-12-14, 2022-12-18
174, 22, 2018-11-13, 2019-11-13
139, 21, 2019-11-30, NULL
193, 13, 2018-11-20, NULL
131, 23, 2022-04-26, 2022-05-25
198, 25, 2020-11-24, 2021-10-02
50, 22, 2021-03-17, 2022-07-13
172, 28, 2021-12-28, 2022-11-06
158, 14, 2020-12-24, 2021-09-01
61, 2, 2021-05-18, 2022-02-21
99, 30, 2017-05-09, 2017-07-25
33, 15, 2017-04-12, 2018-06-18
59, 13, 2022-05-19, 2023-01-21
174, 24, 2022-02-22, NULL
50, 5, 2015-08-26, 2016-05-04
101, 19, 2022-01-22, 2022-06-14
56, 5, 2017-06-08, 2017-10-25
31, 3, 2020-11-26, 2021-07-29
52, 29, 2021-03-26, 2021-11-12
57, 12, 2023-02-28, 2023-09-09
116, 18, 2020-01-24, 2021-04-19
117, 12, 2019-03-21, 2019-11-26
4, 24, 2017-05-20, 2017-11-10
33, 3, 2021-11-08, 2023-02-05
61, 1, 2015-10-16, 2016-12-19
148, 14, 2019-09-16, 2020-12-21
13, 1, 2017-12-07, 2019-03-05
16, 12, 2015-05-27, 2016-02-13
37, 28, 2022-09-23, 2022-10-19
109, 24, 2016-11-18, 2017-04-16
75, 14, 2018-03-18, 2019-07-24
65, 3, 2016-05-13, 2016-11-17
61, 7, 2018-11-14, 2019-01-24
14, 14, 2022-03-06, 2023-02-05
73, 6, 2016-02-26, 2017-03-28
39, 7, 2019-12-22, 2020-04-05
59, 8, 2021-11-07, 2022-04-04
159, 13, 2017-03-16, 2017-03-24
83, 19, 2018-09-08, 2019-03-11
181, 7, 2017-10-23, 2018-10-02
78, 2, 2019-03-08, NULL
79, 3, 2016-07-08, 2016-08-14
37, 9, 2015-07-28, 2016-11-29
42, 9, 2020-08-11, 2021-07-29
130, 22, 2017-02-16, 2017-06-10
27, 18, 2018-09-06, 2018-09-19
131, 15, 2015-01-08, 2015-07-10
21, 6, 2016-02-22, 2016-10-28
71, 12, 2016-04-30, 2017-02-05
135, 22, 2016-12-06, 2018-04-16
174, 22, 2021-03-23, 2022-02-19
12, 12, 2017-12-15, 2018-04-04
71, 22, 2016-06-03, 2016-11-02
178, 27, 2016-07-12, 2017-06-20
143, 10, 2023-01-24, 2024-03-08
32, 21, 2017-02-19, 2017-05-18
95, 29, 2023-01-11, 2024-04-05
1, 4, 2016-10-24, 2017-06-15
37, 22, 2019-05-03, 2020-02-12
140, 13, 2018-03-31, 2019-06-27
150, 22, 2021-01-27, 2021-12-30
109, 11, 2018-04-18, 2018-07-08
35, 2, 2019-01-23, 2020-06-02
134, 4, 2020-08-22, 2021-11-26
75, 13, 2021-07-05, 2022-04-22
182, 26, 2016-12-09, 2017-03-23
150, 17, 2017-05-07, 2017-06-25
148, 15, 2020-12-14, 2021-09-30
157, 16, 2017-07-21, 2018-10-14
120, 4, 2019-10-03, 2020-08-23
186, 30, 2021-04-06, 2021-06-20
33, 6, 2016-11-26, 2017-11-11
23, 19, 2017-04-04, 2018-05-10
170, 29, 2017-10-29, 2018-06-26
179, 21, 2015-11-18, 2016-06-24
83, 28, 2022-09-24, 2024-01-14
139, 16, 2021-04-22, 2022-05-05
23, 26, 2020-06-17, 2020-08-16
59, 28, 2021-09-09, 2021-10-27
17, 1, 2017-01-30, 2017-07-19
78, 23, 2016-03-08, NULL
118, 30, 2017-01-05, 2018-01-29
62, 2, 2021-10-28, 2022-06-20
10, 30, 2022-05-10, 2023-08-29
52, 16, 2017-03-16, 2017-12-20
125, 27, 2015-01-18, 2015-07-12
188, 14, 2020-02-23, 2020-06-27
131, 21, 2016-11-28, 2018-02-21
156, 24, 2019-11-04, 2019-12-28
183, 28, 2016-01-30, 2016-10-21
193, 12, 2018-08-04, 2019-02-25
43, 13, 2020-10-03, 2021-02-28
21, 12, 2016-07-08, 2017-07-14
30, 18, 2019-09-16, 2020-12-07
63, 1, 2020-10-21, NULL
45, 8, 2018-09-28, 2019-02-08
182, 6, 2015-04-13, 2015-11-30
40, 11, 2022-02-10, 2022-05-01
50, 6, 2022-05-26, NULL
165, 22, 2018-08-05, 2019-05-19
95, 10, 2020-01-27, 2021-01-24
143, 16, 2015-05-01, 2016-06-02
37, 28, 2016-08-21, 2017-10-06
172, 28, 2022-05-30, 2022-06-04
142, 22, 2018-03-01, 2018-06-24
43, 7, 2021-03-17, 2021-06-09
48, 26, 2017-02-14, 2017-03-11
158, 13, 2016-06-11, 2017-09-16
132, 29, 2019-09-20, 2020-07-13
101, 30, 2022-04-01, 2022-08-16
125, 3, 2015-04-08, 2016-03-17
188, 26, 2017-03-26, 2018-01-14
130, 1, 2020-12-11, NULL
90, 14, 2015-01-30, 2016-04-12
177, 12, 2023-05-23, 2023-07-29
85, 12, 2016-06-22, 2017-05-15
123, 26, 2022-09-01, 2024-01-14
173, 1, 2023-03-07, 2024-01-08
61, 20, 2020-03-09, 2020-12-10
84, 10, 2015-06-26, 2015-12-14
189, 14, 2015-09-15, NULL
15, 12, 2021-03-30, NULL
101, 12, 2022-06-07, 2022-08-21
54, 28, 2020-08-10, 2021-09-23
177, 27, 2022-06-16, 2023-06-12
192, 30, 2018-09-19, 2019-02-25
108, 2, 2017-03-27, 2018-04-06
199, 23, 2016-03-16, 2016-12-08
137, 3, 2023-04-08, 2023-05-22
106, 4, 2021-04-12, 2022-04-20
106, 13, 2019-11-01, 2019-11-08
35, 27, 2016-09-19, 2017-03-18
148, 9, 2019-12-29, 2020-02-01
186, 20, 2015-08-15, 2016-11-25
62, 4, 2022-10-16, 2023-04-25
168, 11, 2016-10-18, 2017-09-22
78, 16, 2022-02-19, 2023-01-13
1, 23, 2020-05-06, 2021-05-24
96, 23, 2015-08-27, 2015-08-31
161, 10, 2015-01-21, 2015-07-27
143, 21, 2018-07-12, 2019-05-10
45, 1, 2022-02-14, 2022-06-01
46, 23, 2017-04-06, 2017-07-03
5, 22, 2017-05-29, 2017-10-01
156, 27, 2018-10-12, 2019-04-21
124, 22, 2015-08-31, 2015-09-12
98, 20, 2020-10-24, NULL
17, 19, 2016-08-05, 2017-05-13
134, 19, 2015-07-11, 2016-01-12
164, 16, 2016-07-09, 2017-06-20
188, 5, 2015-01-25, 2016-03-02
125, 10, 2022-07-07, NULL
30, 11, 2016-03-21, 2017-03-28
185, 2, 2017-04-12, 2018-02-06
121, 5, 2023-04-07, 2023-11-10
22, 28, 2016-02-20, 2017-03-12
146, 4, 2020-07-17, 2021-07-02
145, 2, 2020-09-25, 2021-07-28
2, 18, 2022-04-11, NULL
33, 18, 2016-12-19, 2018-01-08
42, 3, 2015-02-15, 2015-08-28
191, 1, 2019-08-05, 2020-05-24
79, 11, 2019-08-24, 2020-04-12
186, 20, 2019-07-31, 2020-09-10
142, 9, 2017-07-29, 2018-03-17
50, 24, 2022-02-17, 2022-09-09
161, 27, 2017-12-09, 2019-04-13
141, 30, 2017-04-20, NULL
66, 26, 2020-05-11, 2020-06-29
30, 28, 2019-12-27, 2021-03-30
16, 14, 2022-03-16, 2022-05-07
5, 15, 2016-02-15, 2016-04-01
95, 13, 2021-01-10, 2021-11-26
91, 12, 2016-08-26, 2017-08-10
67, 1, 2018-03-28, 2018-08-13
154, 16, 2022-01-27, 2023-01-08
78, 28, 2016-08-26, 2017-10-01
169, 18, 2016-05-25, 2017-09-12
6, 21, 2018-03-31, 2018-07-25
94, 2, 2022-12-11, 2023-10-14
54, 23, 2016-08-20, 2017-08-10
122, 29, 2020-03-11, 2021-02-09
30, 2, 2015-05-02, 2015-06-22
133, 28, 2022-09-18, 2024-01-11
60, 4, 2019-10-27, 2019-11-11
53, 7, 2022-07-31, 2023-02-21
128, 25, 2015-07-21, 2016-07-05
122, 24, 2021-04-21, 2022-06-26
153, 17, 2020-03-29, 2021-01-27
44, 14, 2015-02-23, 2016-05-21
63, 26, 2021-06-15, 2022-03-19
18, 25, 2017-06-19, 2018-04-16
25, 25, 2022-03-02, 2023-06-15
161, 12, 2023-02-23, 2023-04-12
122, 6, 2020-12-25, 2022-04-21
72, 7, 2019-01-03, 2019-08-20
183, 9, 2017-02-27, 2017-03-28
191, 7, 2019-10-07, 2020-02-05
38, 1, 2019-07-15, 2020-07-05
129, 5, 2021-10-15, 2023-02-18
105, 1, 2016-12-18, 2017-12-30
11, 19, 2019-10-27, 2019-11-13
104, 18, 2022-12-17, 2023-02-15
102, 21, 2015-11-03, 2015-11-29
13, 30, 2022-09-14, 2022-12-04
16, 19, 2023-01-07, 2023-06-11
178, 7, 2019-08-31, 2020-09-20
32, 11, 2015-07-10, 2016-11-19
76, 15, 2020-12-13, 2021-11-26
70, 28, 2019-02-05, 2020-04-25
189, 17, 2017-08-05, 2017-11-05
58, 5, 2021-12-19, 2023-03-25
12, 17, 2022-01-26, 2022-11-25
141, 30, 2015-08-05, NULL
140, 22, 2018-04-21, 2018-05-17
132, 23, 2022-09-16, 2023-01-09
72, 5, 2016-10-01, 2017-03-08
196, 5, 2021-01-22, 2021-06-20
56, 19, 2021-08-07, 2022-09-09
156, 2, 2015-07-20, 2016-02-17
23, 2, 2021-08-11, 2021-11-16
2, 3, 2020-09-22, NULL
185, 18, 2016-08-27, 2017-12-14
118, 23, 2019-01-17, 2020-01-31
148, 27, 2020-12-01, 2021-07-28
93, 15, 2017-02-21, 2017-09-11
176, 2, 2021-10-21, 2022-10-08
107, 24, 2019-02-18, 2020-06-21
107, 19, 2017-07-07, 2018-03-21
67, 3, 2017-05-31, 2017-06-12
183, 5, 2017-05-21, 2018-01-19
62, 21, 2015-01-24, NULL
47, 23, 2015-06-09, NULL
198, 16, 2018-10-17, 2019-07-02
174, 24, 2019-01-19, NULL
60, 1, 2020-06-02, 2020-10-07
109, 11, 2015-12-23, 2017-02-11
115, 14, 2018-01-25, 2018-10-02
59, 15, 2018-09-28, NULL
23, 26, 2017-08-20, 2017-12-07
31, 5, 2019-07-13, 2020-04-20
147, 26, 2021-05-14, 2021-06-05
24, 11, 2017-06-06, 2017-10-09
112, 1, 2021-05-18, 2022-02-08
12, 4, 2018-11-24, 2019-07-09
179, 20, 2016-12-20, 2017-09-03
163, 23, 2018-08-28, 2018-11-22
44, 8, 2015-01-08, 2015-12-06
157, 14, 2020-10-21, 2021-07-10
165, 5, 2018-12-08, 2020-03-27
29, 12, 2017-04-09, 2018-01-14
41, 5, 2017-09-21, 2018-10-20
63, 24, 2017-07-16, 2018-05-23
40, 19, 2015-01-19, 2016-02-05
71, 30, 2021-05-02, 2022-04-18
71, 22, 2018-02-27, 2019-05-23
153, 23, 2022-11-25, 2023-06-23
197, 1, 2015-12-28, 2016-08-24
153, 9, 2016-02-11, 2016-11-19
67, 29, 2017-11-25, 2018-01-02
19, 22, 2022-10-28, 2023-11-12
164, 29, 2017-09-09, 2018-09-27
50, 1, 2023-01-03, 2023-05-28
136, 25, 2019-04-16, 2020-02-29
143, 16, 2015-08-23, NULL
163, 23, 2022-05-18, 2022-07-18
26, 29, 2022-07-06, 2023-05-09
190, 4, 2018-02-08, NULL
93, 19, 2016-02-29, 2017-07-02
144, 21, 2015-10-30, 2016-08-13
163, 2, 2015-07-02, 2016-10-08
40, 3, 2020-07-12, 2021-02-22
165, 4, 2015-02-17, 2016-02-13
130, 25, 2020-06-16, 2020-10-13
96, 21, 2018-04-13, 2019-06-28
65, 23, 2018-02-01, 2018-03-05
196, 16, 2018-03-21, 2018-08-06
87, 8, 2021-09-30, 2022-01-11
128, 15, 2018-03-16, 2019-02-21
132, 7, 2017-05-09, 2018-02-04
71, 4, 2021-04-09, 2021-12-14
165, 30, 2015-03-24, 2016-08-04
148, 21, 2016-09-15, 2017-01-22
62, 19, 2016-12-17, 2018-02-12
178, 19, 2020-01-11, 2020-10-05
2, 7, 2017-07-12, 2018-06-10
104, 9, 2016-09-09, NULL
67, 11, 2016-09-15, 2016-11-19
24, 8, 2019-10-06, 2020-12-08
22, 24, 2019-07-25, 2020-03-10
168, 20, 2017-03-31, 2017-08-06
82, 2, 2015-12-30, 2017-04-06
47, 6, 2018-04-06, 2018-08-21
32, 18, 2017-11-18, 2018-08-19
188, 27, 2015-02-15, 2016-03-08
193, 16, 2022-12-22, 2024-02-14
110, 25, 2016-03-09, 2017-04-28
141, 29, 2019-06-30, 2020-02-13
55, 13, 2023-01-14, 2024-02-07
71, 28, 2016-06-06, 2016-12-08
197, 22, 2017-03-28, 2018-02-28
107, 29, 2018-03-08, 2018-05-15
105, 17, 2021-10-07, 2022-11-20
180, 8, 2018-11-09, 2020-03-15
174, 24, 2021-08-20, 2022-04-08
75, 6, 2016-08-06, 2016-12-19
107, 7, 2016-03-17, 2016-06-13
19, 21, 2023-01-12, 2023-06-27
177, 3, 2019-08-01, 2020-04-08
79, 10, 2021-09-15, 2022-07-25
191, 28, 2022-11-02, 2023-02-10
123, 21, 2022-12-26, 2023-04-28
153, 21, 2022-08-25, NULL
97, 4, 2015-10-02, 2016-07-31
52, 19, 2021-01-16, 2021-12-17
35, 25, 2018-11-22, 2019-10-08
198, 1, 2019-11-26, 2020-06-07
17, 1, 2017-02-05, 2017-09-25
95, 21, 2015-10-16, 2016-12-06
6, 7, 2016-02-05, 2016-03-20
39, 22, 2018-09-08, 2018-11-19
87, 23, 2020-10-23, 2021-12-02
103, 11, 2017-12-25, NULL
47, 30, 2019-04-08, 2020-03-19
115, 28, 2017-10-09, 2018-06-02
3, 17, 2021-12-25, 2023-01-26
62, 10, 2020-04-16, 2020-11-13
161, 22, 2022-01-24, 2022-05-18
44, 3, 2022-09-13, 2023-12-31
72, 21, 2023-04-04, 2023-05-04
9, 7, 2015-01-30, 2016-05-21
126, 24, 2022-08-02, 2022-11-07
182, 13, 2021-01-05, 2022-02-28
119, 22, 2020-05-30, 2020-09-03
186, 4, 2021-02-12, 2022-05-12
81, 8, 2015-03-04, 2015-10-23
148, 12, 2017-11-08, NULL
118, 13, 2020-05-19, 2021-08-24
16, 14, 2016-04-21, 2016-10-16
58, 29, 2016-12-18, 2017-01-22
88, 13, 2019-07-13, 2020-09-16
10, 9, 2020-04-20, NULL
135, 11, 2016-07-08, NULL
184, 28, 2017-11-15, 2017-12-21
93, 24, 2017-05-02, 2017-09-21
53, 20, 2021-01-15, 2021-06-14
102, 7, 2022-11-02, 2023-01-17
76, 29, 2019-12-25, 2021-01-19
9, 23, 2015-04-08, 2016-01-22
90, 14, 2015-07-05, 2016-01-11
192, 17, 2023-01-15, 2024-02-06
69, 17, 2016-01-25, 2016-07-05
96, 23, 2022-10-09, 2023-05-27
6, 12, 2020-08-26, 2021-03-07
162, 22, 2023-03-30, 2023-08-05
38, 11, 2018-09-10, 2019-11-19
119, 27, 2017-07-02, 2018-03-25
94, 27, 2015-07-15, 2015-08-25
132, 17, 2020-09-11, 2021-05-25
106, 28, 2020-08-05, 2020-09-04
199, 21, 2015-11-29, 2017-01-06
138, 11, 2022-01-13, 2022-05-15
182, 28, 2022-03-23, 2022-08-30
81, 14, 2015-12-21, NULL
163, 17, 2021-08-24, 2022-03-13
89, 10, 2020-10-23, 2021-12-18
199, 14, 2018-04-15, 2018-07-29
32, 12, 2020-09-30, 2020-11-06
145, 30, 2019-03-14, 2020-05-06
148, 4, 2018-11-28, 2019-12-25
195, 23, 2017-12-01, 2019-01-10
67, 1, 2018-02-19, 2019-05-02
166, 24, 2020-03-31, 2021-02-02
87, 2, 2018-03-21, 2019-04-01
31, 24, 2017-11-28, 2018-01-10
143, 29, 2021-09-04, 2021-10-05
189, 21, 2020-11-17, NULL
14, 29, 2015-02-10, 2015-06-23
101, 14, 2016-04-05, 2017-04-10
146, 4, 2016-11-07, 2017-10-21
53, 4, 2016-06-15, 2017-06-29
23, 23, 2021-11-02, 2022-02-21
200, 24, 2020-07-29, 2020-12-13
39, 12, 2018-05-17, 2019-02-16
13, 1, 2018-07-10, 2019-01-09
131, 24, 2016-06-18, 2016-12-22
157, 1, 2019-10-16, 2020-12-17
23, 20, 2022-08-20, 2023-03-20
153, 4, 2022-06-16, 2022-07-08
182, 10, 2021-10-31, 2022-03-30
63, 26, 2022-11-01, 2023-04-12
159, 10, 2022-09-04, 2023-12-02
58, 21, 2016-10-10, 2017-01-25
193, 17, 2020-02-18, 2021-04-07
196, 1, 2021-05-19, 2021-07-14
16, 7, 2015-12-14, 2016-12-15
87, 9, 2021-05-28, 2021-06-02
158, 27, 2020-05-07, 2021-03-17
89, 30, 2020-08-26, 2021-12-22
71, 21, 2020-11-08, 2020-12-15
142, 3, 2021-03-05, 2021-06-20
58, 20, 2020-10-19, 2021-02-03
100, 11, 2019-09-21, 2020-07-04
83, 5, 2019-12-17, 2020-02-21
99, 6, 2021-03-07, 2021-10-25
97, 4, 2021-11-05, 2022-10-27
23, 24, 2016-08-28, 2017-01-06
119, 16, 2015-07-16, 2016-03-09
98, 27, 2022-12-05, 2023-02-04
103, 16, 2015-09-28, 2016-03-10
53, 9, 2018-04-09, 2019-03-22
59, 17, 2018-12-06, 2020-02-04
6, 20, 2016-07-03, 2016-12-06
189, 13, 2015-12-22, 2017-01-17
189, 19, 2019-10-27, 2021-02-18
46, 5, 2023-03-01, 2023-12-06
117, 15, 2016-01-30, 2016-06-29
12, 27, 2018-07-14, 2019-09-23
144, 8, 2015-01-26, 2015-02-03
198, 14, 2019-11-27, 2020-03-21
6, 16, 2016-06-13, 2017-01-27
27, 4, 2022-12-31, NULL
47, 28, 2022-10-29, 2023-11-07
81, 1, 2017-08-14, 2017-10-06
98, 17, 2021-07-20, 2022-01-06
163, 16, 2017-08-14, 2017-10-31
10, 19, 2016-01-16, 2016-04-26
132, 6, 2023-02-07, 2024-02-13
11, 25, 2022-09-06, 2022-10-10
107, 12, 2021-04-27, 2022-08-13
56, 6, 2018-01-09, 2018-12-20
105, 5, 2020-04-22, 2021-02-23
135, 24, 2015-07-21, 2015-12-29
74, 30, 2020-11-23, 2021-02-06
192, 8, 2022-05-09, 2022-11-08
187, 2, 2016-02-24, 2017-04-11
43, 22, 2018-10-11, 2019-01-25
34, 9, 2015-05-13, 2016-07-12
191, 22, 2022-11-05, NULL
116, 6, 2021-05-17, 2022-01-25
120, 6, 2016-03-18, 2017-02-02
31, 11, 2021-08-21, 2022-05-25
8, 30, 2016-06-17, NULL
82, 23, 2016-10-11, 2017-12-09
56, 1, 2017-09-26, 2018-06-04
148, 6, 2021-04-02, NULL
143, 27, 2017-10-08, 2018-07-25
44, 8, 2016-01-12, 2016-02-27
96, 24, 2018-04-10, 2019-07-27
171, 16, 2018-09-22, NULL
25, 30, 2017-12-02, 2018-01-12
95, 13, 2021-06-18, 2021-12-11
108, 25, 2017-09-04, 2018-10-08
120, 10, 2016-03-18, 2016-12-12
92, 28, 2021-10-26, 2022-07-29
192, 14, 2022-02-25, 2022-09-13
76, 2, 2017-04-11, 2017-06-11
134, 10, 2020-11-18, 2020-12-17
158, 18, 2023-02-28, 2023-11-02
86, 2, 2023-03-18, 2023-03-22
191, 12, 2016-12-23, 2017-12-05
67, 4, 2015-11-09, 2017-01-17
141, 28, 2022-01-28, 2023-05-12
110, 24, 2023-04-25, 2024-03-25
95, 25, 2019-06-07, 2020-04-29
72, 21, 2021-02-15, 2022-05-17
153, 27, 2018-10-13, 2019-03-18
171, 22, 2015-08-05, 2016-12-04
171, 16, 2022-01-25, 2022-03-27
104, 23, 2017-11-26, 2018-11-01
89, 27, 2023-02-07, 2023-10-03
65, 7, 2016-10-11, 2017-02-19
162, 7, 2023-03-05, 2023-12-19
175, 11, 2020-10-22, 2022-01-07
65, 9, 2015-07-19, 2016-07-17
85, 29, 2018-07-03, 2019-06-16
155, 26, 2020-10-07, 2021-09-02
179, 11, 2017-06-15, 2017-06-18
140, 19, 2020-03-22, 2020-05-03
78, 3, 2022-07-10, 2022-11-05
119, 7, 2018-06-07, 2019-02-15
166, 19, 2019-07-27, 2019-09-22
53, 5, 2020-10-29, 2021-11-26
54, 3, 2016-07-20, 2017-05-17
168, 3, 2021-07-28, 2021-08-01
57, 30, 2023-03-03, 2024-03-11
175, 10, 2022-07-07, 2022-08-03
111, 3, 2019-11-08, 2021-03-05
41, 27, 2021-10-03, 2022-01-02
113, 24, 2018-06-28, 2019-08-22
66, 15, 2016-12-04, 2017-11-17
186, 3, 2018-02-20, 2019-02-28
147, 26, 2016-11-04, 2018-03-10
106, 18, 2017-10-19, 2018-09-23
61, 6, 2018-12-01, 2019-09-01
6, 25, 2016-09-13, 2017-05-19
38, 17, 2020-11-08, 2021-07-03
163, 20, 2015-02-01, 2015-02-26
131, 8, 2023-04-29, 2023-11-26
40, 27, 2017-04-21, 2018-06-20
50, 28, 2021-12-01, 2023-03-17
119, 11, 2016-12-06, 2017-02-08
140, 6, 2018-04-07, 2019-01-14
39, 8, 2022-01-17, 2023-04-27
87, 21, 2016-12-06, NULL
106, 20, 2016-10-13, 2017-05-17
37, 18, 2015-03-21, 2015-09-20
67, 11, 2019-05-22, 2020-05-14
162, 5, 2015-12-17, 2016-11-30
197, 19, 2019-05-25, 2019-06-29
181, 6, 2020-07-22, NULL
95, 4, 2017-10-26, 2018-01-26
197, 16, 2021-03-19, 2021-12-13
110, 30, 2021-04-09, 2022-07-03
114, 13, 2019-04-26, 2019-06-05
21, 20, 2019-11-07, 2020-07-30
174, 9, 2019-04-01, 2019-12-27
144, 22, 2019-03-16, NULL
4, 21, 2020-05-13, 2021-01-20
57, 19, 2019-08-09, 2020-08-15
71, 13, 2019-03-26, 2019-06-09
168, 22, 2022-10-16, 2022-12-12
19, 22, 2019-05-21, 2020-05-27
103, 18, 2022-06-14, 2023-03-25
140, 1, 2016-12-18, 2017-10-13
78, 20, 2018-07-14, 2019-03-19
117, 1, 2020-01-17, NULL
123, 19, 2018-04-10, 2018-06-06
13, 1, 2021-01-12, 2022-01-30
128, 6, 2021-12-19, 2022-10-20
50, 25, 2018-04-22, 2018-10-14
154, 21, 2020-09-19, 2021-09-21
91, 5, 2018-11-06, 2020-02-19
55, 24, 2015-05-08, 2016-03-30
56, 16, 2017-07-11, 2017-09-22
146, 27, 2016-03-29, 2017-03-01
138, 6, 2017-10-21, 2018-12-28
26, 1, 2021-12-25, 2023-01-27
89, 9, 2020-05-29, 2021-05-30
193, 23, 2021-05-24, 2022-06-12
15, 30, 2015-01-19, 2016-01-22
79, 15, 2016-10-17, 2017-12-13
71, 21, 2022-11-21, 2024-01-29
89, 11, 2017-11-02, 2019-01-21
17, 25, 2021-10-22, 2021-12-09
17, 15, 2017-07-03, 2018-10-20
14, 11, 2018-01-06, 2018-01-29
58, 17, 2015-07-04, 2016-04-18
91, 30, 2023-05-27, 2024-07-29
85, 6, 2016-06-20, 2016-12-28
16, 13, 2022-07-06, 2023-05-12
97, 13, 2015-06-14, 2016-05-31
43, 22, 2020-12-13, 2022-03-17
29, 10, 2021-09-30, 2021-11-06
76, 13, 2017-10-17, 2018-07-11
60, 11, 2022-05-26, 2022-08-19
99, 18, 2020-01-25, NULL
134, 9, 2021-03-16, 2021-05-05
149, 2, 2022-09-14, 2023-07-04
99, 30, 2017-05-08, 2017-11-30
165, 1, 2017-08-19, 2017-10-12
69, 30, 2021-06-11, 2021-08-29
78, 22, 2021-02-01, 2021-05-05
186, 23, 2019-02-04, 2019-06-06
132, 19, 2017-10-22, 2018-11-21
94, 10, 2015-11-05, 2016-06-11
177, 21, 2021-03-21, 2021-09-03
106, 7, 2015-01-19, 2016-04-16
152, 5, 2020-03-15, 2021-07-17
126, 5, 2017-06-08, NULL
146, 16, 2022-09-06, 2022-10-11
72, 10, 2018-06-16, 2019-04-04
96, 11, 2016-11-04, 2018-02-09
71, 12, 2020-02-20, 2020-07-18
163, 11, 2015-04-30, 2015-11-13
30, 19, 2019-12-20, 2020-10-31
191, 24, 2022-11-30, 2023-01-17
31, 12, 2020-02-16, 2021-06-18
187, 13, 2019-10-22, 2021-02-08
84, 2, 2017-11-28, 2018-06-11
192, 16, 2021-01-29, 2022-03-14
65, 7, 2023-03-08, 2023-05-08
49, 17, 2023-03-29, NULL
121, 27, 2016-03-25, 2016-05-15
133, 5, 2016-09-26, 2017-08-26
188, 17, 2017-04-05, 2017-06-26
182, 11, 2020-09-25, 2021-06-30
173, 4, 2016-03-29, 2016-06-12
27, 19, 2017-08-19, 2017-08-31
130, 28, 2019-08-19, 2019-11-07
77, 28, 2021-08-21, NULL
172, 29, 2016-08-10, 2017-10-20
108, 9, 2021-03-31, 2021-04-08
84, 21, 2022-07-10, 2023-06-24
95, 19, 2021-08-30, 2021-10-17
61, 6, 2017-01-09, 2017-01-19
75, 22, 2020-08-21, NULL
40, 16, 2022-08-08, 2023-11-20
69, 15, 2018-09-11, 2019-09-30
14, 1, 2022-12-07, 2023-08-19
45, 2, 2019-08-31, 2019-11-07
172, 5, 2015-08-19, 2016-02-09
69, 30, 2017-11-28, 2018-07-26
78, 28, 2016-01-05, 2016-03-23
115, 12, 2016-06-04, 2016-10-21
187, 10, 2016-03-13, NULL
188, 12, 2015-03-09, 2016-06-18
163, 28, 2021-11-26, 2022-03-30
195, 16, 2022-02-06, 2022-05-20
158, 22, 2015-04-12, 2015-09-14
16, 4, 2022-07-04, NULL
4, 19, 2016-06-29, 2017-02-13
184, 10, 2016-09-20, 2017-03-21
79, 15, 2017-06-12, 2017-07-14
72, 29, 2022-09-16, 2023-10-28
28, 8, 2017-04-04, 2018-07-10
7, 17, 2016-02-18, 2016-12-19
162, 17, 2016-09-03, 2017-10-13
69, 30, 2015-08-23, 2016-07-15
73, 6, 2020-08-29, 2020-11-20
30, 23, 2021-12-21, 2021-12-30
57, 30, 2016-12-11, 2017-04-29
12, 19, 2021-10-22, 2022-04-14
159, 23, 2017-02-24, 2017-07-03
55, 4, 2017-05-29, 2018-09-07
80, 22, 2018-11-28, 2020-02-26
78, 23, 2019-12-20, 2020-03-25
158, 8, 2015-06-04, 2015-10-22
164, 18, 2016-03-11, 2016-03-30
99, 4, 2021-07-09, 2022-02-01
18, 6, 2015-11-09, NULL
87, 30, 2021-02-17, 2021-08-26
55, 3, 2019-06-18, 2020-05-28
103, 5, 2016-07-03, 2017-05-20
167, 9, 2022-05-27, 2022-11-29
68, 21, 2017-08-08, 2018-11-15
59, 15, 2019-08-14, 2020-12-01
60, 1, 2017-02-24, 2017-03-06
41, 2, 2018-09-08, 2019-07-17
7, 25, 2015-01-28, 2015-03-15
1, 7, 2018-04-01, 2019-03-11
66, 21, 2022-06-14, 2022-07-13
86, 13, 2020-08-30, 2021-01-13
22, 14, 2018-02-05, 2019-01-19
147, 29, 2015-07-05, 2015-08-19
48, 20, 2018-01-24, 2019-02-01
55, 20, 2020-07-16, 2021-03-13
144, 16, 2015-09-13, NULL
68, 16, 2017-08-21, 2018-08-05
141, 3, 2022-08-12, 2023-06-04
143, 26, 2020-09-01, 2021-03-19
59, 12, 2022-10-25, 2023-11-09
74, 7, 2019-06-16, 2019-06-27
188, 25, 2015-01-23, 2016-02-25
197, 1, 2020-01-20, 2020-09-22
72, 3, 2019-10-06, 2020-08-09
59, 12, 2021-10-17, 2022-12-04
160, 7, 2020-09-13, 2021-10-14
34, 18, 2017-11-03, 2018-12-06
38, 24, 2020-08-10, 2021-10-03
86, 28, 2020-09-06, 2021-03-22
166, 15, 2016-12-08, 2018-01-27
197, 20, 2018-09-03, 2019-04-20
50, 27, 2016-10-21, 2018-01-05
127, 24, 2023-01-26, 2023-03-27
68, 8, 2022-01-16, 2022-07-09
30, 12, 2016-10-01, 2017-10-21
56, 29, 2020-10-11, 2021-06-29
152, 17, 2021-03-30, 2021-07-09
189, 2, 2023-02-03, 2023-03-27
9, 12, 2018-01-04, 2018-11-03
65, 5, 2016-05-24, 2017-06-27
18, 10, 2022-02-19, 2022-08-03
69, 21, 2020-10-30, 2021-10-10
102, 18, 2019-06-26, 2020-11-02
32, 16, 2017-06-11, 2018-01-24
50, 2, 2016-04-30, 2017-06-07
146, 30, 2022-12-31, 2023-05-05
31, 19, 2019-03-17, 2019-12-14
33, 23, 2022-02-21, NULL
153, 6, 2016-06-27, 2016-06-29
99, 4, 2022-02-01, 2022-11-02
52, 5, 2022-04-16, 2023-04-05
180, 3, 2018-07-24, 2019-01-26
116, 4, 2015-10-21, 2016-04-19
131, 2, 2017-04-29, 2018-03-17
148, 4, 2018-02-20, 2018-12-05
182, 13, 2022-02-07, 2022-04-09
57, 23, 2020-04-28, 2021-03-20
149, 21, 2021-11-03, 2022-05-24
142, 20, 2021-09-27, 2023-01-11
169, 5, 2017-04-23, NULL
25, 22, 2019-12-03, 2020-01-03
30, 6, 2022-01-16, 2023-01-22
100, 30, 2019-09-07, 2021-01-19
149, 24, 2016-12-05, 2017-09-28
74, 28, 2018-11-10, 2019-07-09
15, 1, 2015-11-23, 2017-02-06
130, 4, 2017-01-27, 2017-09-01
94, 2, 2018-07-06, 2019-07-19
53, 21, 2023-05-17, 2023-12-06
146, 20, 2017-06-30, 2018-04-15
168, 21, 2015-04-17, 2015-08-07
188, 29, 2019-05-16, 2019-09-14
104, 6, 2018-03-14, 2018-09-16
6, 12, 2021-02-10, 2022-03-02
179, 22, 2021-10-11, 2022-09-07
139, 19, 2022-11-24, 2023-03-28
13, 10, 2020-11-14, 2021-10-16
180, 19, 2017-02-19, 2017-12-19
120, 17, 2016-07-25, 2017-10-23
135, 27, 2022-01-21, 2022-10-05
101, 17, 2020-10-16, 2021-05-17
45, 29, 2015-02-17, 2015-07-21
125, 22, 2022-11-19, 2023-01-29
146, 3, 2021-11-03, 2022-04-24
53, 21, 2017-04-23, NULL
108, 26, 2016-04-23, 2017-06-11
106, 20, 2021-09-18, 2022-10-13
16, 11, 2021-04-27, 2021-07-19
194, 25, 2022-01-01, 2022-02-27
134, 13, 2022-07-22, 2023-08-29
70, 26, 2022-06-06, 2022-07-01
158, 27, 2017-02-13, 2017-05-27
160, 30, 2019-09-15, 2020-01-11
72, 25, 2016-04-24, 2017-03-13
23, 16, 2018-08-07, 2019-08-22
162, 15, 2015-05-25, 2015-12-08
56, 22, 2018-07-05, 2019-09-21
123, 9, 2015-12-15, 2017-02-03
74, 13, 2019-11-25, 2020-08-28
30, 2, 2019-02-17, 2020-01-03
111, 25, 2019-08-23, 2019-09-25
124, 10, 2020-07-26, 2021-01-09
30, 2, 2021-05-30, NULL
182, 6, 2015-11-11, 2016-04-04
29, 25, 2017-02-20, 2018-06-13
54, 27, 2020-01-25, NULL
71, 15, 2016-10-31, 2017-06-30
181, 12, 2018-07-29, 2018-08-29
49, 10, 2021-01-31, 2021-08-12
17, 19, 2020-07-24, 2021-11-25
34, 7, 2022-07-05, 2023-07-26
12, 25, 2021-06-06, 2022-07-25
7, 9, 2023-04-26, NULL
155, 23, 2020-06-03, 2021-02-05
120, 2, 2020-05-22, 2021-08-31
115, 3, 2017-03-26, 2018-07-22
188, 8, 2019-02-12, 2019-02-20
49, 8, 2021-03-04, 2022-01-22
162, 23, 2022-06-18, 2023-03-12
152, 12, 2022-04-01, 2022-12-18
97, 1, 2021-02-12, 2022-05-18
67, 19, 2021-03-25, 2021-10-10
140, 29, 2015-08-26, 2016-08-06
16, 18, 2018-12-19, 2019-08-11
17, 13, 2019-03-26, 2020-06-02
127, 8, 2016-05-07, 2016-09-27
61, 19, 2019-08-18, 2020-02-29
5, 9, 2018-02-17, 2019-03-07
178, 6, 2023-03-28, 2023-05-09
46, 25, 2017-09-10, 2018-09-17
96, 22, 2021-02-05, 2021-08-28
199, 21, 2022-02-23, 2022-12-18
128, 12, 2017-05-22, 2017-12-21
46, 14, 2023-04-21, 2024-08-14
107, 9, 2019-03-12, 2020-03-25
93, 17, 2021-03-18, NULL
190, 20, 2015-04-10, 2015-11-28
200, 8, 2022-02-17, 2023-05-28
24, 8, 2020-03-30, 2021-04-02
95, 22, 2017-02-22, 2018-03-23
108, 17, 2019-04-25, 2020-06-11
114, 4, 2022-08-04, 2023-08-21
42, 15, 2016-01-18, 2017-01-13
35, 5, 2016-04-02, 2017-06-09
158, 24, 2015-08-10, 2016-10-05
191, 26, 2018-09-20, 2019-03-21
148, 9, 2020-09-08, 2020-12-06
137, 28, 2015-09-07, 2016-03-21
158, 12, 2015-09-22, 2016-12-30
42, 25, 2018-01-12, 2018-07-03
197, 21, 2020-01-28, 2020-12-22
17, 23, 2015-05-08, 2015-08-12
150, 7, 2016-03-13, NULL
143, 14, 2015-09-28, 2016-07-26
38, 24, 2018-09-05, NULL
96, 7, 2019-10-24, 2019-12-23
58, 14, 2022-02-24, NULL
131, 27, 2021-05-16, 2021-08-11
184, 2, 2017-10-21, 2018-07-12
136, 29, 2017-05-09, 2018-06-25
15, 6, 2022-04-11, NULL
76, 14, 2022-10-11, 2023-12-06
7, 11, 2020-10-25, 2021-11-24
106, 2, 2017-04-22, 2017-12-01
163, 11, 2018-11-26, 2019-06-15
111, 19, 2015-06-06, 2016-01-09
94, 26, 2019-09-18, 2020-05-28
7, 21, 2021-12-24, NULL
12, 6, 2018-09-07, 2018-10-30
154, 21, 2015-07-23, 2016-09-07
88, 20, 2023-02-17, 2023-04-08
10, 19, 2017-05-25, 2018-03-09
82, 12, 2019-09-28, 2020-10-10
35, 25, 2021-02-10, NULL
154, 24, 2022-01-26, 2022-09-24
182, 18, 2018-02-13, 2019-06-19
149, 12, 2019-06-20, 2019-09-10
189, 29, 2021-01-07, 2021-11-04
19, 4, 2019-12-21, 2020-02-08
84, 6, 2020-01-02, 2020-02-06
61, 11, 2020-06-11, 2020-06-29
25, 17, 2019-01-26, 2019-03-15
66, 4, 2018-05-21, 2018-11-01
22, 17, 2020-11-01, 2021-08-15
100, 7, 2022-01-24, 2023-03-06
69, 12, 2020-01-06, 2021-04-05
191, 9, 2018-08-14, 2019-07-16
104, 19, 2020-02-07, 2020-07-26
99, 20, 2021-06-05, 2021-06-19
47, 9, 2018-08-20, 2019-06-24
23, 11, 2020-05-26, 2021-07-01
191, 17, 2019-07-08, 2020-11-08
89, 4, 2016-08-27, 2016-12-22
177, 6, 2020-10-22, 2022-01-27
73, 27, 2021-01-12, 2021-04-06
36, 13, 2022-10-31, 2023-07-28
38, 1, 2018-03-18, 2018-03-31
56, 13, 2019-05-02, 2019-05-19
8, 13, 2015-10-23, 2015-11-23
186, 4, 2018-05-27, 2019-04-14
88, 30, 2022-12-28, 2023-09-29
175, 1, 2015-07-21, 2016-04-20
48, 9, 2017-01-06, 2017-11-04
123, 23, 2015-08-06, 2016-05-09
176, 5, 2016-09-30, 2017-10-20
100, 1, 2018-08-27, 2019-09-03
36, 17, 2023-04-05, 2023-11-28
3, 13, 2015-02-04, 2015-12-18
115, 7, 2017-08-20, 2017-11-15
153, 3, 2020-10-11, 2021-02-16
199, 30, 2021-12-13, 2022-05-06
190, 15, 2015-03-14, 2016-02-21
178, 18, 2020-03-08, 2021-07-21
21, 15, 2015-07-04, 2016-10-15
134, 7, 2017-10-23, 2019-01-19
34, 18, 2017-04-07, 2017-05-16
165, 23, 2016-12-22, 2017-01-15
29, 22, 2016-12-15, 2017-06-22
125, 17, 2017-04-12, 2018-05-01
26, 23, 2019-06-30, 2020-11-05
124, 21, 2021-03-11, 2021-12-24
181, 5, 2017-03-03, 2017-08-21
200, 23, 2019-03-10, NULL
23, 26, 2017-08-21, 2018-08-20
20, 25, 2015-11-16, 2016-07-07
92, 13, 2017-12-05, 2018-10-03
146, 5, 2020-11-24, 2022-02-02
42, 12, 2019-08-05, 2020-09-19
20, 29, 2019-12-09, 2020-04-21
136, 1, 2018-03-08, 2018-12-08
178, 3, 2018-11-09, 2019-06-29
129, 19, 2019-11-20, NULL
29, 17, 2020-09-17, 2021-10-10
104, 4, 2016-05-30, 2016-11-30
117, 3, 2015-02-23, 2015-03-24
76, 19, 2019-04-26, 2019-10-27
75, 4, 2020-12-02, 2020-12-10
151, 28, 2022-02-12, 2022-02-13
1, 4, 2020-08-15, 2020-12-10
69, 16, 2016-09-11, 2017-02-08
146, 7, 2022-03-24, 2022-10-21
104, 3, 2018-10-12, 2019-04-20
36, 11, 2022-12-30, NULL
102, 20, 2015-10-19, 2016-09-27
93, 19, 2020-09-05, 2022-01-18
145, 14, 2019-03-08, 2019-04-03
23, 11, 2018-12-01, 2020-02-26
139, 10, 2018-06-26, NULL
55, 16, 2018-06-08, 2018-07-26
163, 16, 2015-06-26, 2016-08-20
100, 14, 2017-05-12, 2017-07-27
84, 22, 2017-10-20, 2018-02-23
119, 12, 2015-08-13, 2016-08-22
152, 24, 2022-10-29, 2023-05-13
64, 7, 2019-07-23, 2019-09-25
123, 28, 2018-05-22, 2018-10-19
150, 28, 2015-10-08, 2017-02-08
79, 15, 2015-08-04, 2016-06-01
61, 18, 2019-06-30, 2020-06-09
23, 28, 2015-11-02, 2017-02-12
119, 28, 2019-10-18, 2021-02-16
111, 13, 2016-07-13, 2017-09-04
111, 11, 2018-12-13, 2020-04-17
104, 27, 2016-11-23, 2017-12-06
137, 9, 2022-02-01, 2022-09-07
158, 21, 2016-08-23, NULL
59, 13, 2021-11-18, 2022-06-17
63, 23, 2023-01-16, 2023-07-12
200, 22, 2021-09-06, 2022-04-19
157, 17, 2022-11-21, 2023-01-29
144, 1, 2017-12-27, 2017-12-30
88, 21, 2018-06-23, 2019-09-03
74, 28, 2022-09-21, 2023-03-01
7, 10, 2022-10-03, 2022-11-23
154, 21, 2016-03-12, 2016-08-16
173, 14, 2015-07-29, 2015-11-11
156, 3, 2015-12-08, 2017-03-29
9, 30, 2021-01-13, 2021-11-11
98, 11, 2018-01-22, NULL
170, 7, 2017-08-13, 2017-11-11
152, 8, 2019-09-18, 2020-10-03
61, 12, 2017-11-14, 2018-01-28
149, 11, 2015-06-24, 2015-12-12
147, 19, 2021-03-17, 2022-07-01
25, 5, 2020-04-23, 2021-08-26
80, 28, 2016-01-04, 2016-02-03
93, 7, 2021-01-05, 2022-03-14
146, 10, 2018-07-27, 2018-09-01
136, 17, 2021-08-02, 2021-08-06
194, 15, 2016-08-04, 2017-05-15
116, 20, 2021-07-17, 2021-08-09
103, 24, 2017-03-03, 2018-05-07
13, 20, 2018-05-18, 2019-03-23
65, 14, 2019-10-03, 2020-02-18
85, 8, 2016-10-28, 2017-05-14
137, 9, 2019-05-20, 2020-06-21
18, 28, 2022-09-05, 2023-12-22
17, 3, 2019-06-19, 2020-09-25
111, 18, 2019-11-18, 2021-01-01
154, 13, 2019-01-09, 2020-03-21
68, 11, 2016-01-20, 2017-04-20
33, 21, 2015-11-18, 2016-02-15
8, 15, 2015-07-23, 2016-09-02
10, 12, 2017-01-17, 2017-01-22
91, 12, 2018-10-06, 2019-10-04
82, 3, 2016-08-01, 2017-11-14
47, 23, 2022-10-01, 2023-11-03
52, 10, 2019-08-22, 2020-01-15
89, 29, 2015-05-15, 2016-04-24
148, 29, 2019-11-13, 2020-05-20
24, 2, 2023-05-24, NULL
66, 5, 2018-05-07, 2019-04-06
128, 30, 2016-01-10, 2017-04-28
23, 28, 2022-11-25, 2023-02-26
9, 1, 2019-11-10, NULL
15, 15, 2015-09-16, 2016-07-18
8, 26, 2019-04-19, 2019-08-23
27, 16, 2018-07-28, 2019-08-18
41, 19, 2023-05-08, 2024-04-29
42, 3, 2016-10-23, 2016-12-17
53, 2, 2017-08-04, 2018-07-23
152, 29, 2019-06-01, 2019-07-26
163, 21, 2016-09-15, 2017-02-11
194, 22, 2018-12-06, 2019-06-14
186, 14, 2017-05-23, NULL
74, 5, 2023-04-22, 2024-05-01
113, 18, 2021-04-18, 2021-06-12
101, 24, 2023-02-07, NULL
108, 21, 2017-09-02, 2017-10-28
23, 7, 2023-02-27, 2024-01-30
101, 4, 2015-09-10, 2015-10-04
73, 4, 2020-09-02, 2021-11-04
103, 10, 2020-04-28, 2021-06-07
114, 27, 2019-07-20, 2020-03-22
85, 14, 2020-06-05, 2020-10-16
53, 6, 2020-07-31, 2020-11-06
125, 5, 2021-02-21, 2021-08-17
37, 22, 2016-09-23, 2017-01-10
115, 1, 2023-04-03, 2023-09-22
198, 18, 2018-11-26, 2019-09-06
151, 11, 2021-10-04, 2023-01-20
94, 27, 2020-05-02, 2021-02-17
146, 18, 2021-07-29, 2021-09-10
150, 3, 2016-12-15, 2017-07-13
95, 21, 2018-10-01, 2019-03-10
124, 8, 2019-01-27, 2019-05-28
177, 21, 2022-08-27, 2022-10-14
73, 18, 2023-04-11, 2024-07-19
4, 15, 2019-12-19, 2020-04-07
139, 16, 2021-11-02, 2022-12-01
87, 24, 2021-08-24, 2022-02-08
114, 25, 2021-09-21, 2022-10-02
182, 10, 2019-10-11, NULL
7, 30, 2022-05-02, 2023-08-28
49, 11, 2016-03-10, 2017-04-10
96, 12, 2023-02-23, NULL
75, 9, 2021-04-07, 2022-05-11
79, 4, 2022-05-16, NULL
157, 22, 2018-04-29, NULL
152, 11, 2019-10-17, 2020-06-24
194, 7, 2020-03-01, 2020-04-28
132, 12, 2021-11-16, 2022-10-24
143, 19, 2016-10-13, 2016-11-07
84, 14, 2015-09-29, 2016-05-21
85, 10, 2017-03-21, 2018-07-06
192, 11, 2019-02-26, 2019-11-22
23, 21, 2018-11-26, 2019-01-25
41, 19, 2020-11-30, NULL
118, 15, 2017-05-11, 2017-12-11
29, 4, 2018-09-24, 2019-08-10
106, 8, 2021-04-01, 2021-10-10
153, 19, 2017-12-21, 2018-07-14
72, 27, 2016-10-02, 2016-12-28
1, 20, 2017-08-24, 2017-12-14
37, 30, 2020-09-17, 2021-12-29
93, 15, 2018-11-17, 2019-12-24
124, 1, 2016-04-27, 2017-06-10
118, 14, 2021-09-25, 2022-03-11
146, 15, 2021-04-22, 2022-02-15
129, 26, 2016-03-31, NULL
58, 12, 2016-08-30, 2017-03-25
25, 12, 2023-02-11, 2023-10-24
188, 27, 2020-10-20, 2021-12-04
108, 24, 2020-10-23, NULL
43, 6, 2016-10-01, 2017-01-09
153, 25, 2015-01-02, 2015-07-08
137, 25, 2022-06-23, 2022-08-14
156, 13, 2018-01-01, 2018-04-09
14, 16, 2022-06-19, 2022-11-13
93, 28, 2017-10-03, 2018-03-20
128, 2, 2022-04-10, 2022-08-08
101, 28, 2020-09-27, NULL
22, 26, 2016-01-01, 2017-01-06
4, 5, 2015-05-29, 2016-05-19
21, 21, 2016-06-18, NULL
47, 21, 2018-10-28, 2020-01-13
10, 23, 2015-09-28, 2016-10-22
169, 28, 2019-05-19, NULL
49, 14, 2018-12-15, 2020-02-12
108, 25, 2017-04-19, 2018-02-05
198, 18, 2020-04-17, 2021-02-27
171, 28, 2016-06-04, 2017-01-22
148, 19, 2018-05-25, 2018-10-09
79, 8, 2017-12-07, 2018-03-30
129, 26, 2021-11-28, NULL
199, 30, 2019-05-28, 2019-06-12
7, 11, 2017-02-21, 2018-04-06
143, 26, 2018-08-28, NULL
107, 3, 2016-03-02, NULL
29, 17, 2020-09-22, 2022-01-18
158, 30, 2016-12-22, 2017-08-04
20, 16, 2019-12-12, 2020-12-31
33, 30, 2018-11-08, 2018-12-07
123, 30, 2018-05-16, 2018-09-22
35, 14, 2020-09-27, 2022-02-06
128, 18, 2015-11-10, 2016-11-01
197, 25, 2017-09-11, 2018-02-01
160, 28, 2022-05-02, 2022-05-05
75, 20, 2021-08-11, 2022-09-04
98, 3, 2015-01-28, 2015-07-24
63, 11, 2018-11-05, 2019-05-06
167, 6, 2020-02-19, 2021-03-08
95, 11, 2022-12-25, NULL
156, 24, 2017-12-14, 2018-03-23
62, 10, 2022-05-07, 2022-07-12
156, 7, 2018-02-19, 2018-03-02
172, 24, 2016-11-09, 2017-12-23
13, 21, 2022-11-24, 2022-12-31
5, 9, 2015-09-22, 2016-12-10
81, 30, 2023-05-26, NULL
61, 7, 2019-09-23, 2019-11-24
18, 10, 2020-08-20, 2020-11-27
162, 22, 2021-03-21, 2022-07-19
16, 4, 2015-12-17, 2016-09-25
112, 9, 2018-01-04, NULL
80, 24, 2020-05-23, 2020-08-15
174, 8, 2016-09-30, 2017-12-09
140, 25, 2021-08-05, NULL
116, 1, 2016-10-19, 2017-04-13
61, 12, 2015-03-08, 2015-04-25
189, 13, 2021-05-07, 2021-05-28
37, 16, 2022-08-31, NULL
66, 12, 2017-05-31, 2017-11-12
82, 23, 2019-06-16, 2020-04-28
165, 3, 2019-01-13, 2019-02-06
100, 2, 2020-01-06, 2020-03-11
25, 23, 2016-05-16, 2016-07-18
112, 24, 2022-07-03, 2023-06-29
49, 17, 2019-04-29, 2020-04-22
40, 26, 2022-10-12, 2022-11-11
36, 4, 2018-11-15, 2019-07-10
171, 28, 2015-06-14, 2015-06-21
40, 15, 2015-03-12, 2016-01-05
5, 8, 2017-08-22, 2018-04-15
7, 11, 2016-01-22, 2017-04-27
84, 11, 2016-10-27, 2018-02-27
101, 17, 2022-11-26, 2024-02-09
113, 25, 2018-06-14, 2018-12-01
4, 1, 2019-09-14, 2019-10-01
83, 23, 2021-02-11, 2022-06-21
192, 29, 2015-11-12, 2016-05-19
65, 26, 2018-12-06, 2019-09-15
153, 19, 2016-09-02, 2017-06-07
190, 16, 2017-05-10, 2017-05-26
35, 2, 2018-05-03, 2018-05-31
20, 1, 2022-10-15, 2023-01-31
34, 3, 2022-12-07, 2024-02-17
27, 30, 2020-01-06, 2021-01-18
98, 25, 2020-06-12, NULL
110, 28, 2015-01-28, 2015-02-14
163, 23, 2021-10-03, 2022-05-07
7, 19, 2023-03-24, 2023-07-25
12, 4, 2016-10-15, 2016-11-03
129, 14, 2021-04-06, 2021-06-17
138, 5, 2016-02-10, 2016-10-06
23, 5, 2022-09-07, 2023-09-22
157, 21, 2018-08-30, 2019-06-04
157, 13, 2017-07-01, 2017-12-18
40, 19, 2018-12-06, 2019-05-21
156, 27, 2017-03-13, NULL
3, 8, 2018-03-23, 2018-04-26
82, 14, 2019-10-07, NULL
85, 17, 2019-04-09, 2019-08-20
131, 3, 2019-08-08, 2020-07-19
87, 10, 2015-08-28, 2015-11-29
98, 26, 2015-12-17, 2016-05-01
45, 1, 2019-11-03, 2020-12-26
7, 10, 2018-12-06, 2019-05-19
17, 23, 2021-01-01, 2021-09-10
169, 8, 2020-07-05, 2020-12-05
41, 3, 2019-07-12, 2020-06-25
25, 18, 2019-10-18, 2020-12-13
72, 6, 2019-08-29, 2020-01-18
96, 18, 2019-10-11, NULL
74, 2, 2016-11-23, 2017-03-10
24, 11, 2019-02-08, 2019-07-16
142, 2, 2022-10-04, 2023-01-25
14, 6, 2022-01-14, 2022-11-12
72, 3, 2020-12-14, 2021-12-02
59, 3, 2015-07-10, 2016-05-08
130, 7, 2016-09-09, 2017-08-24
155, 22, 2018-05-17, 2019-08-05
125, 5, 2015-02-05, 2016-05-11
102, 28, 2016-02-17, NULL
23, 10, 2021-07-11, 2022-05-23
167, 23, 2022-04-06, 2022-09-25
81, 1, 2015-07-03, 2015-12-03
91, 17, 2020-09-08, 2021-02-28
164, 3, 2023-02-25, 2023-07-04
144, 22, 2021-09-21, 2022-06-11
33, 1, 2021-05-21, 2022-02-20
139, 28, 2019-03-26, 2019-05-20
36, 18, 2020-06-09, 2020-09-23
64, 29, 2017-10-22, 2018-08-09
83, 28, 2016-06-24, 2017-11-01
135, 29, 2022-06-17, 2023-04-25
143, 28, 2020-01-16, NULL
98, 26, 2019-07-12, 2020-07-09
106, 2, 2021-06-10, 2022-08-27
76, 1, 2023-03-14, 2023-12-01
61, 20, 2015-02-23, 2015-10-02
37, 1, 2015-09-03, 2016-12-10
171, 17, 2023-02-26, 2023-09-25
140, 8, 2015-02-22, 2015-05-20
82, 24, 2021-09-17, 2022-04-01
80, 24, 2021-01-23, NULL
46, 28, 2021-05-05, 2021-12-14
141, 7, 2020-03-19, 2020-11-14
87, 8, 2018-07-22, NULL
83, 30, 2019-05-10, 2020-07-07
92, 13, 2022-11-12, 2024-02-21
176, 17, 2016-10-16, 2017-10-21
28, 11, 2020-04-18, 2020-07-24
7, 30, 2019-11-10, 2020-03-27
146, 10, 2018-11-14, 2018-12-06
127, 29, 2021-04-08, 2022-01-25
29, 7, 2016-03-20, 2016-05-16
159, 9, 2021-10-19, 2023-02-26
105, 7, 2016-08-15, 2017-10-27
185, 21, 2023-04-15, 2024-03-04
187, 28, 2017-09-30, 2018-02-28
57, 28, 2016-09-28, 2017-02-27
151, 22, 2019-02-21, 2020-01-03
95, 15, 2020-02-28, 2020-10-28
48, 6, 2015-04-08, 2015-09-27
169, 26, 2016-07-07, 2017-03-16
128, 4, 2018-04-25, 2019-02-06
170, 16, 2019-11-20, 2020-06-21
160, 6, 2018-09-29, 2018-12-15
84, 28, 2015-01-27, 2015-09-05
151, 18, 2022-09-08, 2023-11-28
52, 19, 2015-07-18, 2015-12-21
120, 26, 2020-12-17, 2022-04-03
36, 21, 2021-09-08, 2021-10-11
138, 10, 2015-10-13, 2016-11-08
31, 22, 2015-07-15, 2016-06-25
193, 28, 2017-11-29, 2019-01-01
169, 18, 2017-04-10, 2017-06-24
189, 26, 2021-10-04, 2022-08-02
79, 21, 2019-11-16, 2020-05-20
80, 16, 2021-03-10, 2021-11-01
47, 12, 2017-08-21, NULL
141, 29, 2020-10-04, 2021-06-01
54, 10, 2022-02-19, 2022-06-01
177, 10, 2021-03-14, 2021-04-19
52, 18, 2019-02-15, 2019-03-31
148, 15, 2022-04-03, NULL
157, 16, 2023-01-30, NULL
150, 27, 2020-10-26, 2022-01-28
121, 20, 2018-09-23, 2019-07-22
192, 30, 2019-12-27, 2020-11-09
92, 6, 2022-07-21, 2023-11-22
59, 12, 2016-09-26, 2017-07-13
91, 5, 2023-05-16, 2023-07-28
82, 9, 2020-06-16, 2021-06-18
119, 10, 2016-11-27, 2017-01-12
155, 2, 2016-01-29, 2016-07-16
31, 16, 2018-12-13, 2019-09-03
40, 19, 2015-05-11, 2016-08-21
56, 6, 2021-02-11, 2022-02-15
96, 5, 2018-01-21, 2018-03-15
42, 6, 2020-09-17, 2022-01-02
138, 20, 2017-11-11, 2017-12-06
199, 25, 2017-08-13, 2018-03-12
158, 25, 2018-01-11, 2019-04-09
144, 20, 2023-05-05, 2024-01-12
134, 14, 2016-12-30, 2017-03-12
134, 21, 2019-10-07, 2020-05-24
129, 8, 2018-08-10, 2018-12-24
21, 27, 2021-12-22, 2022-05-27
68, 21, 2016-11-02, 2016-12-31
80, 26, 2020-04-04, 2020-05-05
128, 27, 2015-01-19, 2016-05-31
13, 5, 2021-05-14, 2022-03-19
178, 24, 2016-07-30, 2017-06-11
62, 17, 2022-06-11, 2023-06-28
36, 5, 2022-08-06, 2023-09-14
133, 18, 2019-01-04, 2019-09-22
45, 24, 2020-02-17, 2020-06-12
187, 4, 2023-01-19, 2023-04-27
126, 17, 2018-12-23, 2019-12-03
29, 26, 2016-12-26, 2017-07-28
150, 14, 2017-04-23, 2018-04-04
19, 30, 2019-12-10, 2020-05-24
3, 2, 2019-09-24, 2021-01-25
3, 27, 2018-08-15, 2018-10-22
158, 29, 2022-07-22, 2022-07-26
131, 15, 2020-09-21, 2021-09-07
92, 22, 2016-02-26, 2016-05-29
14, 2, 2015-06-24, 2015-08-30
29, 9, 2019-01-22, 2019-03-04
61, 17, 2020-09-17, 2020-11-11
67, 14, 2016-01-02, 2016-04-09
139, 29, 2022-02-20, 2022-07-27
168, 11, 2021-09-02, 2022-09-21
17, 11, 2016-09-21, 2017-06-14
136, 20, 2023-02-02, 2024-05-01
115, 16, 2015-10-19, 2016-05-24
17, 5, 2021-08-28, 2022-02-07
64, 30, 2018-04-29, 2019-01-02
175, 8, 2023-05-17, 2023-07-13
161, 12, 2017-07-22, 2017-08-10
199, 4, 2020-01-30, 2020-05-27
162, 28, 2019-06-23, 2020-01-01
120, 3, 2019-03-07, 2020-02-19
112, 9, 2017-11-20, 2018-05-30
185, 11, 2020-08-15, 2021-09-04
121, 12, 2015-12-05, 2016-05-12
122, 25, 2021-01-11, 2021-03-16
40, 11, 2017-01-13, 2017-10-24
11, 1, 2017-09-13, 2018-08-21
89, 1, 2016-03-22, 2017-04-07
125, 18, 2018-04-17, 2019-02-07
170, 18, 2022-01-13, 2022-05-10
72, 19, 2022-07-27, 2023-06-12
23, 29, 2020-07-31, 2021-10-06
152, 27, 2021-02-11, 2021-10-08
119, 3, 2018-08-15, 2019-07-19
55, 11, 2017-12-11, 2018-10-24
162, 9, 2020-05-24, 2021-05-19
13, 3, 2020-02-18, 2020-11-29
66, 10, 2016-12-05, 2017-08-20
42, 10, 2021-11-18, 2022-08-19
150, 22, 2017-11-28, 2018-03-26
116, 28, 2022-12-13, 2023-06-12
135, 15, 2017-01-30, 2017-07-21
65, 15, 2020-11-12, NULL
40, 20, 2015-10-24, 2015-12-04
109, 30, 2015-08-18, 2016-08-17
165, 24, 2018-10-18, 2018-11-20
46, 27, 2021-03-28, 2022-02-06
129, 12, 2017-07-01, 2018-01-21
23, 10, 2017-05-08, 2018-04-22
152, 8, 2019-05-24, 2020-05-13
142, 24, 2021-04-04, 2022-01-04
127, 15, 2016-08-11, 2016-10-08
98, 23, 2021-03-27, 2021-11-21
93, 23, 2021-07-26, 2022-01-24
136, 3, 2018-05-26, 2018-09-11
40, 4, 2022-11-27, 2023-02-26
73, 23, 2016-01-21, 2016-05-25
71, 7, 2017-09-29, 2017-10-15
146, 24, 2020-04-20, 2020-12-29
98, 9, 2019-07-02, 2020-09-27
141, 26, 2020-11-07, 2021-05-29
86, 12, 2016-09-16, 2017-01-27
53, 1, 2019-08-21, 2020-01-03
15, 6, 2019-01-09, 2019-12-17
133, 9, 2021-04-21, 2021-12-21
129, 2, 2022-03-19, NULL
13, 4, 2015-02-08, 2015-11-10
54, 29, 2019-01-23, 2020-01-03
12, 13, 2021-03-07, 2022-01-14
116, 22, 2022-12-13, 2023-10-01
80, 20, 2022-02-16, 2022-08-25
37, 2, 2019-05-03, 2020-02-20
36, 30, 2019-07-17, 2020-10-21
21, 1, 2021-04-19, 2021-06-25
126, 15, 2016-10-14, 2017-11-01
174, 24, 2022-02-09, 2022-10-10
7, 25, 2023-03-15, 2024-05-15
125, 17, 2020-04-04, 2020-08-18
176, 24, 2016-11-24, 2017-01-04
197, 16, 2023-04-23, 2023-05-09
31, 23, 2020-12-05, 2021-04-20
103, 27, 2021-06-07, 2022-06-28
137, 1, 2022-04-26, 2023-05-18
193, 25, 2022-03-30, 2023-04-17
170, 11, 2022-09-20, 2023-07-12
40, 17, 2017-03-15, 2018-04-13
121, 2, 2020-07-21, 2020-10-22
133, 24, 2020-11-17, 2021-10-30
6, 6, 2020-05-02, 2021-02-03
169, 1, 2017-07-26, 2017-11-02
77, 23, 2015-07-29, 2015-11-17
103, 4, 2015-01-18, 2016-01-12
26, 27, 2022-02-07, 2022-12-24
137, 30, 2015-07-16, 2016-10-14
6, 1, 2021-03-15, 2022-04-17
143, 2, 2022-10-10, 2024-02-13
35, 20, 2022-12-26, 2024-01-08
56, 2, 2015-12-08, 2017-01-31
145, 12, 2015-04-25, 2016-06-14
53, 9, 2022-04-20, 2023-05-01
186, 6, 2015-12-13, 2016-01-12
184, 11, 2022-04-18, 2022-11-15
46, 26, 2016-01-27, 2016-03-31
65, 18, 2018-08-24, 2019-03-04
184, 26, 2018-08-10, 2018-12-14
123, 22, 2016-05-05, 2017-04-01
32, 12, 2019-01-16, 2020-02-06
64, 7, 2020-07-25, 2021-03-31
12, 4, 2019-01-01, 2019-01-27
138, 26, 2021-02-19, 2021-10-04
182, 9, 2018-01-13, 2018-03-14
11, 22, 2016-08-07, 2017-11-12
14, 2, 2015-10-11, 2016-08-15
69, 14, 2018-12-03, 2019-10-08
151, 20, 2019-01-27, 2019-10-08
177, 4, 2022-03-01, 2023-03-08
16, 24, 2020-11-06, 2022-02-11
68, 27, 2018-10-31, 2019-01-07
144, 6, 2021-01-09, 2021-12-18
189, 10, 2016-10-13, 2017-01-06
154, 28, 2015-03-04, 2015-10-09
65, 9, 2021-04-05, 2022-08-10
180, 26, 2022-05-03, 2022-09-25
20, 30, 2016-12-15, 2017-02-19
116, 9, 2015-06-17, 2016-03-15
1, 14, 2021-10-27, 2022-11-22
23, 28, 2016-03-29, 2016-10-15
157, 23, 2016-02-06, 2016-03-25
74, 15, 2019-12-27, 2020-06-30
124, 7, 2016-04-10, 2016-08-04
75, 9, 2020-07-05, 2021-05-28
93, 25, 2016-09-13, 2017-06-07
83, 28, 2016-02-02, 2016-11-26
170, 22, 2018-01-12, 2018-12-12
64, 26, 2020-10-08, 2021-12-18
13, 26, 2020-02-05, 2020-10-10
200, 28, 2022-06-18, 2022-06-28
2, 1, 2018-03-17, 2019-01-07
67, 8, 2021-07-03, 2022-01-10
188, 24, 2019-11-17, 2020-05-27
155, 26, 2021-05-26, 2021-07-17
85, 2, 2022-12-03, 2023-02-09
75, 7, 2018-07-03, 2019-02-09
158, 13, 2019-11-23, 2020-12-14
7, 10, 2021-12-03, 2023-04-10
68, 18, 2022-05-27, 2022-06-14
41, 11, 2019-12-10, 2020-07-16
56, 21, 2016-11-01, 2017-07-04
157, 17, 2020-03-27, 2020-09-04
196, 4, 2021-03-07, 2021-06-10
94, 5, 2020-11-08, 2021-11-03
111, 27, 2015-07-09, NULL
138, 8, 2019-03-16, 2020-01-13
170, 18, 2017-05-20, 2017-06-11
46, 26, 2021-08-19, 2022-11-19
14, 13, 2019-01-16, 2019-04-30
2, 14, 2021-09-17, 2022-03-18
168, 23, 2016-09-06, 2016-12-26
43, 17, 2023-04-09, 2023-08-30
65, 21, 2022-01-05, 2023-03-12
143, 12, 2015-08-03, 2015-12-21
19, 13, 2020-03-31, 2021-02-17
110, 22, 2017-09-25, 2018-10-22
36, 16, 2019-04-19, 2019-09-18
187, 4, 2020-10-04, 2021-12-24
195, 23, 2018-06-19, 2019-05-13
156, 8, 2022-10-09, 2023-01-06
166, 22, 2015-03-04, 2015-08-21
106, 4, 2022-04-28, 2022-12-10
102, 10, 2016-07-09, 2017-08-18
89, 27, 2017-10-08, 2019-01-07
159, 18, 2016-03-13, 2017-03-03
178, 7, 2021-07-21, 2022-03-27
49, 3, 2015-05-16, 2016-05-08
142, 13, 2020-05-25, 2021-01-14
47, 27, 2019-09-21, 2020-06-21
109, 3, 2017-08-11, 2018-12-10
118, 13, 2018-09-04, 2019-06-09
97, 14, 2019-12-22, 2020-10-11
17, 8, 2021-11-16, 2021-11-26
144, 25, 2016-02-16, 2016-09-25
9, 24, 2019-09-22, NULL
139, 17, 2018-03-03, 2018-07-12
155, 17, 2020-04-14, 2021-03-04
192, 20, 2017-02-06, 2018-04-02
139, 19, 2016-04-09, 2016-11-29
22, 3, 2019-11-23, NULL
118, 4, 2019-01-01, 2019-05-15
59, 27, 2017-01-10, 2018-02-20
141, 27, 2018-12-14, 2020-04-25
193, 10, 2021-07-11, 2022-10-26
178, 25, 2020-07-26, 2020-08-31
146, 5, 2017-03-08, 2017-08-25
49, 10, 2017-07-29, 2017-11-25
59, 29, 2016-02-06, 2016-10-05
104, 1, 2018-11-08, 2019-08-11
94, 21, 2021-12-05, NULL
77, 23, 2015-10-08, 2016-02-16
103, 14, 2022-05-06, 2022-11-12
108, 19, 2019-03-24, 2019-11-28
129, 26, 2021-04-10, 2021-04-27
8, 8, 2020-10-29, 2020-12-27
37, 29, 2017-07-24, 2017-12-10
197, 7, 2023-05-09, 2023-10-03
54, 22, 2019-03-02, 2020-02-04
140, 8, 2020-02-24, 2020-07-02
182, 28, 2022-01-14, 2022-10-29
149, 14, 2017-12-25, 2019-01-11
177, 29, 2015-10-02, 2016-06-11
25, 20, 2016-06-09, 2016-10-23
176, 4, 2016-02-11, 2016-04-02
105, 13, 2023-04-05, 2024-06-08
166, 25, 2020-05-21, 2021-06-07
179, 22, 2017-06-06, 2017-08-17
58, 18, 2023-03-12, 2023-07-13
142, 18, 2022-10-19, 2023-03-18
6, 11, 2018-12-02, 2019-04-13
107, 8, 2021-07-08, 2021-07-26
164, 18, 2019-06-03, 2020-08-07
189, 5, 2019-07-17, 2020-05-12
196, 23, 2022-08-06, 2023-07-19
17, 14, 2016-02-29, 2016-04-21
131, 8, 2015-07-08, 2016-01-23
160, 20, 2018-01-12, 2018-04-02
44, 9, 2021-04-01, 2022-07-16
118, 9, 2015-04-14, 2016-04-18
65, 4, 2019-05-11, 2019-06-03
97, 26, 2019-05-10, 2020-02-15
21, 29, 2019-11-22, 2020-02-18
148, 4, 2015-08-01, 2015-11-02
84, 15, 2018-08-09, NULL
173, 3, 2017-05-19, 2017-06-28
161, 9, 2020-03-14, 2020-05-28
36, 5, 2021-02-06, 2022-05-31
96, 17, 2018-07-18, 2018-07-31
38, 21, 2019-08-01, 2020-01-31
115, 18, 2019-02-07, 2020-06-09
157, 19, 2015-08-14, 2016-12-17
149, 10, 2022-08-18, 2022-12-30
197, 20, 2020-08-11, 2020-08-18
168, 26, 2018-12-04, 2019-02-27
2, 17, 2020-03-26, 2020-09-21
136, 2, 2018-02-02, 2019-04-25
116, 1, 2022-04-13, 2023-01-11
33, 2, 2020-08-23, 2020-12-24
8, 28, 2016-02-11, 2016-07-05
2, 9, 2023-05-24, 2024-02-26
20, 1, 2021-09-15, 2022-08-12
13, 13, 2021-10-04, NULL
33, 4, 2018-06-03, 2019-09-10
149, 14, 2022-08-22, 2023-10-23
114, 17, 2016-08-28, 2017-10-10
144, 6, 2015-06-21, 2016-08-26
168, 10, 2015-02-26, 2015-08-07
76, 26, 2022-09-08, 2022-12-28
181, 9, 2022-07-13, NULL
86, 2, 2018-01-19, 2018-04-27
9, 8, 2015-08-21, 2016-08-26
71, 4, 2015-06-22, 2015-09-12
27, 8, 2018-03-21, 2018-11-05
170, 6, 2017-02-14, 2018-02-26
58, 21, 2015-07-13, 2016-08-23
189, 15, 2020-12-09, 2021-11-01
28, 26, 2019-11-09, 2020-03-12
70, 3, 2022-07-22, 2023-04-21
200, 3, 2020-06-05, 2020-06-14
140, 14, 2015-08-07, 2015-09-06
174, 4, 2020-01-02, 2020-10-27
140, 4, 2022-11-04, 2023-10-08
120, 11, 2019-12-26, 2020-12-14
149, 20, 2023-01-13, 2024-05-20
106, 15, 2020-04-20, 2021-07-23
128, 16, 2017-10-06, NULL
106, 24, 2015-05-21, 2015-08-25
152, 10, 2022-01-24, 2023-05-04
158, 23, 2015-01-17, 2015-06-10
34, 18, 2016-08-14, 2017-12-06
32, 21, 2018-12-05, 2020-02-27
98, 29, 2017-01-02, 2018-01-05
70, 17, 2015-10-15, 2016-12-27
180, 28, 2018-08-26, 2018-10-22
68, 7, 2021-11-05, 2022-02-19
8, 13, 2021-12-20, 2023-02-14
90, 28, 2015-09-09, 2016-01-12
96, 7, 2015-02-22, 2015-09-17
187, 18, 2017-09-04, 2018-09-14
152, 18, 2015-05-07, 2015-12-09
167, 26, 2022-01-01, NULL
120, 28, 2021-10-06, 2022-12-06
159, 22, 2018-01-22, 2018-04-12
167, 25, 2015-08-29, 2015-10-28
115, 2, 2017-09-26, 2018-12-22
44, 11, 2021-07-28, 2022-08-21
61, 28, 2022-02-06, 2023-04-18
75, 3, 2017-03-12, 2017-05-27
97, 28, 2019-08-02, 2020-02-10
83, 23, 2017-10-01, 2018-10-07
47, 12, 2018-01-31, 2019-01-31
73, 28, 2021-09-22, 2022-08-13
62, 23, 2022-12-22, 2024-02-06
144, 3, 2019-03-07, 2019-03-24
24, 1, 2019-03-23, 2020-06-27
199, 1, 2022-12-04, NULL
116, 14, 2015-02-17, 2016-01-19
187, 4, 2016-12-12, 2018-02-25
146, 24, 2021-05-29, 2022-02-21
159, 13, 2018-04-12, 2018-08-20
99, 17, 2017-03-26, 2018-05-27
51, 8, 2022-07-20, 2022-10-20
106, 30, 2016-09-17, 2016-09-23
22, 22, 2022-01-14, NULL
67, 1, 2018-05-09, 2019-09-17
11, 8, 2023-05-23, 2023-07-14
130, 13, 2022-09-23, NULL
100, 17, 2019-11-13, 2019-12-26
192, 6, 2018-10-03, 2019-01-17
3, 13, 2016-07-11, 2017-05-24
71, 21, 2017-09-12, 2018-05-19
196, 18, 2018-07-16, 2018-09-26
15, 16, 2015-06-06, 2015-08-02
137, 10, 2021-06-18, 2022-03-18
145, 17, 2016-08-30, 2016-09-23
76, 1, 2017-02-21, 2017-08-04
186, 23, 2021-09-28, 2022-01-20
120, 17, 2023-02-05, 2023-08-24
108, 14, 2023-05-07, 2023-07-24
198, 29, 2019-11-22, 2020-11-30
77, 9, 2019-01-20, 2020-01-24
85, 4, 2015-07-31, 2015-12-03
195, 4, 2022-03-31, 2023-04-11
119, 16, 2017-10-08, 2017-12-09
160, 30, 2018-10-29, 2020-01-29
146, 17, 2023-02-28, 2023-08-20
126, 6, 2021-07-24, 2022-11-24
76, 1, 2023-05-07, 2024-02-04
20, 9, 2017-11-27, 2018-09-29
165, 29, 2015-08-26, 2015-11-25
11, 5, 2017-07-21, 2018-03-11
65, 30, 2015-03-25, 2016-06-04
1, 10, 2017-04-15, 2018-06-12
183, 25, 2020-10-08, 2022-01-26
47, 6, 2017-04-12, 2018-05-01
167, 10, 2018-10-10, 2019-09-23
44, 16, 2015-02-04, 2015-03-21
135, 28, 2022-06-19, 2022-07-25
69, 16, 2021-11-25, 2022-07-28
193, 10, 2020-11-08, 2021-07-04
75, 2, 2018-11-13, 2018-12-18
58, 20, 2020-09-17, 2020-10-07
73, 26, 2021-10-14, 2021-12-31
111, 15, 2015-04-22, 2015-11-18
84, 10, 2021-06-19, 2022-08-13
114, 11, 2019-07-21, 2019-12-13
18, 22, 2019-08-12, 2020-05-17
183, 26, 2018-12-17, 2019-09-18
183, 27, 2017-09-07, 2018-09-03
100, 20, 2022-08-14, 2023-05-28
13, 1, 2022-04-21, 2022-10-23
31, 12, 2022-07-03, 2022-09-06
169, 26, 2019-03-07, NULL
92, 11, 2022-01-20, 2023-03-02
158, 26, 2021-12-16, 2022-02-11
7, 30, 2015-06-06, 2015-09-01
43, 30, 2015-04-06, 2015-12-03
78, 28, 2021-12-18, 2022-02-02
25, 24, 2023-05-31, NULL
32, 6, 2019-09-05, NULL
59, 16, 2023-04-25, 2023-11-30
73, 18, 2017-01-26, 2017-04-27
54, 20, 2015-06-29, 2015-07-17
179, 20, 2018-10-23, 2019-04-18
49, 12, 2021-10-20, 2022-03-17
158, 11, 2017-07-02, 2018-08-12
140, 4, 2021-03-12, 2022-02-24
76, 29, 2016-05-23, 2017-06-24
34, 19, 2020-12-19, 2021-11-28
15, 23, 2015-05-26, 2016-03-21
122, 25, 2017-09-21, 2018-06-15
24, 10, 2021-01-16, 2022-03-13
76, 27, 2020-09-14, 2022-01-05
64, 21, 2015-09-27, 2016-01-06
184, 25, 2016-03-13, 2016-12-05
5, 24, 2023-03-17, 2023-11-06
159, 30, 2022-10-05, 2022-12-29
121, 18, 2022-06-27, 2023-10-28
40, 22, 2015-07-22, 2016-11-16
104, 15, 2015-08-14, 2015-10-17
190, 15, 2018-12-29, 2020-02-17
62, 25, 2021-07-04, 2022-06-26
103, 21, 2018-04-03, 2019-02-10
146, 5, 2018-03-04, 2019-05-11
46, 25, 2022-01-01, 2022-08-18
185, 12, 2019-08-18, 2020-03-24
6, 23, 2020-05-10, 2020-08-14
186, 24, 2019-11-12, 2020-08-21
112, 23, 2022-11-26, NULL
23, 29, 2019-01-01, 2019-04-10
76, 16, 2015-07-12, 2016-08-06
118, 26, 2015-08-28, 2016-04-03
9, 6, 2020-03-08, 2020-08-04
154, 24, 2016-11-29, 2018-02-25
43, 19, 2022-12-15, 2023-12-23
96, 3, 2018-09-26, 2018-11-23
76, 12, 2021-11-26, 2022-08-16
184, 28, 2022-08-11, 2023-02-24
29, 1, 2018-08-31, 2019-08-22
11, 27, 2016-01-08, 2016-03-24
97, 29, 2019-01-29, 2019-03-30
191, 30, 2016-03-06, 2016-08-13
52, 24, 2016-04-05, 2016-04-22
142, 24, 2020-02-25, 2020-11-30
14, 6, 2015-06-26, 2015-08-07
33, 3, 2019-08-27, 2020-10-23
125, 19, 2022-09-25, 2023-02-01
25, 30, 2018-12-08, 2018-12-12
27, 23, 2021-01-17, 2021-06-17
123, 6, 2020-08-11, 2021-05-29
33, 24, 2016-08-24, 2017-07-06
51, 5, 2018-05-14, 2019-04-03
94, 24, 2015-07-10, 2016-04-20
184, 12, 2015-05-21, 2015-11-16
186, 11, 2018-05-06, 2019-07-21
30, 19, 2019-03-18, 2019-04-22
124, 3, 2021-06-01, 2022-07-29
48, 19, 2020-10-17, 2021-07-04
131, 11, 2019-01-01, 2020-03-19
39, 16, 2015-02-09, 2015-04-01
46, 3, 2017-07-19, 2017-08-27
120, 13, 2019-06-11, 2020-05-12
137, 9, 2019-04-08, 2019-09-08
178, 28, 2016-11-17, 2018-02-19
65, 16, 2020-03-28, 2020-04-14
143, 19, 2015-01-08, 2016-01-24
106, 3, 2018-11-25, 2020-01-02
151, 28, 2015-01-27, 2015-09-07
31, 16, 2015-10-31, 2016-06-29
101, 18, 2017-03-14, 2018-02-02
194, 27, 2018-07-05, 2018-11-16
131, 18, 2023-04-29, 2024-08-11
5, 25, 2015-05-30, 2016-04-19
156, 21, 2015-06-01, 2015-07-24
13, 16, 2015-04-07, 2015-10-30
115, 7, 2021-06-06, 2021-07-29
111, 28, 2021-01-19, 2021-12-27
86, 5, 2019-07-06, 2020-11-08
200, 9, 2016-11-02, 2017-01-02
100, 18, 2020-06-25, 2021-07-07
187, 1, 2016-12-12, NULL
183, 8, 2023-05-07, 2023-06-30
117, 27, 2016-07-05, 2017-07-15
117, 1, 2020-01-06, 2021-02-27
134, 17, 2020-09-07, 2021-06-28
150, 21, 2022-12-28, 2023-10-23
156, 13, 2019-12-06, 2021-02-10
74, 7, 2021-12-01, 2022-06-03
75, 2, 2020-05-31, 2021-09-03
143, 2, 2023-05-17, 2024-07-17
91, 11, 2018-10-21, 2020-01-27
82, 7, 2015-04-12, 2015-06-15
86, 11, 2019-11-16, 2020-06-17
19, 7, 2015-01-14, 2016-03-23
95, 20, 2022-07-09, 2023-09-30
30, 8, 2021-02-22, NULL
34, 7, 2022-12-15, NULL
187, 7, 2019-10-06, 2020-03-25
143, 23, 2018-10-15, 2019-12-14
157, 6, 2021-08-23, NULL
76, 18, 2017-03-21, 2018-03-11
6, 4, 2023-04-22, 2023-07-27
155, 28, 2023-03-08, 2023-09-12
57, 24, 2016-04-10, 2017-01-26
35, 29, 2021-04-14, 2021-11-25
13, 20, 2017-12-02, 2018-11-23
54, 19, 2017-12-21, 2018-12-22
136, 18, 2016-07-06, 2017-04-24
192, 24, 2017-09-30, 2017-10-15
22, 6, 2016-04-26, 2016-12-08
156, 23, 2015-04-02, 2015-09-06
97, 14, 2019-09-29, 2020-04-14
68, 7, 2018-12-16, 2019-11-28
119, 10, 2017-06-06, 2018-03-10
135, 12, 2021-03-20, 2022-01-28
167, 22, 2018-01-20, 2018-06-22
16, 18, 2020-11-27, 2021-03-20
184, 10, 2018-12-27, 2019-07-17
89, 7, 2022-08-29, 2023-08-30
179, 2, 2018-03-05, 2018-11-04
195, 10, 2020-01-08, NULL
2, 11, 2017-05-10, 2018-07-15
18, 26, 2019-08-18, 2020-01-16
59, 2, 2016-08-17, 2017-02-02
168, 1, 2022-08-06, 2023-01-22
164, 20, 2021-10-06, 2021-10-29
72, 16, 2020-09-11, 2021-09-06
178, 13, 2019-02-08, 2019-06-16
156, 22, 2022-09-17, 2023-12-26
21, 11, 2015-06-03, 2016-08-06
61, 25, 2018-04-07, 2018-06-13
77, 30, 2018-04-27, 2019-01-28
49, 8, 2015-12-29, 2016-11-27
80, 4, 2017-01-03, 2017-08-30
5, 4, 2016-10-02, 2016-11-10
199, 28, 2017-08-30, 2018-12-20
131, 4, 2020-02-05, 2020-06-23
33, 7, 2015-11-25, NULL
111, 16, 2023-01-20, 2023-02-11
125, 25, 2015-01-11, 2016-04-20
167, 16, 2018-08-27, 2019-08-08
4, 7, 2020-10-13, 2021-01-02
182, 30, 2019-01-04, 2019-09-03
61, 7, 2018-01-11, 2018-07-30
83, 13, 2015-06-22, 2015-09-28
191, 8, 2015-09-02, 2016-03-31
28, 6, 2023-01-31, 2023-11-03
99, 26, 2022-12-19, 2023-10-01
42, 1, 2018-01-12, 2018-06-20
100, 24, 2021-04-03, NULL
67, 6, 2019-12-14, 2020-03-30
138, 30, 2018-08-17, 2019-05-17
93, 26, 2020-03-29, 2020-07-05
98, 29, 2019-05-29, 2020-04-09
190, 15, 2015-06-05, 2016-07-25
2, 18, 2019-03-12, 2019-06-18
105, 20, 2016-07-25, 2016-10-26
136, 4, 2018-12-05, 2019-07-03
81, 22, 2016-01-16, 2017-01-09
105, 28, 2021-10-31, 2022-03-01
56, 1, 2021-07-27, 2022-05-07
3, 27, 2021-06-29, 2022-10-15
168, 22, 2018-08-28, 2019-12-24
133, 18, 2020-12-05, 2021-01-27
20, 28, 2015-11-23, 2016-11-08
47, 19, 2023-03-06, 2023-08-28
92, 9, 2021-08-19, 2021-11-02
194, 7, 2019-08-18, 2020-07-08
67, 5, 2019-03-08, 2020-05-30
51, 11, 2019-10-01, 2020-04-28
23, 7, 2018-01-06, 2018-09-10
151, 30, 2015-03-26, 2016-02-03
110, 30, 2022-08-22, 2022-12-07
129, 22, 2015-03-07, 2016-01-05
107, 26, 2016-10-27, 2017-05-30
69, 18, 2021-10-19, 2022-01-02
179, 15, 2019-06-21, NULL
184, 4, 2015-06-12, 2016-02-02
13, 18, 2019-04-12, 2020-06-14
140, 26, 2015-03-17, 2016-05-07
141, 23, 2023-01-05, 2023-12-25
91, 10, 2021-10-29, 2021-12-10
77, 5, 2022-09-13, 2023-12-10
94, 30, 2023-01-29, 2023-09-08
151, 15, 2020-01-20, 2021-05-20
86, 25, 2022-01-22, 2022-11-09
95, 10, 2017-12-27, 2019-03-27
33, 13, 2016-07-11, 2017-07-08
119, 3, 2022-05-02, 2022-10-08
2, 8, 2015-02-02, 2015-07-13
141, 12, 2018-09-01, 2019-08-23
93, 16, 2021-07-14, NULL
59, 14, 2015-01-24, 2015-11-29
104, 26, 2022-12-30, 2024-02-10
80, 23, 2017-11-11, NULL
156, 2, 2016-12-05, 2017-01-15
62, 23, 2018-12-22, 2019-07-30
199, 26, 2015-02-14, 2016-01-21
52, 9, 2019-10-29, 2020-12-03
160, 26, 2017-06-05, 2017-09-11
112, 11, 2022-10-23, 2023-02-03
32, 11, 2017-04-01, 2017-11-24
19, 21, 2021-11-04, 2022-01-27
197, 3, 2020-01-29, 2020-10-04
60, 15, 2020-04-16, 2020-10-31
124, 26, 2021-06-12, 2022-05-13
47, 25, 2016-06-17, 2017-09-10
178, 13, 2022-03-11, 2022-08-21
35, 4, 2018-01-25, 2018-05-14
175, 12, 2022-09-16, 2023-01-07
127, 19, 2020-11-10, NULL
168, 27, 2020-10-01, 2020-11-14
113, 5, 2021-08-21, 2022-12-20
181, 16, 2018-07-18, 2018-11-02
4, 23, 2019-08-04, NULL
111, 11, 2019-02-19, 2019-06-06
125, 20, 2020-06-11, 2020-08-30
166, 15, 2021-09-05, 2022-06-22
166, 6, 2017-03-27, 2018-07-07
170, 23, 2015-12-14, 2016-06-23
83, 5, 2017-05-11, NULL
36, 12, 2016-07-17, 2017-07-17
111, 30, 2019-02-20, NULL
164, 23, 2017-01-31, 2017-02-20
187, 13, 2015-01-15, 2015-04-30
130, 2, 2020-03-16, NULL
18, 6, 2015-08-30, 2015-09-11
78, 24, 2018-02-27, 2018-08-27
4, 23, 2016-06-26, 2017-10-25
112, 1, 2017-03-08, 2018-05-22
155, 11, 2021-01-01, 2022-04-22
123, 19, 2016-08-11, 2017-04-16
162, 18, 2016-07-18, 2017-04-16
77, 1, 2021-06-13, 2021-08-02
79, 24, 2018-06-07, 2018-06-08
73, 22, 2022-02-21, 2022-09-23
124, 12, 2021-03-14, 2021-07-04
34, 13, 2019-12-25, 2020-10-08
198, 20, 2018-12-25, 2019-04-10
87, 30, 2021-09-04, 2022-07-07
111, 30, 2021-05-24, 2022-01-06
99, 2, 2016-12-29, NULL
95, 18, 2016-05-20, 2017-06-23
36, 5, 2020-04-03, 2021-03-12
92, 13, 2021-01-30, 2022-04-26
106, 15, 2018-06-28, 2019-08-31
162, 21, 2022-12-17, 2023-07-07
56, 4, 2019-04-18, 2020-08-28
170, 2, 2020-08-25, NULL
102, 29, 2021-04-10, 2022-04-26
191, 27, 2020-04-19, 2021-02-22
77, 8, 2022-10-07, 2023-10-17
89, 25, 2019-02-06, 2020-03-03
197, 3, 2018-03-04, 2018-08-08
17, 5, 2020-10-23, 2021-03-17
87, 2, 2018-06-14, 2019-07-31
79, 26, 2019-03-19, 2020-04-20
145, 13, 2023-01-02, 2024-04-22
19, 16, 2020-07-16, 2020-07-31
128, 19, 2022-03-21, 2022-08-10
78, 5, 2017-03-08, 2017-04-02
57, 26, 2021-07-05, 2022-03-06
63, 4, 2022-12-12, 2023-11-28
104, 30, 2021-10-01, 2021-12-12
82, 4, 2019-07-14, 2020-01-09
45, 23, 2017-01-03, 2017-01-29
24, 8, 2019-05-06, 2019-06-18
58, 9, 2020-06-14, NULL
74, 10, 2023-02-05, 2023-09-06
91, 23, 2023-03-18, 2023-07-05
114, 16, 2021-11-18, 2022-10-04
106, 21, 2019-09-03, 2020-10-02
182, 14, 2019-01-25, NULL
75, 5, 2023-02-04, 2023-05-02
132, 17, 2019-05-12, 2020-02-20
31, 19, 2016-08-28, 2016-11-09
113, 5, 2019-08-25, 2020-03-25
88, 28, 2018-11-12, 2018-11-22
41, 6, 2021-02-01, 2021-08-08
118, 13, 2021-12-26, 2023-03-13
145, 22, 2016-09-06, 2017-10-30
197, 28, 2019-04-01, 2019-12-07
53, 28, 2021-06-04, 2022-01-23
119, 4, 2023-03-10, 2024-05-30
66, 24, 2018-11-27, 2019-03-19
175, 24, 2018-07-17, 2018-08-09
135, 15, 2020-04-03, 2021-04-18
114, 14, 2021-01-18, 2021-10-26
156, 26, 2021-01-28, 2022-04-02
16, 24, 2023-05-12, 2024-09-10
63, 3, 2016-11-07, 2018-01-01
179, 9, 2023-01-29, 2023-06-15
139, 18, 2019-04-11, 2020-04-30
71, 1, 2022-08-31, 2022-11-03
169, 6, 2021-05-09, 2022-06-14
183, 27, 2020-11-28, 2022-02-08
1, 7, 2022-02-08, NULL
195, 1, 2015-10-27, 2016-05-08
195, 2, 2018-11-02, 2020-02-21
118, 20, 2021-02-11, 2021-07-26
165, 9, 2017-11-22, 2019-01-10
186, 5, 2017-05-17, 2018-06-22
106, 23, 2021-03-31, 2021-11-11
194, 11, 2016-02-02, 2017-02-12
193, 17, 2022-07-15, 2023-11-20
170, 23, 2023-01-10, NULL
55, 27, 2015-02-21, 2015-07-22
42, 8, 2016-09-03, 2016-12-04
114, 2, 2017-11-01, 2018-06-06
154, 7, 2015-05-09, 2015-05-13
152, 27, 2022-06-04, 2022-06-06
124, 21, 2020-07-22, 2021-05-06
193, 13, 2015-04-25, NULL
51, 9, 2017-04-24, 2017-12-28
55, 25, 2022-06-17, 2023-09-28
150, 13, 2016-12-27, 2018-05-08
121, 20, 2023-05-14, 2023-08-09
194, 6, 2020-07-30, 2021-07-14
166, 28, 2016-07-21, 2016-12-15
161, 30, 2018-09-13, NULL
12, 15, 2015-08-16, 2015-12-27
5, 22, 2018-12-18, 2019-03-31
187, 13, 2019-03-19, 2020-02-12
34, 17, 2020-08-22, 2020-09-01
161, 11, 2019-01-08, 2019-11-13
122, 19, 2020-05-17, 2020-11-23
144, 30, 2019-12-06, 2020-05-16
70, 24, 2017-07-31, 2018-10-24
142, 7, 2022-10-24, 2023-06-18
11, 28, 2018-05-04, 2018-09-05
128, 3, 2020-04-21, NULL
148, 21, 2019-12-05, 2020-02-21
136, 23, 2017-04-16, 2018-03-05
89, 27, 2017-10-18, 2018-03-03
182, 7, 2015-08-25, 2016-12-25
153, 22, 2021-02-16, 2021-03-31
58, 6, 2019-10-08, 2020-02-07
129, 14, 2016-05-18, 2017-08-14
114, 29, 2020-08-24, 2021-01-02
182, 10, 2018-03-18, 2019-01-08
87, 25, 2020-02-17, 2020-11-04
39, 25, 2015-05-25, 2015-10-10
177, 30, 2015-04-07, 2015-08-20
85, 17, 2020-02-29, 2020-11-02
45, 6, 2018-07-25, 2019-07-15
183, 23, 2018-05-15, 2018-11-18
9, 20, 2021-04-18, 2022-05-16
71, 9, 2019-07-04, 2020-05-30
75, 21, 2017-11-11, 2018-08-20
75, 19, 2023-03-10, 2023-07-18
136, 14, 2019-12-05, 2020-12-20
20, 22, 2023-02-13, 2024-02-07
197, 13, 2018-11-19, 2019-07-05
167, 22, 2016-07-09, 2016-07-25
180, 12, 2018-11-25, 2019-08-08
159, 13, 2018-10-15, 2019-04-29
81, 12, 2023-02-24, 2023-11-18
55, 8, 2016-08-22, 2017-06-26
182, 20, 2021-04-26, 2022-06-23
3, 21, 2018-04-16, 2019-01-31
66, 19, 2018-02-15, 2018-06-01
80, 17, 2015-09-12, 2016-04-28
102, 4, 2017-12-21, 2018-05-09
94, 20, 2019-02-11, 2020-01-16
141, 20, 2016-09-27, 2017-04-19
54, 16, 2018-07-30, 2018-10-22
91, 15, 2021-01-01, 2022-02-19
187, 19, 2021-05-17, NULL
162, 30, 2015-03-10, 2016-04-07
190, 21, 2015-10-18, 2016-03-24
32, 15, 2016-07-29, 2017-09-05
95, 13, 2022-02-22, NULL
54, 24, 2023-04-21, 2023-11-21
106, 9, 2018-09-27, 2019-05-03
44, 13, 2015-02-17, NULL
141, 5, 2022-06-13, 2023-05-01
40, 24, 2022-12-09, 2023-04-30
24, 8, 2017-08-11, 2018-01-23
164, 14, 2020-08-28, 2021-10-04
171, 28, 2019-07-20, 2019-11-02
17, 9, 2018-09-23, 2018-11-15
174, 28, 2018-06-18, 2019-09-16
191, 23, 2020-05-09, NULL
163, 18, 2017-08-12, 2018-03-16
70, 9, 2015-12-20, 2016-02-14
69, 4, 2017-01-05, 2017-05-19
7, 16, 2022-12-10, 2024-01-06
165, 15, 2017-08-13, 2018-07-16
40, 5, 2017-06-19, 2017-10-18
134, 29, 2022-09-25, 2023-10-29
132, 10, 2015-01-29, 2015-06-22
14, 20, 2016-10-18, 2017-08-03
45, 1, 2020-06-21, 2021-05-25
117, 3, 2018-12-08, 2019-04-08
122, 11, 2018-10-01, 2020-01-28
52, 21, 2023-02-14, 2023-06-17
77, 2, 2023-01-17, 2023-09-12
131, 16, 2018-01-10, 2018-04-22
91, 10, 2015-01-10, 2015-07-19
5, 4, 2017-03-13, 2017-09-30
194, 15, 2018-12-13, 2019-06-29
132, 4, 2016-07-14, 2017-02-02
79, 17, 2016-04-04, 2016-12-20
172, 3, 2015-11-29, 2016-12-06
170, 8, 2018-08-15, 2018-12-26
84, 23, 2017-04-25, 2018-08-27
11, 30, 2018-05-03, 2018-09-08
66, 11, 2019-11-10, NULL
132, 11, 2016-12-26, 2017-05-09
197, 25, 2018-11-20, 2020-03-05
191, 9, 2019-04-24, 2020-05-05
108, 18, 2020-11-15, 2021-04-02
46, 3, 2018-09-26, 2019-10-27
78, 5, 2023-05-01, 2023-05-29
147, 11, 2022-03-19, 2023-04-01
200, 18, 2015-01-14, 2015-03-11
145, 28, 2016-09-09, 2017-07-07
85, 30, 2022-07-19, 2023-04-19
52, 18, 2018-05-23, 2018-11-13
55, 27, 2020-10-05, 2021-07-23
119, 25, 2018-10-04, 2018-12-12
24, 19, 2020-03-02, 2020-04-09
91, 26, 2022-02-23, 2023-03-18
185, 30, 2022-06-22, 2022-07-10
48, 15, 2022-12-12, 2023-09-18
195, 6, 2022-05-30, 2022-11-11
35, 18, 2015-08-05, 2016-01-22
181, 27, 2018-02-21, 2018-03-30
20, 11, 2015-10-13, 2016-01-27
64, 22, 2020-03-12, 2020-06-10
104, 17, 2017-12-16, 2018-08-02
45, 19, 2022-01-26, 2023-02-09
38, 28, 2021-09-02, 2022-08-14
56, 2, 2017-08-31, 2017-09-20
86, 1, 2017-06-27, 2018-08-28
153, 6, 2016-02-20, 2016-12-07
102, 3, 2022-09-22, 2022-11-25
49, 20, 2015-11-02, 2016-02-17
33, 18, 2015-04-14, 2016-02-02
102, 24, 2022-08-17, 2023-09-02
71, 9, 2017-03-14, 2017-08-19
152, 28, 2017-07-11, 2017-12-16
67, 28, 2021-02-02, 2021-03-14
115, 14, 2023-05-14, 2024-02-18
33, 18, 2017-03-10, 2017-03-23
165, 6, 2018-09-27, 2020-01-01
149, 30, 2016-08-10, 2017-05-06
40, 10, 2021-08-26, 2022-01-30
164, 2, 2020-10-08, 2021-02-08
118, 10, 2019-05-07, 2020-04-21
29, 12, 2018-12-09, 2019-09-09
158, 5, 2021-01-08, 2021-11-16
73, 9, 2015-08-24, 2015-09-18
109, 29, 2018-03-04, 2019-01-28
157, 7, 2019-10-28, 2020-10-31
33, 4, 2022-11-29, 2023-12-23
76, 30, 2016-03-15, 2016-04-29
132, 27, 2017-11-23, 2018-10-16
49, 13, 2020-05-04, 2020-09-24
129, 10, 2015-01-19, NULL
123, 11, 2021-09-02, 2022-06-11
189, 28, 2015-08-29, 2016-01-18
78, 17, 2020-03-07, 2021-06-14
68, 19, 2017-09-29, 2018-03-27
143, 5, 2021-10-08, 2022-09-25
190, 28, 2015-08-05, 2016-04-12
22, 9, 2015-08-14, 2015-11-24
186, 28, 2022-12-16, 2023-04-16
106, 19, 2016-06-01, 2016-06-04
163, 22, 2015-02-05, 2016-02-08
12, 6, 2017-09-09, 2017-12-31
78, 17, 2019-01-19, 2020-02-20
162, 1, 2022-11-25, 2024-02-25
53, 19, 2022-08-13, 2023-05-15
127, 13, 2015-08-31, 2016-03-25
65, 4, 2018-07-10, 2019-09-06
53, 26, 2016-05-16, 2017-07-26
39, 26, 2019-10-13, 2019-12-30
155, 26, 2017-07-12, 2018-09-08
60, 18, 2017-04-26, 2018-08-13
173, 19, 2021-11-07, 2022-02-14
145, 19, 2018-09-14, 2019-09-13
26, 25, 2020-03-15, 2021-03-25
46, 21, 2021-07-16, 2021-12-14
200, 6, 2021-09-11, 2021-10-23
151, 4, 2019-04-26, 2019-09-14
169, 11, 2020-09-11, 2021-07-27
29, 18, 2021-08-14, 2022-08-23
49, 30, 2021-02-15, 2021-10-19
27, 12, 2018-08-02, NULL
38, 24, 2016-01-28, 2016-08-23
41, 5, 2018-12-31, 2020-04-13
185, 10, 2016-06-03, 2017-10-03
39, 7, 2021-03-30, 2021-08-15
176, 15, 2018-12-11, 2020-01-18
150, 9, 2022-02-26, 2022-03-15
48, 8, 2017-02-06, 2018-02-23
145, 12, 2015-01-09, 2016-01-08
106, 3, 2016-11-09, 2017-08-29
14, 12, 2015-01-25, 2016-06-07
184, 6, 2020-04-21, 2021-03-04
169, 4, 2018-10-17, 2018-11-03
171, 19, 2018-07-26, NULL
5, 12, 2018-11-11, 2019-11-20
171, 12, 2022-03-05, 2023-02-19
49, 18, 2020-09-02, 2021-05-03
100, 25, 2017-02-28, 2017-06-03
181, 4, 2019-08-24, 2020-01-09
19, 21, 2017-06-14, 2018-04-25
171, 6, 2019-02-12, 2019-08-15
188, 6, 2019-04-21, NULL
110, 12, 2018-01-09, 2018-07-16
92, 7, 2016-08-25, 2017-03-28
107, 24, 2022-11-02, 2024-02-02
60, 20, 2018-02-21, 2018-02-27
171, 10, 2019-05-30, 2019-09-16
189, 10, 2019-05-26, 2020-02-15
148, 20, 2020-04-21, 2020-05-18
182, 9, 2016-02-06, 2017-04-17
43, 15, 2021-08-03, 2021-08-04
184, 23, 2019-02-12, 2019-04-11
176, 16, 2022-01-11, 2022-03-13
71, 18, 2021-08-23, 2022-01-22
17, 24, 2016-12-10, 2017-08-26
138, 30, 2020-02-05, 2020-07-19
156, 11, 2020-09-19, 2021-02-04
172, 13, 2019-11-11, 2020-01-28
97, 4, 2016-06-03, 2017-07-24
33, 1, 2023-04-29, 2024-05-10
22, 5, 2021-12-28, 2022-12-31
11, 8, 2020-08-09, 2021-04-27
184, 12, 2019-11-11, 2020-02-29
145, 15, 2021-11-10, 2021-12-18
174, 22, 2017-06-24, 2018-07-25
91, 20, 2022-03-06, 2022-12-16
36, 18, 2021-03-08, 2021-11-04
33, 9, 2022-10-17, 2022-11-12
119, 18, 2015-04-04, 2016-04-01
87, 27, 2020-03-16, 2021-07-24
148, 17, 2021-12-27, 2023-03-06
169, 27, 2018-04-22, NULL
3, 23, 2015-08-30, 2016-04-20
190, 13, 2016-03-23, 2017-04-20
31, 20, 2015-10-30, NULL
98, 28, 2020-01-06, 2021-04-01
55, 26, 2016-09-11, 2017-07-31
139, 12, 2018-06-24, 2018-10-28
20, 8, 2016-06-27, 2017-03-17
3, 16, 2023-04-11, 2024-04-20
198, 27, 2018-10-22, 2019-04-07
5, 2, 2022-10-23, 2023-07-09
17, 1, 2016-05-27, NULL
110, 1, 2023-03-01, 2023-10-21
68, 8, 2017-12-13, 2019-03-24
128, 30, 2022-02-17, 2022-07-10
156, 24, 2020-09-28, 2020-12-19
109, 5, 2022-06-08, 2022-08-21
22, 21, 2017-11-12, 2018-06-09
13, 7, 2019-08-01, 2019-09-02
139, 25, 2020-02-20, 2020-08-12
123, 17, 2023-02-12, 2024-04-22
172, 2, 2020-10-23, 2021-08-25
108, 26, 2022-01-11, 2022-03-15
167, 10, 2022-03-27, 2022-06-11
5, 11, 2019-07-16, 2019-08-03
38, 12, 2016-01-06, 2016-10-02
152, 2, 2021-08-18, 2022-02-26
40, 23, 2018-12-03, 2019-08-27
164, 18, 2015-04-22, NULL
78, 17, 2020-02-04, 2020-11-13
44, 30, 2016-10-20, 2017-04-20
192, 9, 2022-10-17, 2023-07-14
54, 9, 2022-02-15, 2022-04-15
37, 19, 2020-09-26, 2021-12-07
29, 14, 2016-07-14, 2017-04-23
180, 3, 2018-11-20, 2020-04-02
165, 27, 2018-10-13, 2019-11-17
107, 13, 2022-08-18, 2023-09-25
50, 29, 2021-07-15, 2021-07-20
48, 29, 2015-05-13, 2016-08-13
33, 16, 2020-05-05, 2020-07-22
163, 7, 2022-04-11, NULL
48, 22, 2021-07-20, 2021-12-25
178, 23, 2015-09-09, NULL
58, 20, 2021-08-05, 2022-10-19
101, 29, 2023-03-21, 2023-12-11
156, 22, 2021-01-28, 2021-07-11
11, 11, 2022-07-21, 2022-09-13
184, 2, 2017-10-23, NULL
120, 17, 2022-12-26, 2024-01-27
15, 20, 2021-06-09, 2022-01-02
100, 8, 2015-12-07, 2016-06-02
1, 6, 2022-06-01, 2023-08-21
185, 9, 2017-06-24, NULL
72, 26, 2018-09-07, 2019-12-20
65, 27, 2016-02-20, 2016-10-27
85, 6, 2021-06-30, 2021-08-15
78, 25, 2015-07-20, 2015-11-15
159, 29, 2020-02-14, 2021-03-16
112, 26, 2020-05-02, 2020-11-02
141, 20, 2022-12-28, 2023-02-11
179, 28, 2018-10-09, NULL
179, 1, 2018-07-19, 2019-09-07
27, 8, 2020-08-03, 2021-06-13
188, 21, 2019-10-17, 2021-02-03
11, 7, 2018-03-26, 2018-09-28
4, 6, 2018-02-21, 2019-03-15
25, 19, 2015-12-22, 2017-04-18
110, 21, 2019-06-02, 2020-08-09
65, 15, 2020-06-10, NULL
18, 17, 2019-11-24, 2021-03-25
98, 23, 2021-11-19, 2022-08-08
34, 13, 2019-07-18, 2019-11-03
91, 19, 2019-01-26, 2019-05-09
90, 20, 2016-07-18, NULL
49, 21, 2016-08-22, 2017-02-19
182, 15, 2021-12-23, NULL
99, 23, 2023-02-14, 2024-01-30
131, 15, 2022-07-13, 2023-07-15
47, 3, 2018-10-29, 2018-12-23
198, 18, 2023-02-23, 2023-06-25
46, 27, 2023-05-10, 2023-06-30
117, 5, 2019-08-19, 2020-12-08
140, 18, 2023-01-15, 2023-06-01
12, 30, 2019-10-09, 2020-10-25
198, 29, 2022-08-31, 2022-10-27
127, 21, 2018-02-14, 2018-03-23
70, 17, 2022-06-05, 2022-06-24
185, 12, 2020-01-10, 2020-12-29
23, 26, 2021-02-26, 2022-02-13
24, 22, 2023-04-21, 2024-02-03
175, 27, 2018-06-18, NULL
94, 2, 2016-05-29, 2017-06-21
81, 22, 2017-03-13, 2017-09-27
173, 9, 2015-07-29, 2016-08-15
149, 13, 2015-10-17, 2016-08-23
12, 21, 2022-07-26, 2022-09-12
1, 28, 2019-08-06, 2019-10-17
119, 6, 2021-02-23, 2021-11-30
188, 3, 2022-07-13, 2023-01-16
60, 9, 2020-11-27, 2021-04-29
199, 6, 2017-04-22, 2017-05-01
152, 23, 2016-10-14, 2017-04-08
79, 20, 2023-03-26, 2023-04-06
36, 25, 2015-03-25, 2015-05-23
28, 16, 2020-01-30, 2020-08-09
179, 12, 2020-03-14, 2020-06-06
141, 16, 2019-11-27, 2021-02-07
49, 15, 2018-11-15, 2019-09-23
70, 15, 2021-03-03, 2022-04-04
192, 22, 2021-10-04, 2022-01-22
99, 12, 2021-05-30, 2022-09-08
116, 3, 2018-01-28, 2018-09-01
196, 15, 2019-03-16, 2019-10-13
59, 18, 2019-02-22, NULL
18, 26, 2019-02-21, 2019-04-04
195, 8, 2016-11-01, 2017-02-08
24, 10, 2017-10-09, 2018-03-18
83, 5, 2017-07-09, 2017-08-15
140, 25, 2020-05-16, NULL
115, 9, 2018-06-13, 2018-11-02
190, 1, 2018-07-08, 2019-03-16
189, 2, 2018-08-22, NULL
198, 29, 2017-09-25, 2017-10-23
177, 25, 2016-12-06, 2017-10-16
82, 28, 2017-05-13, 2017-07-26
71, 20, 2019-07-02, NULL
32, 5, 2017-12-09, 2018-11-24
89, 30, 2022-11-01, 2023-08-09
53, 16, 2015-01-03, 2016-04-23
24, 15, 2015-12-10, 2016-03-30
86, 7, 2017-05-04, 2018-01-16
101, 7, 2016-03-18, NULL
157, 8, 2018-01-06, 2018-03-23
134, 28, 2017-09-12, 2018-06-08
175, 25, 2016-04-26, 2017-03-23
71, 23, 2015-10-29, 2016-07-02
85, 17, 2015-11-29, 2017-02-14
87, 16, 2020-06-06, 2021-08-28
112, 27, 2018-05-15, 2019-08-14
94, 16, 2018-11-24, 2019-05-17
57, 3, 2021-11-21, NULL
74, 3, 2015-02-22, 2016-05-26
21, 17, 2016-05-28, NULL
58, 7, 2015-07-21, 2016-02-28
46, 30, 2016-10-10, 2017-08-14
71, 29, 2021-02-19, 2022-02-02
160, 25, 2017-07-20, 2017-11-20
164, 26, 2020-04-09, 2020-08-30
179, 20, 2019-06-28, 2020-05-15
33, 27, 2017-07-08, 2018-11-02
127, 19, 2016-11-20, 2016-12-01
170, 30, 2020-11-21, 2022-03-31
128, 17, 2022-07-01, 2023-01-04
57, 8, 2017-04-23, 2018-02-16
152, 20, 2023-01-03, 2023-08-24
53, 10, 2017-07-14, 2018-01-27
196, 16, 2020-01-27, 2020-12-02
125, 16, 2020-07-11, 2021-03-04
37, 19, 2017-09-09, 2018-12-20
15, 13, 2020-11-21, 2021-10-01
64, 12, 2015-08-22, 2016-01-26
186, 23, 2022-01-07, 2022-11-21
18, 1, 2015-10-15, 2017-01-03
69, 7, 2017-03-19, 2017-11-09
106, 27, 2022-07-06, 2022-10-01
17, 6, 2019-09-30, 2019-12-23
6, 24, 2020-10-04, NULL
73, 12, 2017-09-15, 2018-11-08
88, 29, 2019-02-20, 2020-06-28
164, 1, 2022-07-10, 2023-08-28
162, 26, 2021-01-04, NULL
67, 7, 2018-12-01, 2019-05-09
122, 21, 2015-03-04, 2015-03-17
38, 9, 2019-05-03, 2019-10-14
146, 14, 2016-04-23, 2017-04-29
73, 16, 2020-01-20, 2021-03-16
86, 5, 2019-02-06, 2019-05-25
48, 1, 2021-12-20, NULL
64, 18, 2019-07-24, 2020-09-14
135, 17, 2020-12-09, 2021-01-23
19, 12, 2017-04-24, 2017-11-14
182, 7, 2017-01-16, 2017-03-24
161, 16, 2023-01-04, NULL
92, 1, 2022-08-14, 2022-09-04
155, 4, 2021-07-23, 2022-12-05
12, 28, 2017-03-22, 2018-04-11
61, 23, 2019-04-16, 2020-04-14
77, 6, 2015-09-16, 2015-10-01
1, 16, 2017-03-08, 2018-07-07
80, 3, 2016-08-11, 2016-09-13
167, 18, 2019-04-21, 2019-06-12
97, 4, 2016-03-18, 2017-06-17
83, 24, 2023-05-28, 2024-09-09
5, 24, 2022-02-09, 2022-03-14
130, 20, 2019-04-17, 2020-04-27
180, 24, 2023-04-22, 2023-06-02
191, 23, 2020-08-02, 2021-04-10
93, 13, 2022-01-27, 2022-07-19
35, 24, 2018-07-27, 2018-09-29
90, 1, 2022-03-11, 2022-05-06
144, 28, 2018-04-02, 2019-02-04
154, 8, 2015-03-15, 2015-12-04
24, 24, 2015-05-07, 2016-06-25
178, 11, 2018-12-07, 2019-06-30
71, 4, 2018-08-31, 2019-12-02
145, 13, 2018-09-06, 2019-06-08
113, 5, 2019-01-29, 2019-11-08
160, 17, 2018-11-02, 2019-08-24
166, 12, 2021-08-27, 2022-06-25
166, 15, 2018-03-24, 2019-04-27
82, 26, 2017-04-18, 2017-11-20
75, 22, 2019-07-28, 2020-11-26
170, 19, 2022-02-06, 2023-06-21
127, 12, 2021-05-16, 2021-12-14
42, 1, 2019-12-15, 2020-06-26
97, 15, 2017-11-25, 2018-01-29
173, 30, 2021-07-18, 2022-11-20
153, 14, 2021-02-21, 2021-12-06
158, 15, 2019-05-30, 2020-10-07
64, 14, 2021-10-24, 2022-07-17
182, 3, 2015-02-04, 2015-08-08
86, 28, 2017-12-04, 2017-12-27
144, 20, 2018-01-31, 2018-08-08
88, 15, 2023-04-26, NULL
83, 23, 2019-12-08, 2021-04-14
195, 28, 2020-02-25, 2020-11-04
101, 16, 2020-04-12, 2020-07-28
86, 30, 2019-08-09, 2020-09-23
76, 30, 2017-12-25, 2018-04-02
153, 4, 2020-04-03, 2020-08-13
110, 30, 2018-07-10, 2018-11-09
193, 5, 2023-05-15, 2023-05-25
126, 1, 2021-10-06, 2022-06-25
147, 30, 2017-10-02, 2017-10-07
158, 5, 2018-07-14, 2019-03-22
108, 17, 2023-04-08, 2023-11-23
121, 26, 2017-09-05, 2017-10-27
77, 30, 2019-06-23, 2020-05-01
136, 29, 2016-08-15, 2016-12-22
137, 8, 2020-06-10, 2020-11-21
44, 8, 2020-08-04, 2020-08-27
51, 18, 2022-12-01, 2023-08-23
135, 22, 2022-08-19, 2023-10-04
134, 14, 2020-11-27, 2021-10-21
33, 1, 2021-04-13, 2021-08-06
189, 15, 2020-09-28, 2021-08-24
147, 5, 2022-06-21, 2022-10-22
129, 28, 2015-01-06, 2015-07-27
148, 24, 2020-03-25, 2021-05-30
91, 20, 2016-07-21, 2016-12-24
121, 29, 2023-03-17, 2023-07-02
95, 15, 2022-12-24, 2023-09-03
57, 7, 2021-08-16, 2022-01-16
115, 28, 2015-12-07, 2016-01-09
31, 26, 2023-01-09, 2023-11-01
140, 4, 2018-05-19, 2019-02-02
113, 4, 2022-02-26, 2023-02-07
94, 9, 2019-04-29, 2019-05-28
162, 30, 2016-11-02, 2017-05-27
166, 24, 2018-09-13, 2019-05-14
198, 1, 2020-07-27, 2021-12-02
81, 17, 2021-04-26, 2022-02-04
138, 11, 2018-07-04, 2019-02-13
121, 7, 2022-05-05, 2023-01-29
70, 14, 2021-06-25, 2022-07-25
132, 24, 2017-04-14, 2017-06-09
177, 6, 2020-08-01, 2021-03-11
84, 16, 2018-02-22, 2018-08-23
179, 21, 2019-12-14, 2020-10-21
196, 30, 2020-04-04, 2020-07-22
26, 6, 2019-11-05, 2020-06-23
56, 6, 2022-07-19, 2023-01-08
86, 20, 2021-04-11, 2022-04-26
170, 14, 2016-08-18, NULL
56, 1, 2016-05-24, 2017-04-27
171, 3, 2022-02-25, 2023-02-13
149, 13, 2021-07-06, 2022-06-27
163, 15, 2022-12-20, 2024-02-01
8, 23, 2022-06-21, 2023-09-18
117, 16, 2018-05-17, 2018-11-12
170, 8, 2017-11-13, 2018-08-17
61, 23, 2017-11-29, 2018-01-24
5, 5, 2019-03-16, 2020-06-10
87, 5, 2018-06-24, 2019-07-14
94, 3, 2016-02-10, 2016-11-06
100, 10, 2016-09-23, 2017-02-18
116, 27, 2017-07-29, 2018-11-06
122, 4, 2015-09-20, NULL
6, 6, 2019-07-20, 2020-10-31
79, 15, 2021-06-30, 2022-07-16
15, 8, 2015-04-12, 2016-05-20
144, 22, 2022-04-17, 2022-08-08
96, 19, 2021-08-10, 2022-05-08
123, 16, 2018-05-05, 2018-09-10
27, 17, 2023-01-29, 2023-05-25
42, 10, 2020-08-17, 2021-05-15
170, 10, 2021-01-01, 2021-09-30
98, 24, 2018-11-25, 2020-03-02
49, 21, 2019-07-08, 2020-10-23
49, 15, 2022-09-07, 2023-09-06
69, 17, 2020-04-13, 2020-05-14
100, 15, 2015-07-25, 2016-02-11
73, 2, 2018-02-20, 2018-03-20
33, 18, 2016-03-08, 2016-06-27
169, 2, 2016-12-03, 2016-12-28
144, 14, 2018-03-07, 2018-07-29
121, 21, 2019-03-13, 2019-10-25
32, 18, 2021-12-16, 2022-04-27
189, 30, 2015-07-07, 2016-10-22
131, 29, 2015-04-10, 2016-05-16
171, 2, 2015-03-23, 2016-05-17
133, 16, 2016-07-30, 2016-10-01
83, 3, 2020-02-28, 2020-07-27
43, 6, 2020-10-17, 2021-05-03
192, 23, 2015-08-03, NULL
143, 6, 2022-01-03, 2022-05-27
181, 18, 2019-02-13, NULL
125, 20, 2018-06-24, 2019-03-19
23, 15, 2021-04-13, 2022-01-23
58, 11, 2022-11-09, 2023-08-08
1, 7, 2021-04-18, 2022-05-21
81, 21, 2019-06-24, 2019-08-17
53, 19, 2021-08-05, 2022-10-24
117, 3, 2017-06-16, 2018-02-11
149, 29, 2019-04-19, 2019-07-21
90, 24, 2018-01-20, 2018-03-21
67, 18, 2016-01-26, 2017-01-24
113, 25, 2015-07-27, 2016-08-21
31, 8, 2021-08-16, 2022-03-12
142, 2, 2020-02-16, 2020-06-21
50, 16, 2015-07-05, 2016-01-06
185, 4, 2015-04-14, 2015-06-07
82, 2, 2015-06-27, 2016-04-26
23, 3, 2015-09-22, 2016-12-31
27, 29, 2021-10-09, 2021-11-09
120, 7, 2021-11-15, NULL
108, 23, 2022-02-23, 2022-06-29
99, 2, 2016-11-27, 2017-07-27
72, 1, 2020-09-06, 2022-01-05
182, 15, 2022-12-09, 2023-09-30
134, 17, 2018-02-04, 2018-09-20
71, 8, 2019-09-17, 2020-02-11
152, 22, 2021-08-23, 2022-01-20
135, 14, 2019-07-05, 2019-07-21
51, 27, 2017-06-01, 2017-06-22
193, 27, 2017-07-24, 2018-01-16
187, 13, 2020-08-25, 2021-09-17
32, 6, 2019-05-14, 2020-09-11
7, 25, 2017-01-20, 2017-11-17
149, 21, 2021-07-18, 2022-11-04
60, 16, 2023-03-20, 2024-05-13
147, 18, 2018-08-28, 2019-03-23
19, 29, 2022-01-10, NULL
12, 4, 2019-05-08, 2020-04-29
136, 15, 2022-05-18, 2023-06-28
128, 20, 2020-01-10, 2020-11-17
60, 9, 2018-04-25, 2018-08-05
104, 10, 2017-04-15, 2017-05-01
177, 27, 2023-01-18, 2023-01-30
110, 20, 2018-06-07, 2018-10-31
178, 21, 2017-09-06, NULL
112, 24, 2021-11-14, 2023-03-01
82, 29, 2022-05-14, 2022-12-30
52, 15, 2021-09-17, 2022-09-28
10, 1, 2015-04-15, 2015-10-10
42, 29, 2015-06-06, 2016-09-03
102, 28, 2015-10-14, 2016-07-14
74, 22, 2017-12-02, 2019-01-11
3, 9, 2019-11-08, NULL
188, 8, 2019-04-07, 2020-08-15
81, 5, 2018-04-06, 2018-10-03
29, 28, 2015-07-29, 2016-01-30
143, 30, 2019-03-16, 2020-02-23
94, 18, 2020-10-14, 2021-09-17
184, 16, 2018-05-07, NULL
44, 2, 2020-09-16, 2021-04-27
108, 10, 2023-02-12, 2023-09-03
16, 23, 2017-08-02, 2017-09-04
118, 14, 2022-05-29, 2023-05-11
41, 7, 2018-12-16, 2020-03-09
43, 27, 2017-04-14, 2018-07-16
190, 12, 2019-09-29, 2020-07-26
33, 24, 2016-07-10, 2016-07-16
127, 6, 2017-02-02, 2017-09-04
133, 11, 2021-01-28, 2021-04-25
60, 20, 2019-06-03, 2020-09-28
115, 6, 2015-05-15, 2015-07-11
186, 19, 2015-10-22, 2016-04-10
112, 22, 2016-11-09, NULL
165, 8, 2016-08-17, 2017-03-18
108, 4, 2019-07-31, 2019-11-15
184, 24, 2022-01-13, 2022-05-23
170, 10, 2020-12-22, 2022-01-14
119, 9, 2020-06-26, 2021-01-15
40, 3, 2021-05-26, 2022-07-23
133, 27, 2015-01-04, 2015-10-03
35, 17, 2021-08-11, 2022-10-12
43, 22, 2020-11-24, 2021-08-22
53, 12, 2018-04-28, 2019-04-19
195, 5, 2022-10-15, 2024-02-01
166, 26, 2016-02-09, 2016-05-28
196, 8, 2018-02-15, 2019-02-15
98, 21, 2015-06-28, 2016-07-02
36, 20, 2017-09-06, NULL
63, 26, 2022-12-27, 2023-04-13
37, 2, 2015-08-17, 2016-01-21
145, 8, 2017-08-23, 2018-06-12
165, 14, 2015-11-27, 2016-11-19
29, 21, 2015-05-07, 2015-05-29
13, 4, 2015-01-27, 2016-05-23
148, 3, 2019-01-11, 2019-09-18
112, 15, 2020-03-17, 2020-09-21
145, 26, 2020-08-10, 2021-12-03
35, 18, 2018-04-20, 2018-11-14
22, 20, 2023-04-22, 2024-06-29
173, 4, 2021-06-23, 2021-09-03
48, 29, 2020-01-27, 2021-04-26
136, 10, 2016-07-11, 2017-07-25
136, 8, 2018-11-02, 2019-01-11
55, 19, 2018-07-29, 2019-11-17
153, 9, 2018-02-06, 2018-03-18
68, 21, 2020-05-09, 2020-05-31
121, 1, 2020-10-20, 2021-02-06
24, 10, 2020-04-27, 2021-07-13
65, 24, 2018-11-22, 2019-09-17
41, 17, 2018-02-12, 2018-06-20
4, 25, 2017-01-27, 2018-01-01
154, 30, 2015-04-09, 2015-10-04
154, 6, 2019-04-24, 2020-05-03
45, 9, 2022-07-23, 2023-11-28
159, 4, 2023-01-14, 2023-08-07
105, 21, 2015-06-27, 2016-04-25
61, 21, 2020-12-05, 2021-08-29
64, 3, 2016-06-26, 2016-08-11
60, 26, 2018-05-27, 2019-04-12
170, 7, 2016-02-18, 2016-12-11
5, 24, 2022-05-12, NULL
108, 25, 2015-03-24, 2016-03-26
15, 1, 2022-02-13, 2023-02-09
106, 13, 2015-08-12, 2016-12-01
118, 17, 2016-03-19, 2016-04-15
31, 22, 2018-02-22, NULL
90, 20, 2016-09-19, 2017-01-19
104, 18, 2016-02-16, 2016-04-13
89, 13, 2017-07-07, 2018-10-20
120, 21, 2017-09-20, 2018-06-29
137, 2, 2019-12-13, 2020-01-24
113, 9, 2023-05-01, NULL
139, 21, 2015-06-09, 2016-02-12
187, 27, 2018-05-06, 2019-03-12
52, 7, 2022-10-25, 2023-06-29
184, 2, 2020-01-07, 2020-08-03
80, 28, 2019-05-25, 2019-06-14
16, 1, 2019-01-13, 2020-04-10
